"PR"	"URL"	"Title"	"Content type"	"Is rendered page"	"HTTP status code"	"Organic traffic"	"Referenced in sitemaps"	"No. of href inlinks"	"No. of redirect inlinks"	"No. of canonical inlinks"	"No. of hreflang inlinks"	"No. of pagination inlinks"	"No. of CSS inlinks"	"No. of IMG inlinks"	"No. of JS inlinks"
"20"	"https://www.amadolibros.com/libro/MLU622877434/el-don-de-la-terapia-yalom-irvin"	"El Don de la Terapia Yalom, Irvin | Amado Libros"	"text/html;charset=utf-8"	"false"	"200"	"0"	"https://www.amadolibros.com/sitemap-books-active.xml"	"0"	"0"	"0"	"0"	"0"	"0"	"0"	"0"
"20"	"https://www.amadolibros.com/libro/MLU630285363/turlututu-sorpresa-soy-yo-herve-tullet"	"Turlututú: Sorpresa, Soy Yo! - Hervé Tullet | Amado Libros"	"text/html;charset=utf-8"	"false"	"200"	"0"	"https://www.amadolibros.com/sitemap-books-active.xml"	"0"	"0"	"0"	"0"	"0"	"0"	"0"	"0"
"20"	"https://www.amadolibros.com/libro/MLU619823096/libro-l-enfant-terrible-bernard-aucouturier"	"Libro - L''enfant Terrible - Bernard Aucouturier | Amado Libros"	"text/html;charset=utf-8"	"false"	"200"	"0"	"https://www.amadolibros.com/sitemap-books-active.xml"	"0"	"0"	"0"	"0"	"0"	"0"	"0"	"0"
"20"	"https://www.amadolibros.com/libro/MLU628149827/dislexia-y-dificultades-de-aprendizaje-carmen-fusca"	"Dislexia Y Dificultades De Aprendizaje - Carmen Fusca | Amado Libros"	"text/html;charset=utf-8"	"false"	"200"	"0"	"https://www.amadolibros.com/sitemap-books-active.xml"	"0"	"0"	"0"	"0"	"0"	"0"	"0"	"0"
"20"	"https://www.amadolibros.com/libro/MLU633453146/la-patria-posible-omar-lopez-mato"	"La Patria Posible, Omar Lopez Mato | Amado Libros"	"text/html;charset=utf-8"	"false"	"200"	"0"	"https://www.amadolibros.com/sitemap-books-active.xml"	"0"	"0"	"0"	"0"	"0"	"0"	"0"	"0"
"20"	"https://www.amadolibros.com/libro/MLU628756959/curso-de-equitacion-galopes-niveles-1-al-4"	"Curso de Equitación. Galopes. Niveles 1 al 4 | Amado Libros"	"text/html;charset=utf-8"	"false"	"200"	"0"	"https://www.amadolibros.com/sitemap-books-active.xml"	"0"	"0"	"0"	"0"	"0"	"0"	"0"	"0"
"20"	"https://www.amadolibros.com/libro/MLU623535341/la-biblia-de-los-ninos-estuche-ilustrada-piet-worm"	"La Biblia de los Niños Estuche Ilustrada Piet Worm | Amado Libros"	"text/html;charset=utf-8"	"false"	"200"	"0"	"https://www.amadolibros.com/sitemap-books-active.xml"	"0"	"0"	"0"	"0"	"0"	"0"	"0"	"0"
"20"	"https://www.amadolibros.com/libro/MLU630528285/discapacidad-en-la-infancia-fransolini-gruss-y-rosemberg"	"Discapacidad en la Infancia - Fransolini, Gruss y… | Amado Libros"	"text/html;charset=utf-8"	"false"	"200"	"0"	"https://www.amadolibros.com/sitemap-books-active.xml"	"0"	"0"	"0"	"0"	"0"	"0"	"0"	"0"
"20"	"https://www.amadolibros.com/libro/MLU636910642/ninos-y-adolescentes-dificiles-fiorenza-nardone-terapia"	"Niños y Adolescentes Difíciles Fiorenza Nardone Terapia | Amado Libros"	"text/html;charset=utf-8"	"false"	"200"	"0"	"https://www.amadolibros.com/sitemap-books-active.xml"	"0"	"0"	"0"	"0"	"0"	"0"	"0"	"0"
"20"	"https://www.amadolibros.com/libro/MLU627583831/curate-a-ti-mismo-de-edward-bach"	"Curate A Ti Mismo De Edward Bach | Amado Libros"	"text/html;charset=utf-8"	"false"	"200"	"0"	"https://www.amadolibros.com/sitemap-books-active.xml"	"0"	"0"	"0"	"0"	"0"	"0"	"0"	"0"
"20"	"https://www.amadolibros.com/libro/MLU624889257/a-cabalgar-nuevo-metodo-de-iniciacion-para-jinetes-debuta"	"A Cabalgar!. Nuevo Metodo de Iniciación para Jinetes… | Amado Libros"	"text/html;charset=utf-8"	"false"	"200"	"0"	"https://www.amadolibros.com/sitemap-books-active.xml"	"0"	"0"	"0"	"0"	"0"	"0"	"0"	"0"
"20"	"https://www.amadolibros.com/libro/MLU636005074/del-plata-al-niagara-groussac-paul"	"Del Plata Al Niagara - Groussac, Paul | Amado Libros"	"text/html;charset=utf-8"	"false"	"200"	"0"	"https://www.amadolibros.com/sitemap-books-active.xml"	"0"	"0"	"0"	"0"	"0"	"0"	"0"	"0"
"20"	"https://www.amadolibros.com/libro/MLU631116868/que-puede-salir-mal-hiperactina"	"¿qué Puede Salir Mal? - Hiperactina | Amado Libros"	"text/html;charset=utf-8"	"false"	"200"	"0"	"https://www.amadolibros.com/sitemap-books-active.xml"	"0"	"0"	"0"	"0"	"0"	"0"	"0"	"0"
"20"	"https://www.amadolibros.com/libro/MLU637195400/montessori-en-casa-petit-nathalie"	"Montessori en Casa, Petit Nathalie | Amado Libros"	"text/html;charset=utf-8"	"false"	"200"	"0"	"https://www.amadolibros.com/sitemap-books-active.xml"	"0"	"0"	"0"	"0"	"0"	"0"	"0"	"0"
"20"	"https://www.amadolibros.com/libro/MLU625813791/legalidad-y-legitimidad-schmitt-carl"	"Legalidad y Legitimidad - Schmitt, Carl | Amado Libros"	"text/html;charset=utf-8"	"false"	"200"	"0"	"https://www.amadolibros.com/sitemap-books-active.xml"	"0"	"0"	"0"	"0"	"0"	"0"	"0"	"0"
"20"	"https://www.amadolibros.com/libro/MLU630114766/la-secta-camilla-lackberg-henrik-fexeus"	"La Secta Camilla Lackberg, Henrik Fexeus | Amado Libros"	"text/html;charset=utf-8"	"false"	"200"	"0"	"https://www.amadolibros.com/sitemap-books-active.xml"	"0"	"0"	"0"	"0"	"0"	"0"	"0"	"0"
"20"	"https://www.amadolibros.com/libro/MLU627727807/del-cuerpo-al-espiritu-d-ovidio-rogelio-dr"	"Del Cuerpo al Espiritu - D'ovidio Rogelio Dr | Amado Libros"	"text/html;charset=utf-8"	"false"	"200"	"0"	"https://www.amadolibros.com/sitemap-books-active.xml"	"0"	"0"	"0"	"0"	"0"	"0"	"0"	"0"
"20"	"https://www.amadolibros.com/libro/MLU626437323/jack-el-destripador-el-mito-equivocado"	"Jack el Destripador. el Mito Equivocado | Amado Libros"	"text/html;charset=utf-8"	"false"	"200"	"0"	"https://www.amadolibros.com/sitemap-books-active.xml"	"0"	"0"	"0"	"0"	"0"	"0"	"0"	"0"
"20"	"https://www.amadolibros.com/libro/MLU625166448/imaginar-un-pais-espana-en-2050"	"Imaginar Un País. España En 2050 | Amado Libros"	"text/html;charset=utf-8"	"false"	"200"	"0"	"https://www.amadolibros.com/sitemap-books-active.xml"	"0"	"0"	"0"	"0"	"0"	"0"	"0"	"0"
"20"	"https://www.amadolibros.com/libro/MLU619139873/libro-apuesta-por-ti-betting-on-yourself-walter-dresel"	"Libro - Apuesta por Ti / Betting On Yourself - Walter… | Amado Libros"	"text/html;charset=utf-8"	"false"	"200"	"0"	"https://www.amadolibros.com/sitemap-books-active.xml"	"0"	"0"	"0"	"0"	"0"	"0"	"0"	"0"
"20"	"https://www.amadolibros.com/libro/MLU634314472/tres-oleadas-de-voluntarios-para-la-nueva-tierra"	"Tres Oleadas de Voluntarios para la Nueva Tierra | Amado Libros"	"text/html;charset=utf-8"	"false"	"200"	"0"	"https://www.amadolibros.com/sitemap-books-active.xml"	"0"	"0"	"0"	"0"	"0"	"0"	"0"	"0"
"20"	"https://www.amadolibros.com/libro/MLU611759544/libro-como-ensenar-a-aprender-f-chamorro-c-rogovsky"	"Libro - Cómo Enseñar a Aprender - F. Chamorro / C.… | Amado Libros"	"text/html;charset=utf-8"	"false"	"200"	"0"	"https://www.amadolibros.com/sitemap-books-active.xml"	"0"	"0"	"0"	"0"	"0"	"0"	"0"	"0"
"20"	"https://www.amadolibros.com/libro/MLU640506730/comprension-con-pictogramas-el-centro-comercial"	"Comprensión con Pictogramas: el Centro Comercial | Amado Libros"	"text/html;charset=utf-8"	"false"	"200"	"0"	"https://www.amadolibros.com/sitemap-books-active.xml"	"0"	"0"	"0"	"0"	"0"	"0"	"0"	"0"
"20"	"https://www.amadolibros.com/libro/MLU632820572/hidraulica-y-maquinas-hidraulicas-10ma-edicion-con-150"	"Hidraulica y Maquinas Hidraulicas (10ma. Edicion) con… | Amado Libros"	"text/html;charset=utf-8"	"false"	"200"	"0"	"https://www.amadolibros.com/sitemap-books-active.xml"	"0"	"0"	"0"	"0"	"0"	"0"	"0"	"0"
"20"	"https://www.amadolibros.com/libro/MLU616794191/libro-obedecere-a-dios-krakauer-jon"	"Libro - Obedeceré a Dios - Krakauer, Jon | Amado Libros"	"text/html;charset=utf-8"	"false"	"200"	"0"	"https://www.amadolibros.com/sitemap-books-active.xml"	"0"	"0"	"0"	"0"	"0"	"0"	"0"	"0"
"20"	"https://www.amadolibros.com/libro/MLU621980178/riendas-largas-caballo-caballos-equitacion"	"Riendas Largas Caballo Caballos Equitación | Amado Libros"	"text/html;charset=utf-8"	"false"	"200"	"0"	"https://www.amadolibros.com/sitemap-books-active.xml"	"0"	"0"	"0"	"0"	"0"	"0"	"0"	"0"
"20"	"https://www.amadolibros.com/libro/MLU636005026/programa-lee-comprensivamente-paidos"	"Programa Lee Comprensivamente - Paidós | Amado Libros"	"text/html;charset=utf-8"	"false"	"200"	"0"	"https://www.amadolibros.com/sitemap-books-active.xml"	"0"	"0"	"0"	"0"	"0"	"0"	"0"	"0"
"20"	"https://www.amadolibros.com/libro/MLU634440646/trading-en-el-forex-raghee-horner"	"Trading en el Forex - Raghee Horner | Amado Libros"	"text/html;charset=utf-8"	"false"	"200"	"0"	"https://www.amadolibros.com/sitemap-books-active.xml"	"0"	"0"	"0"	"0"	"0"	"0"	"0"	"0"
"20"	"https://www.amadolibros.com/libro/MLU621915871/carreras-de-resistencia-caballos-caballo-equitacion"	"Carreras de Resistencia. Caballos Caballo Equitación | Amado Libros"	"text/html;charset=utf-8"	"false"	"200"	"0"	"https://www.amadolibros.com/sitemap-books-active.xml"	"0"	"0"	"0"	"0"	"0"	"0"	"0"	"0"
"20"	"https://www.amadolibros.com/libro/MLU643545690/el-milagro-antiestres-dr-carlos-jaramillo"	"El Milagro Antiestrés, Dr. Carlos Jaramillo | Amado Libros"	"text/html;charset=utf-8"	"false"	"200"	"0"	"https://www.amadolibros.com/sitemap-books-active.xml"	"0"	"0"	"0"	"0"	"0"	"0"	"0"	"0"
"20"	"https://www.amadolibros.com/libro/MLU610554670/libro-beyond-b1-workbook"	"Libro Beyond B1 Workbook | Amado Libros"	"text/html;charset=utf-8"	"false"	"200"	"0"	"https://www.amadolibros.com/sitemap-books-active.xml"	"0"	"0"	"0"	"0"	"0"	"0"	"0"	"0"
"20"	"https://www.amadolibros.com/libro/MLU636030596/como-explicarte-el-mundo-cris-aberasturi-andres"	"Como Explicarte El Mundo Cris - Aberasturi,andres | Amado Libros"	"text/html;charset=utf-8"	"false"	"200"	"0"	"https://www.amadolibros.com/sitemap-books-active.xml"	"0"	"0"	"0"	"0"	"0"	"0"	"0"	"0"
"20"	"https://www.amadolibros.com/libro/MLU625795835/autismos-madres-terapeutas-desafios-valdez-libro-paidos"	"Autismos Madres Terapeutas Desafios - Valdez - Libro Paidos | Amado Libros"	"text/html;charset=utf-8"	"false"	"200"	"0"	"https://www.amadolibros.com/sitemap-books-active.xml"	"0"	"0"	"0"	"0"	"0"	"0"	"0"	"0"
"20"	"https://www.amadolibros.com/libro/MLU625745211/cartas-72-angeles-las-christiane-muller-kaya"	"Cartas 72 Angeles, las - Christiane Muller, Kaya | Amado Libros"	"text/html;charset=utf-8"	"false"	"200"	"0"	"https://www.amadolibros.com/sitemap-books-active.xml"	"0"	"0"	"0"	"0"	"0"	"0"	"0"	"0"
"20"	"https://www.amadolibros.com/libro/MLU617210212/libro-mapa-del-alma-persona-nuestras-muchas-caras"	"Libro - Mapa del Alma Persona - Nuestras Muchas Caras | Amado Libros"	"text/html;charset=utf-8"	"false"	"200"	"0"	"https://www.amadolibros.com/sitemap-books-active.xml"	"0"	"0"	"0"	"0"	"0"	"0"	"0"	"0"
"20"	"https://www.amadolibros.com/libro/MLU625745327/economia-humanista-sampedro-jose-luis"	"Economía Humanista - Sampedro, José Luis | Amado Libros"	"text/html;charset=utf-8"	"false"	"200"	"0"	"https://www.amadolibros.com/sitemap-books-active.xml"	"0"	"0"	"0"	"0"	"0"	"0"	"0"	"0"
"20"	"https://www.amadolibros.com/libro/MLU612601681/libro-de-familias-psicosis-e-internacion-monica-fundin"	"Libro - De Familias, Psicosis E Internación - Monica… | Amado Libros"	"text/html;charset=utf-8"	"false"	"200"	"0"	"https://www.amadolibros.com/sitemap-books-active.xml"	"0"	"0"	"0"	"0"	"0"	"0"	"0"	"0"
"20"	"https://www.amadolibros.com/libro/MLU644193002/diagnostico-operatorio-en-adolescentes-y-adultos"	"Diagnostico Operatorio en Adolescentes y Adultos | Amado Libros"	"text/html;charset=utf-8"	"false"	"200"	"0"	"https://www.amadolibros.com/sitemap-books-active.xml"	"0"	"0"	"0"	"0"	"0"	"0"	"0"	"0"
"20"	"https://www.amadolibros.com/libro/MLU628859796/todos-somos-estrellas-meera-lee-patel"	"Todos Somos Estrellas. Meera Lee Patel | Amado Libros"	"text/html;charset=utf-8"	"false"	"200"	"0"	"https://www.amadolibros.com/sitemap-books-active.xml"	"0"	"0"	"0"	"0"	"0"	"0"	"0"	"0"
"20"	"https://www.amadolibros.com/libro/MLU636157094/todo-messi-jordi-punti"	"Todo Messi - Jordi Punti | Amado Libros"	"text/html;charset=utf-8"	"false"	"200"	"0"	"https://www.amadolibros.com/sitemap-books-active.xml"	"0"	"0"	"0"	"0"	"0"	"0"	"0"	"0"
"20"	"https://www.amadolibros.com/libro/MLU623126429/de-la-mejor-manera-de-ejercitar-el-poder-sobre-las-mujeres"	"De la Mejor Manera de Ejercitar el Poder sobre las… | Amado Libros"	"text/html;charset=utf-8"	"false"	"200"	"0"	"https://www.amadolibros.com/sitemap-books-active.xml"	"0"	"0"	"0"	"0"	"0"	"0"	"0"	"0"
"20"	"https://www.amadolibros.com/libro/MLU643320908/laberintos-esi-inclusion-vexina-sexual"	"Laberintos Esi Inclusión Vexina Sexual | Amado Libros"	"text/html;charset=utf-8"	"false"	"200"	"0"	"https://www.amadolibros.com/sitemap-books-active.xml"	"0"	"0"	"0"	"0"	"0"	"0"	"0"	"0"
"20"	"https://www.amadolibros.com/libro/MLU627903238/los-anormales-de-michel-foucault"	"Los Anormales de Michel Foucault | Amado Libros"	"text/html;charset=utf-8"	"false"	"200"	"0"	"https://www.amadolibros.com/sitemap-books-active.xml"	"0"	"0"	"0"	"0"	"0"	"0"	"0"	"0"
"20"	"https://www.amadolibros.com/libro/MLU602047228/libro-intervenciones-en-la-clinica-psicoanalitica-con-nino"	"Libro - Intervenciones en la Clínica Psicoanalítica… | Amado Libros"	"text/html;charset=utf-8"	"false"	"200"	"0"	"https://www.amadolibros.com/sitemap-books-active.xml"	"0"	"0"	"0"	"0"	"0"	"0"	"0"	"0"
"20"	"https://www.amadolibros.com/libro/MLU625822973/cannabis-consciente-vergara-karina"	"Cannabis Consciente - Vergara,karina | Amado Libros"	"text/html;charset=utf-8"	"false"	"200"	"0"	"https://www.amadolibros.com/sitemap-books-active.xml"	"0"	"0"	"0"	"0"	"0"	"0"	"0"	"0"
"20"	"https://www.amadolibros.com/libro/MLU631052468/donde-hay-amor-esta-dios-las-ensenanzas-teresa-de-calcuta"	"Donde Hay Amor Esta Dios las Enseñanzas Teresa de… | Amado Libros"	"text/html;charset=utf-8"	"false"	"200"	"0"	"https://www.amadolibros.com/sitemap-books-active.xml"	"0"	"0"	"0"	"0"	"0"	"0"	"0"	"0"
"20"	"https://www.amadolibros.com/libro/MLU640549270/mundo-escuela-equidad-inclusion"	"Mundo Escuela Equidad Inclusión | Amado Libros"	"text/html;charset=utf-8"	"false"	"200"	"0"	"https://www.amadolibros.com/sitemap-books-active.xml"	"0"	"0"	"0"	"0"	"0"	"0"	"0"	"0"
"20"	"https://www.amadolibros.com/libro/MLU617229758/libro-finales-de-ajedrez-miguiel-illescas-cordoba"	"Libro - Finales de Ajedrez - Miguiel Illescas Cordoba | Amado Libros"	"text/html;charset=utf-8"	"false"	"200"	"0"	"https://www.amadolibros.com/sitemap-books-active.xml"	"0"	"0"	"0"	"0"	"0"	"0"	"0"	"0"
"20"	"https://www.amadolibros.com/libro/MLU619062660/libro-sobre-tu-cadaver-dan-wells"	"Libro - sobre Tu Cadaver - Dan Wells | Amado Libros"	"text/html;charset=utf-8"	"false"	"200"	"0"	"https://www.amadolibros.com/sitemap-books-active.xml"	"0"	"0"	"0"	"0"	"0"	"0"	"0"	"0"
"20"	"https://www.amadolibros.com/libro/MLU618503077/summa-141-vivienda-colectiva-y-espacio-publico"	"Summa + 141: Vivienda Colectiva Y Espacio Público | Amado Libros"	"text/html;charset=utf-8"	"false"	"200"	"0"	"https://www.amadolibros.com/sitemap-books-active.xml"	"0"	"0"	"0"	"0"	"0"	"0"	"0"	"0"
"20"	"https://www.amadolibros.com/libro/MLU614583373/libro-la-argentina-devorada-jose-luis-espert"	"Libro - la Argentina Devorada - Jose Luis Espert | Amado Libros"	"text/html;charset=utf-8"	"false"	"200"	"0"	"https://www.amadolibros.com/sitemap-books-active.xml"	"0"	"0"	"0"	"0"	"0"	"0"	"0"	"0"
"20"	"https://www.amadolibros.com/libro/MLU636910806/nacimientos-bajo-control-el-parto-en-las-edades-moderna"	"Nacimientos Bajo Control: el Parto en las Edades… | Amado Libros"	"text/html;charset=utf-8"	"false"	"200"	"0"	"https://www.amadolibros.com/sitemap-books-active.xml"	"0"	"0"	"0"	"0"	"0"	"0"	"0"	"0"
"20"	"https://www.amadolibros.com/libro/MLU639558952/manual-para-tocar-guitarra-ernie-jackson"	"Manual para Tocar Guitarra, Ernie Jackson | Amado Libros"	"text/html;charset=utf-8"	"false"	"200"	"0"	"https://www.amadolibros.com/sitemap-books-active.xml"	"0"	"0"	"0"	"0"	"0"	"0"	"0"	"0"
"20"	"https://www.amadolibros.com/libro/MLU627597117/el-deportista-perfecto-miguel-simon"	"El Deportista Perfecto - Miguel Simon | Amado Libros"	"text/html;charset=utf-8"	"false"	"200"	"0"	"https://www.amadolibros.com/sitemap-books-active.xml"	"0"	"0"	"0"	"0"	"0"	"0"	"0"	"0"
"20"	"https://www.amadolibros.com/libro/MLU629964153/humanizar-la-soledad-de-consuelo-santamaria"	"Humanizar la Soledad de Consuelo Santamaría | Amado Libros"	"text/html;charset=utf-8"	"false"	"200"	"0"	"https://www.amadolibros.com/sitemap-books-active.xml"	"0"	"0"	"0"	"0"	"0"	"0"	"0"	"0"
"20"	"https://www.amadolibros.com/libro/MLU609571751/autismos-cintia-fritz-daniel-valdez"	"#autismos - Cintia Fritz | Daniel Valdez | Amado Libros"	"text/html;charset=utf-8"	"false"	"200"	"0"	"https://www.amadolibros.com/sitemap-books-active.xml"	"0"	"0"	"0"	"0"	"0"	"0"	"0"	"0"
"20"	"https://www.amadolibros.com/libro/MLU478189961/mi-hijo-padece-trastornos-del-desarrollo"	"Mi Hijo Padece Trastornos del Desarrollo | Amado Libros"	"text/html;charset=utf-8"	"false"	"200"	"0"	"https://www.amadolibros.com/sitemap-books-active.xml"	"0"	"0"	"0"	"0"	"0"	"0"	"0"	"0"
"20"	"https://www.amadolibros.com/libro/MLU631831198/shrimad-bhagavad-guita-dialogos-con-lo-eterno"	"Shrimad Bhagavad Guita Dialogos con Lo Eterno | Amado Libros"	"text/html;charset=utf-8"	"false"	"200"	"0"	"https://www.amadolibros.com/sitemap-books-active.xml"	"0"	"0"	"0"	"0"	"0"	"0"	"0"	"0"
"20"	"https://www.amadolibros.com/libro/MLU612575623/libro-1914-ensayo-luciano-canfora"	"Libro | 1914 (ensayo) - Luciano Canfora | Amado Libros"	"text/html;charset=utf-8"	"false"	"200"	"0"	"https://www.amadolibros.com/sitemap-books-active.xml"	"0"	"0"	"0"	"0"	"0"	"0"	"0"	"0"
"20"	"https://www.amadolibros.com/libro/MLU614578502/cartas-el-oraculo-de-pegaso-alana-fairchild"	"Cartas - el Oráculo de Pegaso - Alana Fairchild | Amado Libros"	"text/html;charset=utf-8"	"false"	"200"	"0"	"https://www.amadolibros.com/sitemap-books-active.xml"	"0"	"0"	"0"	"0"	"0"	"0"	"0"	"0"
"20"	"https://www.amadolibros.com/libro/MLU623280680/las-senoritas-maestras-eeuu-sarmiento"	"Las Señoritas Maestras Eeuu Sarmiento | Amado Libros"	"text/html;charset=utf-8"	"false"	"200"	"0"	"https://www.amadolibros.com/sitemap-books-active.xml"	"0"	"0"	"0"	"0"	"0"	"0"	"0"	"0"
"20"	"https://www.amadolibros.com/libro/MLU644610362/cuadrados-magicos-grandes-clasicos"	"Cuadrados Magicos Grandes Clasicos | Amado Libros"	"text/html;charset=utf-8"	"false"	"200"	"0"	"https://www.amadolibros.com/sitemap-books-active.xml"	"0"	"0"	"0"	"0"	"0"	"0"	"0"	"0"
"20"	"https://www.amadolibros.com/libro/MLU627929542/la-biblia-catolica-para-jovenes-tapa-dura-verbo-divino-2022"	"La Biblia Católica para Jóvenes | Amado Libros"	"text/html;charset=utf-8"	"false"	"200"	"0"	"https://www.amadolibros.com/sitemap-books-active.xml"	"0"	"0"	"0"	"0"	"0"	"0"	"0"	"0"
"20"	"https://www.amadolibros.com/libro/MLU613629795/cats-inspirational-oracle-cards-cartas-barbara-moore"	"Cats Inspirational Oracle Cards Cartas - Barbara Moore | Amado Libros"	"text/html;charset=utf-8"	"false"	"200"	"0"	"https://www.amadolibros.com/sitemap-books-active.xml"	"0"	"0"	"0"	"0"	"0"	"0"	"0"	"0"
"20"	"https://www.amadolibros.com/libro/MLU622819023/los-beneficios-de-la-meditacion-daniel-goleman"	"Los Beneficios de la Meditación Daniel Goleman | Amado Libros"	"text/html;charset=utf-8"	"false"	"200"	"0"	"https://www.amadolibros.com/sitemap-books-active.xml"	"0"	"0"	"0"	"0"	"0"	"0"	"0"	"0"
"20"	"https://www.amadolibros.com/libro/MLU630365992/ejercicios-que-restauran-la-funcion-vocal-2ed-farias"	"Ejercicios Que Restauran la Función Vocal 2ed Farias | Amado Libros"	"text/html;charset=utf-8"	"false"	"200"	"0"	"https://www.amadolibros.com/sitemap-books-active.xml"	"0"	"0"	"0"	"0"	"0"	"0"	"0"	"0"
"20"	"https://www.amadolibros.com/libro/MLU641514762/didactica-de-la-musica-en-la-educacion-secundaria"	"Didáctica de la Música en la Educación Secundaria | Amado Libros"	"text/html;charset=utf-8"	"false"	"200"	"0"	"https://www.amadolibros.com/sitemap-books-active.xml"	"0"	"0"	"0"	"0"	"0"	"0"	"0"	"0"
"20"	"https://www.amadolibros.com/libro/MLU627864882/la-ultima-invitacion-clifford-goldstein-adventista"	"La Última Invitación - Clifford Goldstein Adventista | Amado Libros"	"text/html;charset=utf-8"	"false"	"200"	"0"	"https://www.amadolibros.com/sitemap-books-active.xml"	"0"	"0"	"0"	"0"	"0"	"0"	"0"	"0"
"20"	"https://www.amadolibros.com/libro/MLU611327222/libro-la-potencia-grupal-osvaldo-saidon"	"Libro - la Potencia Grupal - Osvaldo Saidón | Amado Libros"	"text/html;charset=utf-8"	"false"	"200"	"0"	"https://www.amadolibros.com/sitemap-books-active.xml"	"0"	"0"	"0"	"0"	"0"	"0"	"0"	"0"
"20"	"https://www.amadolibros.com/libro/MLU623358155/los-cuatro-altares-rio-alonso-ayahuasca"	"Los Cuatro Altares Rio Alonso Ayahuasca | Amado Libros"	"text/html;charset=utf-8"	"false"	"200"	"0"	"https://www.amadolibros.com/sitemap-books-active.xml"	"0"	"0"	"0"	"0"	"0"	"0"	"0"	"0"
"20"	"https://www.amadolibros.com/libro/MLU605348073/mentalidad-mamba-kobe-king-wesley-bryant"	"Mentalidad Mamba - Kobe/ King Wesley Bryant | Amado Libros"	"text/html;charset=utf-8"	"false"	"200"	"0"	"https://www.amadolibros.com/sitemap-books-active.xml"	"0"	"0"	"0"	"0"	"0"	"0"	"0"	"0"
"20"	"https://www.amadolibros.com/libro/MLU609584508/libro-maria-montessori-rita-kramer-pedagogia-l-ecuyer"	"Libro María Montessori - Rita Kramer Pedagogia L'ecuyer | Amado Libros"	"text/html;charset=utf-8"	"false"	"200"	"0"	"https://www.amadolibros.com/sitemap-books-active.xml"	"0"	"0"	"0"	"0"	"0"	"0"	"0"	"0"
"20"	"https://www.amadolibros.com/libro/MLU609584757/talleres-montessori-en-la-escuela-missant-beatrice"	"Talleres Montessori en la Escuela - Missant, Beatrice | Amado Libros"	"text/html;charset=utf-8"	"false"	"200"	"0"	"https://www.amadolibros.com/sitemap-books-active.xml"	"0"	"0"	"0"	"0"	"0"	"0"	"0"	"0"
"20"	"https://www.amadolibros.com/libro/MLU628098263/weir-atlas-de-anatomia-humana-por-tecnicas-de-imagen-de-weir"	"Weir. Atlas De Anatomía Humana Por Técnicas De Imagen, De Weir. Editorial Elsevier, Tapa Blanda, Edición 6 En Español, 2021 | Amado Libros"	"text/html;charset=utf-8"	"false"	"200"	"0"	"https://www.amadolibros.com/sitemap-books-active.xml"	"0"	"0"	"0"	"0"	"0"	"0"	"0"	"0"
"20"	"https://www.amadolibros.com/libro/MLU624287745/liderar-la-transformacion-educativa-peire-sciarrotta"	"Liderar la Transformacion Educativa - Peire Sciarrotta | Amado Libros"	"text/html;charset=utf-8"	"false"	"200"	"0"	"https://www.amadolibros.com/sitemap-books-active.xml"	"0"	"0"	"0"	"0"	"0"	"0"	"0"	"0"
"20"	"https://www.amadolibros.com/libro/MLU618911462/gran-viaje-familias-extraordinarias-susanna-isern"	"Gran Viaje Familias Extraordinarias Susanna Isern | Amado Libros"	"text/html;charset=utf-8"	"false"	"200"	"0"	"https://www.amadolibros.com/sitemap-books-active.xml"	"0"	"0"	"0"	"0"	"0"	"0"	"0"	"0"
"20"	"https://www.amadolibros.com/libro/MLU603448696/ser-director-1-escenarios-e-instituciones-educativas"	"Ser Director 1 Escenarios e Instituciones Educativas | Amado Libros"	"text/html;charset=utf-8"	"false"	"200"	"0"	"https://www.amadolibros.com/sitemap-books-active.xml"	"0"	"0"	"0"	"0"	"0"	"0"	"0"	"0"
"20"	"https://www.amadolibros.com/libro/MLU614839348/libro-marvel-excelsior-venomizado-cullen-bunn-coello"	"Libro - Marvel Excelsior Venomizado - Cullen Bunn - Coello | Amado Libros"	"text/html;charset=utf-8"	"false"	"200"	"0"	"https://www.amadolibros.com/sitemap-books-active.xml"	"0"	"0"	"0"	"0"	"0"	"0"	"0"	"0"
"20"	"https://www.amadolibros.com/libro/MLU600647726/libro-mi-escuela-sabe-a-naranja-diez-navarro-maria-del-ca"	"Libro Mi Escuela Sabe a Naranja - Diez Navarro, Maria… | Amado Libros"	"text/html;charset=utf-8"	"false"	"200"	"0"	"https://www.amadolibros.com/sitemap-books-active.xml"	"0"	"0"	"0"	"0"	"0"	"0"	"0"	"0"
"20"	"https://www.amadolibros.com/libro/MLU629345061/la-metamorfosis-de-una-madre-criar-en-una-sociedad"	"La Metamorfosis de una Madre Criar en una Sociedad | Amado Libros"	"text/html;charset=utf-8"	"false"	"200"	"0"	"https://www.amadolibros.com/sitemap-books-active.xml"	"0"	"0"	"0"	"0"	"0"	"0"	"0"	"0"
"20"	"https://www.amadolibros.com/libro/MLU603208482/caballo-de-troya-9-cana-j-j-benitez"	"Caballo de Troya 9 Cana - J J Benitez | Amado Libros"	"text/html;charset=utf-8"	"false"	"200"	"0"	"https://www.amadolibros.com/sitemap-books-active.xml"	"0"	"0"	"0"	"0"	"0"	"0"	"0"	"0"
"20"	"https://www.amadolibros.com/libro/MLU613385631/libro-comienzos-de-analisis-comienzos-del-analista"	"Libro - Comienzos de Análisis / Comienzos del Analista | Amado Libros"	"text/html;charset=utf-8"	"false"	"200"	"0"	"https://www.amadolibros.com/sitemap-books-active.xml"	"0"	"0"	"0"	"0"	"0"	"0"	"0"	"0"
"20"	"https://www.amadolibros.com/libro/MLU603021123/libro-lado-subjetivo-de-la-gestion-nueva-carrera-docente"	"Libro Lado Subjetivo de la Gestion Nueva Carrera… | Amado Libros"	"text/html;charset=utf-8"	"false"	"200"	"0"	"https://www.amadolibros.com/sitemap-books-active.xml"	"0"	"0"	"0"	"0"	"0"	"0"	"0"	"0"
"20"	"https://www.amadolibros.com/libro/MLU636153704/libro-la-revolucion-blockchain"	"Libro la Revolución Blockchain | Amado Libros"	"text/html;charset=utf-8"	"false"	"200"	"0"	"https://www.amadolibros.com/sitemap-books-active.xml"	"0"	"0"	"0"	"0"	"0"	"0"	"0"	"0"
"20"	"https://www.amadolibros.com/libro/MLU629502251/el-camino-del-arquero-coelho-paulo-niemann-christo"	"El Camino del Arquero. Coelho, Paulo/niemann, Christo | Amado Libros"	"text/html;charset=utf-8"	"false"	"200"	"0"	"https://www.amadolibros.com/sitemap-books-active.xml"	"0"	"0"	"0"	"0"	"0"	"0"	"0"	"0"
"20"	"https://www.amadolibros.com/libro/MLU618431484/libro-participacion-social-para-que-menendez-eduardo-l"	"Libro - Participacion Social para Que - Menendez… | Amado Libros"	"text/html;charset=utf-8"	"false"	"200"	"0"	"https://www.amadolibros.com/sitemap-books-active.xml"	"0"	"0"	"0"	"0"	"0"	"0"	"0"	"0"
"20"	"https://www.amadolibros.com/libro/MLU636144756/programa-para-leerte-mejor-libro-de-actividades"	"Programa Para Leerte Mejor - Libro De Actividades | Amado Libros"	"text/html;charset=utf-8"	"false"	"200"	"0"	"https://www.amadolibros.com/sitemap-books-active.xml"	"0"	"0"	"0"	"0"	"0"	"0"	"0"	"0"
"20"	"https://www.amadolibros.com/libro/MLU612094603/libro-las-adicciones-en-la-epoca-levato-mabel"	"Libro - las Adicciones en la Época - Levato Mabel | Amado Libros"	"text/html;charset=utf-8"	"false"	"200"	"0"	"https://www.amadolibros.com/sitemap-books-active.xml"	"0"	"0"	"0"	"0"	"0"	"0"	"0"	"0"
"20"	"https://www.amadolibros.com/libro/MLU625529295/las-5-trampas-del-amor-inaki-pinuel"	"Las 5 Trampas del Amor - Iñaki Piñuel | Amado Libros"	"text/html;charset=utf-8"	"false"	"200"	"0"	"https://www.amadolibros.com/sitemap-books-active.xml"	"0"	"0"	"0"	"0"	"0"	"0"	"0"	"0"
"20"	"https://www.amadolibros.com/libro/MLU628044464/pedagogia-del-cuidado-alvarez-fernando-palazzolo-celina"	"Pedagogia Del Cuidado - Alvarez, Fernando Palazzolo, Celina | Amado Libros"	"text/html;charset=utf-8"	"false"	"200"	"0"	"https://www.amadolibros.com/sitemap-books-active.xml"	"0"	"0"	"0"	"0"	"0"	"0"	"0"	"0"
"20"	"https://www.amadolibros.com/libro/MLU625373406/chibi-el-arte-japones-para-dibujar-personajes-adorables"	"Chibi - el Arte Japones para Dibujar Personajes… | Amado Libros"	"text/html;charset=utf-8"	"false"	"200"	"0"	"https://www.amadolibros.com/sitemap-books-active.xml"	"0"	"0"	"0"	"0"	"0"	"0"	"0"	"0"
"20"	"https://www.amadolibros.com/libro/MLU623547466/enciende-la-llama-de-pablo-aragone"	"Enciende la Llama de Pablo Aragone | Amado Libros"	"text/html;charset=utf-8"	"false"	"200"	"0"	"https://www.amadolibros.com/sitemap-books-active.xml"	"0"	"0"	"0"	"0"	"0"	"0"	"0"	"0"
"20"	"https://www.amadolibros.com/libro/MLU625816496/el-aprendiz-de-doma-espanola-francisco-jose-duarte-casilda"	"El Aprendiz de Doma Española- Francisco Jose Duarte… | Amado Libros"	"text/html;charset=utf-8"	"false"	"200"	"0"	"https://www.amadolibros.com/sitemap-books-active.xml"	"0"	"0"	"0"	"0"	"0"	"0"	"0"	"0"
"20"	"https://www.amadolibros.com/libro/MLU605736920/orillas-poesias-de-cinwololo-sudestada"	"Orillas - Poesías de Cinwololo - Sudestada | Amado Libros"	"text/html;charset=utf-8"	"false"	"200"	"0"	"https://www.amadolibros.com/sitemap-books-active.xml"	"0"	"0"	"0"	"0"	"0"	"0"	"0"	"0"
"20"	"https://www.amadolibros.com/libro/MLU626604410/project-1-workbook-4-ed-cd-y-online-practice"	"Project 1 Workbook 4 Ed Cd Y Online Practice | Amado Libros"	"text/html;charset=utf-8"	"false"	"200"	"0"	"https://www.amadolibros.com/sitemap-books-active.xml"	"0"	"0"	"0"	"0"	"0"	"0"	"0"	"0"
"20"	"https://www.amadolibros.com/libro/MLU612067843/cartas-tarot-cats-ana-juan"	"Cartas Tarot Cats - Ana Juan | Amado Libros"	"text/html;charset=utf-8"	"false"	"200"	"0"	"https://www.amadolibros.com/sitemap-books-active.xml"	"0"	"0"	"0"	"0"	"0"	"0"	"0"	"0"
"20"	"https://www.amadolibros.com/libro/MLU625770455/un-extrano-a-la-orilla-del-mar-kanna-kii"	"Un Extraño a la Orilla del Mar - Kanna Kii | Amado Libros"	"text/html;charset=utf-8"	"false"	"200"	"0"	"https://www.amadolibros.com/sitemap-books-active.xml"	"0"	"0"	"0"	"0"	"0"	"0"	"0"	"0"
"20"	"https://www.amadolibros.com/libro/MLU640666876/construir-matematica-cardenas-horacio"	"Construir Matemática - Cárdenas, Horacio | Amado Libros"	"text/html;charset=utf-8"	"false"	"200"	"0"	"https://www.amadolibros.com/sitemap-books-active.xml"	"0"	"0"	"0"	"0"	"0"	"0"	"0"	"0"
"20"	"https://www.amadolibros.com/libro/MLU610980536/biblia-letra-gigante-lenguaje-actual-con-deuterocanonico"	"Biblia Letra Gigante Lenguaje Actual con… | Amado Libros"	"text/html;charset=utf-8"	"false"	"200"	"0"	"https://www.amadolibros.com/sitemap-books-active.xml"	"0"	"0"	"0"	"0"	"0"	"0"	"0"	"0"
"20"	"https://www.amadolibros.com/libro/MLU627206582/captando-genomas-margulis-sagan-outlet-con-detalles"	"Captando Genomas Margulis, Sagan (outlet, con Detalles) | Amado Libros"	"text/html;charset=utf-8"	"false"	"200"	"0"	"https://www.amadolibros.com/sitemap-books-active.xml"	"0"	"0"	"0"	"0"	"0"	"0"	"0"	"0"
"20"	"https://www.amadolibros.com/libro/MLU603898143/promesas-incumplidas-de-la-inclusion-las-untoiglich"	"Promesas Incumplidas de la Inclusion las Untoiglich | Amado Libros"	"text/html;charset=utf-8"	"false"	"200"	"0"	"https://www.amadolibros.com/sitemap-books-active.xml"	"0"	"0"	"0"	"0"	"0"	"0"	"0"	"0"
"20"	"https://www.amadolibros.com/libro/MLU628031189/sabiduria-de-chuang-tse-textos-fundamentales-del-taoismo-el"	"Sabiduria De Chuang Tse Textos Fundamentales Del Taoismo (el | Amado Libros"	"text/html;charset=utf-8"	"false"	"200"	"0"	"https://www.amadolibros.com/sitemap-books-active.xml"	"0"	"0"	"0"	"0"	"0"	"0"	"0"	"0"
"20"	"https://www.amadolibros.com/libro/MLU615191287/libro-test-bender-guestaltico-visomotor-completo-bender"	"Libro - Test Bender Guestaltico Visomotor Completo -… | Amado Libros"	"text/html;charset=utf-8"	"false"	"200"	"0"	"https://www.amadolibros.com/sitemap-books-active.xml"	"0"	"0"	"0"	"0"	"0"	"0"	"0"	"0"
"20"	"https://www.amadolibros.com/libro/MLU629439283/mi-viaje-sin-ti-lo-que-queriamos-ser-y-no-fuimos"	"Mi Viaje sin Ti: Lo Que Queríamos Ser y No Fuimos | Amado Libros"	"text/html;charset=utf-8"	"false"	"200"	"0"	"https://www.amadolibros.com/sitemap-books-active.xml"	"0"	"0"	"0"	"0"	"0"	"0"	"0"	"0"
"20"	"https://www.amadolibros.com/libro/MLU630074158/inteligencia-atrapada-alicia-fernandez"	"Inteligencia Atrapada, Alicia Fernández | Amado Libros"	"text/html;charset=utf-8"	"false"	"200"	"0"	"https://www.amadolibros.com/sitemap-books-active.xml"	"0"	"0"	"0"	"0"	"0"	"0"	"0"	"0"
"20"	"https://www.amadolibros.com/libro/MLU627541223/english-code-2-ame-student-s-book-online-practice"	"English Code 2 (ame) - Student´s Book + Online Practice | Amado Libros"	"text/html;charset=utf-8"	"false"	"200"	"0"	"https://www.amadolibros.com/sitemap-books-active.xml"	"0"	"0"	"0"	"0"	"0"	"0"	"0"	"0"
"20"	"https://www.amadolibros.com/libro/MLU638119808/galanes-inmaduros-lutereau-luciano"	"Galanes Inmaduros - Lutereau Luciano | Amado Libros"	"text/html;charset=utf-8"	"false"	"200"	"0"	"https://www.amadolibros.com/sitemap-books-active.xml"	"0"	"0"	"0"	"0"	"0"	"0"	"0"	"0"
"20"	"https://www.amadolibros.com/libro/MLU621850957/gemoterapia-curacion-por-esencias-minerales"	"Gemoterapia Curacion por Esencias Minerales | Amado Libros"	"text/html;charset=utf-8"	"false"	"200"	"0"	"https://www.amadolibros.com/sitemap-books-active.xml"	"0"	"0"	"0"	"0"	"0"	"0"	"0"	"0"
"20"	"https://www.amadolibros.com/libro/MLU476024579/jugar-un-derecho-de-la-infancia"	"Jugar - un Derecho de la Infancia | Amado Libros"	"text/html;charset=utf-8"	"false"	"200"	"0"	"https://www.amadolibros.com/sitemap-books-active.xml"	"0"	"0"	"0"	"0"	"0"	"0"	"0"	"0"
"20"	"https://www.amadolibros.com/libro/MLU633155868/la-biblia-catolica-para-jovenes"	"La Biblia Católica para Jóvenes | Amado Libros"	"text/html;charset=utf-8"	"false"	"200"	"0"	"https://www.amadolibros.com/sitemap-books-active.xml"	"0"	"0"	"0"	"0"	"0"	"0"	"0"	"0"
"20"	"https://www.amadolibros.com/libro/MLU618939387/libro-locke-key-02-juegos-mentales-joe-hill"	"Libro - Locke & Key 02 Juegos Mentales - Joe Hill | Amado Libros"	"text/html;charset=utf-8"	"false"	"200"	"0"	"https://www.amadolibros.com/sitemap-books-active.xml"	"0"	"0"	"0"	"0"	"0"	"0"	"0"	"0"
"20"	"https://www.amadolibros.com/libro/MLU610820266/libro-duermete-lindo-claves-para-lograr-un-sueno-seguro"	"Libro Duérmete Lindo Claves para Lograr un Sueño Seguro | Amado Libros"	"text/html;charset=utf-8"	"false"	"200"	"0"	"https://www.amadolibros.com/sitemap-books-active.xml"	"0"	"0"	"0"	"0"	"0"	"0"	"0"	"0"
"20"	"https://www.amadolibros.com/libro/MLU634311642/marquez-mariposas-portenas-paisaje-y-biodiversidad-urbana"	"Márquez: Mariposas Porteñas - Paisaje y Biodiversidad… | Amado Libros"	"text/html;charset=utf-8"	"false"	"200"	"0"	"https://www.amadolibros.com/sitemap-books-active.xml"	"0"	"0"	"0"	"0"	"0"	"0"	"0"	"0"
"20"	"https://www.amadolibros.com/libro/MLU612107731/libro-un-cuerpo-inconveniente-pozzobon-franco"	"Libro - un Cuerpo Inconveniente - Pozzobon Franco | Amado Libros"	"text/html;charset=utf-8"	"false"	"200"	"0"	"https://www.amadolibros.com/sitemap-books-active.xml"	"0"	"0"	"0"	"0"	"0"	"0"	"0"	"0"
"20"	"https://www.amadolibros.com/libro/MLU623608679/viaje-transformacion-escuela-steinberg-secundaria"	"Viaje Transformacion Escuela - Steinberg Secundaria | Amado Libros"	"text/html;charset=utf-8"	"false"	"200"	"0"	"https://www.amadolibros.com/sitemap-books-active.xml"	"0"	"0"	"0"	"0"	"0"	"0"	"0"	"0"
"20"	"https://www.amadolibros.com/libro/MLU611950618/libro-manual-avanzado-de-tarot-francisco-benages"	"Libro - Manual Avanzado de Tarot - Francisco Benages | Amado Libros"	"text/html;charset=utf-8"	"false"	"200"	"0"	"https://www.amadolibros.com/sitemap-books-active.xml"	"0"	"0"	"0"	"0"	"0"	"0"	"0"	"0"
"20"	"https://www.amadolibros.com/libro/MLU611113903/familia-zero-pinuel-inaki"	"Familia Zero - Piñuel, Iñaki | Amado Libros"	"text/html;charset=utf-8"	"false"	"200"	"0"	"https://www.amadolibros.com/sitemap-books-active.xml"	"0"	"0"	"0"	"0"	"0"	"0"	"0"	"0"
"20"	"https://www.amadolibros.com/libro/MLU617132054/libro-comportamiento-organizacional-la-dinamica-del-exito"	"Libro - Comportamiento Organizacional la Dinamica del… | Amado Libros"	"text/html;charset=utf-8"	"false"	"200"	"0"	"https://www.amadolibros.com/sitemap-books-active.xml"	"0"	"0"	"0"	"0"	"0"	"0"	"0"	"0"
"20"	"https://www.amadolibros.com/libro/MLU621682748/libro-camarasutra-postureo-influencers-rrss"	"Libro - Camarasutra Postureo Influencers Rrss | Amado Libros"	"text/html;charset=utf-8"	"false"	"200"	"0"	"https://www.amadolibros.com/sitemap-books-active.xml"	"0"	"0"	"0"	"0"	"0"	"0"	"0"	"0"
"20"	"https://www.amadolibros.com/libro/MLU478316494/enriquecimiento-de-los-aprendizajes-matematicos-en-infantil"	"Enriquecimiento de los Aprendizajes Matemáticos en… | Amado Libros"	"text/html;charset=utf-8"	"false"	"200"	"0"	"https://www.amadolibros.com/sitemap-books-active.xml"	"0"	"0"	"0"	"0"	"0"	"0"	"0"	"0"
"20"	"https://www.amadolibros.com/libro/MLU622632782/introduccion-basica-al-cristianismo-alfredo-miralles-lozano"	"Introducción Básica al Cristianismo Alfredo Miralles… | Amado Libros"	"text/html;charset=utf-8"	"false"	"200"	"0"	"https://www.amadolibros.com/sitemap-books-active.xml"	"0"	"0"	"0"	"0"	"0"	"0"	"0"	"0"
"20"	"https://www.amadolibros.com/libro/MLU621850765/avances-y-realidades-de-la-educacion-matematica-bernard"	"Avances y Realidades de la Educación Matemática -… | Amado Libros"	"text/html;charset=utf-8"	"false"	"200"	"0"	"https://www.amadolibros.com/sitemap-books-active.xml"	"0"	"0"	"0"	"0"	"0"	"0"	"0"	"0"
"20"	"https://www.amadolibros.com/libro/MLU629510509/casa-de-javier-primeros-lectores-torre-de-papel-naranja"	"Casa de Javier [primeros Lectores] | Amado Libros"	"text/html;charset=utf-8"	"false"	"200"	"0"	"https://www.amadolibros.com/sitemap-books-active.xml"	"0"	"0"	"0"	"0"	"0"	"0"	"0"	"0"
"20"	"https://www.amadolibros.com/libro/MLU611204109/libro-crochet-in-out-mills-molla"	"Libro - Crochet In & Out - Mills, Molla | Amado Libros"	"text/html;charset=utf-8"	"false"	"200"	"0"	"https://www.amadolibros.com/sitemap-books-active.xml"	"0"	"0"	"0"	"0"	"0"	"0"	"0"	"0"
"20"	"https://www.amadolibros.com/libro/MLU613253924/libro-manifiesto-contra-el-amor-romantico-carla-castelo"	"Libro - Manifiesto contra el Amor Romántico - Carla… | Amado Libros"	"text/html;charset=utf-8"	"false"	"200"	"0"	"https://www.amadolibros.com/sitemap-books-active.xml"	"0"	"0"	"0"	"0"	"0"	"0"	"0"	"0"
"20"	"https://www.amadolibros.com/libro/MLU611957306/libro-liderar-en-una-cultura-de-cambio-alicia-fuentes"	"Libro - Liderar en una Cultura de Cambio - Alicia… | Amado Libros"	"text/html;charset=utf-8"	"false"	"200"	"0"	"https://www.amadolibros.com/sitemap-books-active.xml"	"0"	"0"	"0"	"0"	"0"	"0"	"0"	"0"
"20"	"https://www.amadolibros.com/libro/MLU628031200/coordinando-grupos-jasiner-graciela"	"Coordinando Grupos Jasiner Graciela | Amado Libros"	"text/html;charset=utf-8"	"false"	"200"	"0"	"https://www.amadolibros.com/sitemap-books-active.xml"	"0"	"0"	"0"	"0"	"0"	"0"	"0"	"0"
"20"	"https://www.amadolibros.com/libro/MLU618509277/libro-el-tao-del-yiquan-jan-diepersloot"	"Libro - el Tao del Yiquan - Jan Diepersloot | Amado Libros"	"text/html;charset=utf-8"	"false"	"200"	"0"	"https://www.amadolibros.com/sitemap-books-active.xml"	"0"	"0"	"0"	"0"	"0"	"0"	"0"	"0"
"20"	"https://www.amadolibros.com/libro/MLU625022650/curso-de-equitacion-galopes-niveles-1-al-4"	"Curso de Equitación. Galopes. Niveles 1 al 4 | Amado Libros"	"text/html;charset=utf-8"	"false"	"200"	"0"	"https://www.amadolibros.com/sitemap-books-active.xml"	"0"	"0"	"0"	"0"	"0"	"0"	"0"	"0"
"20"	"https://www.amadolibros.com/libro/MLU626011547/tourn-sembradoras-generalidades-y-desempeno"	"Tourn: Sembradoras. Generalidades y Desempeño | Amado Libros"	"text/html;charset=utf-8"	"false"	"200"	"0"	"https://www.amadolibros.com/sitemap-books-active.xml"	"0"	"0"	"0"	"0"	"0"	"0"	"0"	"0"
"20"	"https://www.amadolibros.com/libro/MLU644816850/el-ambiente-en-el-jardin-maternal-candia-y-urcola-inicial"	"El Ambiente en el Jardin Maternal Candia y Urcola… | Amado Libros"	"text/html;charset=utf-8"	"false"	"200"	"0"	"https://www.amadolibros.com/sitemap-books-active.xml"	"0"	"0"	"0"	"0"	"0"	"0"	"0"	"0"
"20"	"https://www.amadolibros.com/libro/MLU630796886/gold-experience-a2-2-ed-exam-practice"	"Gold Experience A2 (2/ed.) - Exam Practice | Amado Libros"	"text/html;charset=utf-8"	"false"	"200"	"0"	"https://www.amadolibros.com/sitemap-books-active.xml"	"0"	"0"	"0"	"0"	"0"	"0"	"0"	"0"
"20"	"https://www.amadolibros.com/libro/MLU636416616/papel-mache-coleccion-manos-artesanas-vv-aa-papel"	"Papel Mache (coleccion Manos Artesanas) - Vv.aa.… | Amado Libros"	"text/html;charset=utf-8"	"false"	"200"	"0"	"https://www.amadolibros.com/sitemap-books-active.xml"	"0"	"0"	"0"	"0"	"0"	"0"	"0"	"0"
"20"	"https://www.amadolibros.com/libro/MLU636030534/tarot-de-nefertitis-libro-cartas-td-lo-scarabeo"	"Tarot de Nefertitis (libro + Cartas) - Td, Lo Scarabeo | Amado Libros"	"text/html;charset=utf-8"	"false"	"200"	"0"	"https://www.amadolibros.com/sitemap-books-active.xml"	"0"	"0"	"0"	"0"	"0"	"0"	"0"	"0"
"20"	"https://www.amadolibros.com/libro/MLU605600770/tarot-vidente-de-luz-chris-anne-oraculo-mazo-light-seers"	"Tarot Vidente de Luz Chris Anne Oráculo Mazo Light… | Amado Libros"	"text/html;charset=utf-8"	"false"	"200"	"0"	"https://www.amadolibros.com/sitemap-books-active.xml"	"0"	"0"	"0"	"0"	"0"	"0"	"0"	"0"
"20"	"https://www.amadolibros.com/libro/MLU626310388/obras-completas-i-paz-octavio-casa-de-la-presencia-poes"	"Obras Completas I (paz Octavio) Casa de la Presencia… | Amado Libros"	"text/html;charset=utf-8"	"false"	"200"	"0"	"https://www.amadolibros.com/sitemap-books-active.xml"	"0"	"0"	"0"	"0"	"0"	"0"	"0"	"0"
"20"	"https://www.amadolibros.com/libro/MLU633665464/competencias-sociales-y-convivencia-monica-coronado-nuevo"	"Competencias Sociales y Convivencia - Mónica Coronado… | Amado Libros"	"text/html;charset=utf-8"	"false"	"200"	"0"	"https://www.amadolibros.com/sitemap-books-active.xml"	"0"	"0"	"0"	"0"	"0"	"0"	"0"	"0"
"20"	"https://www.amadolibros.com/libro/MLU640663250/oracle-of-mystical-moments-catrin-welz-stein"	"Oracle Of Mystical Moments - Catrin Welz-stein | Amado Libros"	"text/html;charset=utf-8"	"false"	"200"	"0"	"https://www.amadolibros.com/sitemap-books-active.xml"	"0"	"0"	"0"	"0"	"0"	"0"	"0"	"0"
"20"	"https://www.amadolibros.com/libro/MLU636069186/libro-infantil-dinosaurios-y-monstruos-prehistoricos"	"Libro Infantil Dinosaurios y Monstruos Prehistoricos | Amado Libros"	"text/html;charset=utf-8"	"false"	"200"	"0"	"https://www.amadolibros.com/sitemap-books-active.xml"	"0"	"0"	"0"	"0"	"0"	"0"	"0"	"0"
"20"	"https://www.amadolibros.com/libro/MLU628486908/artificial-intelligence-a-modern-approach-global-edition"	"Artificial Intelligence: a Modern Approach, Global… | Amado Libros"	"text/html;charset=utf-8"	"false"	"200"	"0"	"https://www.amadolibros.com/sitemap-books-active.xml"	"0"	"0"	"0"	"0"	"0"	"0"	"0"	"0"
"20"	"https://www.amadolibros.com/libro/MLU609625880/casa-organizada-vida-feliz-guia-practica"	"Casa Organizada Vida Feliz Guía Practica | Amado Libros"	"text/html;charset=utf-8"	"false"	"200"	"0"	"https://www.amadolibros.com/sitemap-books-active.xml"	"0"	"0"	"0"	"0"	"0"	"0"	"0"	"0"
"20"	"https://www.amadolibros.com/libro/MLU624970612/las-cuatro-caras-del-heroe-penarrubia-francisco"	"Las Cuatro Caras del Héroe - Peñarrubia, Francisco | Amado Libros"	"text/html;charset=utf-8"	"false"	"200"	"0"	"https://www.amadolibros.com/sitemap-books-active.xml"	"0"	"0"	"0"	"0"	"0"	"0"	"0"	"0"
"20"	"https://www.amadolibros.com/libro/MLU624889235/como-dividir-un-atomo-richardson-el-juego-de-la-ciencia"	"Como Dividir un Atomo - Richardson - el Juego de la… | Amado Libros"	"text/html;charset=utf-8"	"false"	"200"	"0"	"https://www.amadolibros.com/sitemap-books-active.xml"	"0"	"0"	"0"	"0"	"0"	"0"	"0"	"0"
"20"	"https://www.amadolibros.com/libro/MLU625783078/irrompible-cisco-garcia-superacion"	"Irrompible Cisco García Superación | Amado Libros"	"text/html;charset=utf-8"	"false"	"200"	"0"	"https://www.amadolibros.com/sitemap-books-active.xml"	"0"	"0"	"0"	"0"	"0"	"0"	"0"	"0"
"20"	"https://www.amadolibros.com/libro/MLU621779217/libro-aprender-ciencias-en-educacion-primaria-jordi-marti"	"Libro - Aprender Ciencias en Educación Primaria Jordi… | Amado Libros"	"text/html;charset=utf-8"	"false"	"200"	"0"	"https://www.amadolibros.com/sitemap-books-active.xml"	"0"	"0"	"0"	"0"	"0"	"0"	"0"	"0"
"20"	"https://www.amadolibros.com/libro/MLU629952461/enemigo-intimo-gabriela-arias-uriburu-libro-kier"	"Enemigo Intimo - Gabriela Arias Uriburu - Libro Kier | Amado Libros"	"text/html;charset=utf-8"	"false"	"200"	"0"	"https://www.amadolibros.com/sitemap-books-active.xml"	"0"	"0"	"0"	"0"	"0"	"0"	"0"	"0"
"20"	"https://www.amadolibros.com/libro/MLU628044492/libro-de-cero-a-uno-antroposofica-paulien-bom-y-machteld"	"Libro De Cero A Uno Antroposófica Paulien Bom Y Machteld | Amado Libros"	"text/html;charset=utf-8"	"false"	"200"	"0"	"https://www.amadolibros.com/sitemap-books-active.xml"	"0"	"0"	"0"	"0"	"0"	"0"	"0"	"0"
"20"	"https://www.amadolibros.com/libro/MLU636005046/instrumentos-de-la-critica-narrativa-gonzalez-colihue"	"Instrumentos De La Critica Narrativa - Gonzalez - Colihue | Amado Libros"	"text/html;charset=utf-8"	"false"	"200"	"0"	"https://www.amadolibros.com/sitemap-books-active.xml"	"0"	"0"	"0"	"0"	"0"	"0"	"0"	"0"
"20"	"https://www.amadolibros.com/libro/MLU627541235/llamando-a-tu-propia-puerta-kairos"	"Llamando A Tu Propia Puerta - Kairos | Amado Libros"	"text/html;charset=utf-8"	"false"	"200"	"0"	"https://www.amadolibros.com/sitemap-books-active.xml"	"0"	"0"	"0"	"0"	"0"	"0"	"0"	"0"
"20"	"https://www.amadolibros.com/libro/MLU616371663/libro-sociologia-macionis-plummer-4a-edicion"	"Libro - Sociología / Macionis - Plummer / 4a Edición | Amado Libros"	"text/html;charset=utf-8"	"false"	"200"	"0"	"https://www.amadolibros.com/sitemap-books-active.xml"	"0"	"0"	"0"	"0"	"0"	"0"	"0"	"0"
"20"	"https://www.amadolibros.com/libro/MLU636056278/libro-personas-toxicas-congost-provensal-silvia"	"Libro Personas Toxicas - Congost Provensal, Silvia | Amado Libros"	"text/html;charset=utf-8"	"false"	"200"	"0"	"https://www.amadolibros.com/sitemap-books-active.xml"	"0"	"0"	"0"	"0"	"0"	"0"	"0"	"0"
"20"	"https://www.amadolibros.com/libro/MLU641515320/una-vida-sin-salud-mental-alba-gonzalez-depresion"	"Una Vida sin Salud Mental - Alba Gonzalez Depresión | Amado Libros"	"text/html;charset=utf-8"	"false"	"200"	"0"	"https://www.amadolibros.com/sitemap-books-active.xml"	"0"	"0"	"0"	"0"	"0"	"0"	"0"	"0"
"20"	"https://www.amadolibros.com/libro/MLU479428090/para-selena-con-amor-spanish-edition"	"Para Selena, con Amor (spanish Edition) | Amado Libros"	"text/html;charset=utf-8"	"false"	"200"	"0"	"https://www.amadolibros.com/sitemap-books-active.xml"	"0"	"0"	"0"	"0"	"0"	"0"	"0"	"0"
"20"	"https://www.amadolibros.com/libro/MLU602079699/libro-matematica-escolar-la"	"Libro - Matematica Escolar,la | Amado Libros"	"text/html;charset=utf-8"	"false"	"200"	"0"	"https://www.amadolibros.com/sitemap-books-active.xml"	"0"	"0"	"0"	"0"	"0"	"0"	"0"	"0"
"20"	"https://www.amadolibros.com/libro/MLU641357668/cuaderno-biblico-n-101-el-libro-de-tobit-o-secreto-del-rey"	"Cuaderno Biblico. Nº 101 el Libro de Tobit o Secreto… | Amado Libros"	"text/html;charset=utf-8"	"false"	"200"	"0"	"https://www.amadolibros.com/sitemap-books-active.xml"	"0"	"0"	"0"	"0"	"0"	"0"	"0"	"0"
"20"	"https://www.amadolibros.com/libro/MLU626654618/viuda-negra-2-yo-soy-la-viuda-negra-marvel"	"Viuda Negra 2. Yo Soy la Viuda Negra / Marvel | Amado Libros"	"text/html;charset=utf-8"	"false"	"200"	"0"	"https://www.amadolibros.com/sitemap-books-active.xml"	"0"	"0"	"0"	"0"	"0"	"0"	"0"	"0"
"20"	"https://www.amadolibros.com/libro/MLU602415276/loczy-una-insolita-atencion-personal-david-myriam"	"Loczy, una Insolita Atencion Personal - David, Myriam | Amado Libros"	"text/html;charset=utf-8"	"false"	"200"	"0"	"https://www.amadolibros.com/sitemap-books-active.xml"	"0"	"0"	"0"	"0"	"0"	"0"	"0"	"0"
"20"	"https://www.amadolibros.com/libro/MLU624170939/luz-en-el-sendero-collins-mabel-shambhala"	"Luz en el Sendero - Collins,mabel - Shambhala | Amado Libros"	"text/html;charset=utf-8"	"false"	"200"	"0"	"https://www.amadolibros.com/sitemap-books-active.xml"	"0"	"0"	"0"	"0"	"0"	"0"	"0"	"0"
"20"	"https://www.amadolibros.com/libro/MLU625469319/las-sillas-no-son-para-sentarse-son-para-pensar-lewin"	"Las Sillas No Son para Sentarse, Son para Pensar -… | Amado Libros"	"text/html;charset=utf-8"	"false"	"200"	"0"	"https://www.amadolibros.com/sitemap-books-active.xml"	"0"	"0"	"0"	"0"	"0"	"0"	"0"	"0"
"20"	"https://www.amadolibros.com/libro/MLU625983836/el-camino-del-corazon-ensenanzas-de-yeshua-y-maria"	"El Camino Del Corazon Enseñanzas De Yeshua Y Maria | Amado Libros"	"text/html;charset=utf-8"	"false"	"200"	"0"	"https://www.amadolibros.com/sitemap-books-active.xml"	"0"	"0"	"0"	"0"	"0"	"0"	"0"	"0"
"20"	"https://www.amadolibros.com/libro/MLU625061051/viviendo-en-el-futuro-enrique-dans"	"Viviendo en el Futuro - Enrique Dans | Amado Libros"	"text/html;charset=utf-8"	"false"	"200"	"0"	"https://www.amadolibros.com/sitemap-books-active.xml"	"0"	"0"	"0"	"0"	"0"	"0"	"0"	"0"
"20"	"https://www.amadolibros.com/libro/MLU603140512/libro-diversidad-y-genero-en-la-escuela-larralde"	"Libro Diversidad y Genero en la Escuela Larralde | Amado Libros"	"text/html;charset=utf-8"	"false"	"200"	"0"	"https://www.amadolibros.com/sitemap-books-active.xml"	"0"	"0"	"0"	"0"	"0"	"0"	"0"	"0"
"20"	"https://www.amadolibros.com/libro/MLU633445690/asi-fue-como-llegaste-donacion-de-espermatozoides"	"Así Fue Como Llegaste Donación de Espermatozoides | Amado Libros"	"text/html;charset=utf-8"	"false"	"200"	"0"	"https://www.amadolibros.com/sitemap-books-active.xml"	"0"	"0"	"0"	"0"	"0"	"0"	"0"	"0"
"20"	"https://www.amadolibros.com/libro/MLU629520009/espacios-territorios-y-entornos-de-aprendizaje-singer"	"Espacios, Territorios y Entornos de Aprendizaje Singer | Amado Libros"	"text/html;charset=utf-8"	"false"	"200"	"0"	"https://www.amadolibros.com/sitemap-books-active.xml"	"0"	"0"	"0"	"0"	"0"	"0"	"0"	"0"
"20"	"https://www.amadolibros.com/libro/MLU630260098/oxford-discover-3-student-s-book-2nd-edition"	"Oxford Discover 3 / Student's Book - 2nd Edition | Amado Libros"	"text/html;charset=utf-8"	"false"	"200"	"0"	"https://www.amadolibros.com/sitemap-books-active.xml"	"0"	"0"	"0"	"0"	"0"	"0"	"0"	"0"
"20"	"https://www.amadolibros.com/libro/MLU625769103/chica-de-medianoche-grey-melissa"	"Chica de Medianoche - Grey, Melissa | Amado Libros"	"text/html;charset=utf-8"	"false"	"200"	"0"	"https://www.amadolibros.com/sitemap-books-active.xml"	"0"	"0"	"0"	"0"	"0"	"0"	"0"	"0"
"20"	"https://www.amadolibros.com/libro/MLU621870399/caballos-en-movimiento-horse-motion-cartone-tapa-dura"	"Caballos en Movimiento Horse Motion (cartone) | Amado Libros"	"text/html;charset=utf-8"	"false"	"200"	"0"	"https://www.amadolibros.com/sitemap-books-active.xml"	"0"	"0"	"0"	"0"	"0"	"0"	"0"	"0"
"20"	"https://www.amadolibros.com/libro/MLU621870221/libro-aprendizaje-tecnologias-pedagogia-escuela"	"Libro - Aprendizaje Tecnologías Pedagogía Escuela | Amado Libros"	"text/html;charset=utf-8"	"false"	"200"	"0"	"https://www.amadolibros.com/sitemap-books-active.xml"	"0"	"0"	"0"	"0"	"0"	"0"	"0"	"0"
"20"	"https://www.amadolibros.com/libro/MLU619803544/libro-ciencias-sociales-y-educacion-infantil-3-6-torruella"	"Libro - Ciencias Sociales y Educacion Infantil 3-6… | Amado Libros"	"text/html;charset=utf-8"	"false"	"200"	"0"	"https://www.amadolibros.com/sitemap-books-active.xml"	"0"	"0"	"0"	"0"	"0"	"0"	"0"	"0"
"20"	"https://www.amadolibros.com/libro/MLU627728036/ano-liturgico-predicado-por-benedicto-xvi-ciclo-a-el"	"Año Liturgico Predicado Por Benedicto Xvi. Ciclo A,el - ... | Amado Libros"	"text/html;charset=utf-8"	"false"	"200"	"0"	"https://www.amadolibros.com/sitemap-books-active.xml"	"0"	"0"	"0"	"0"	"0"	"0"	"0"	"0"
"20"	"https://www.amadolibros.com/libro/MLU625179773/fracaso-de-la-derecha-de-roxana-kreimer"	"Fracaso de la Derecha de Roxana Kreimer | Amado Libros"	"text/html;charset=utf-8"	"false"	"200"	"0"	"https://www.amadolibros.com/sitemap-books-active.xml"	"0"	"0"	"0"	"0"	"0"	"0"	"0"	"0"
"20"	"https://www.amadolibros.com/libro/MLU644511118/educar-sin-pantallas-prada-marta-montessori"	"Educar sin Pantallas Prada Marta Montessori | Amado Libros"	"text/html;charset=utf-8"	"false"	"200"	"0"	"https://www.amadolibros.com/sitemap-books-active.xml"	"0"	"0"	"0"	"0"	"0"	"0"	"0"	"0"
"20"	"https://www.amadolibros.com/libro/MLU600839928/libro-edipo-gay-segunda-edicion-ampliada-reitter-jorge"	"Libro - Edipo Gay. Segunda Edición Ampliada -… | Amado Libros"	"text/html;charset=utf-8"	"false"	"200"	"0"	"https://www.amadolibros.com/sitemap-books-active.xml"	"0"	"0"	"0"	"0"	"0"	"0"	"0"	"0"
"20"	"https://www.amadolibros.com/libro/MLU616585481/itinerarios-modernidad-casullo-ciencias-comunicacion"	"Itinerarios Modernidad Casullo Ciencias Comunicacion | Amado Libros"	"text/html;charset=utf-8"	"false"	"200"	"0"	"https://www.amadolibros.com/sitemap-books-active.xml"	"0"	"0"	"0"	"0"	"0"	"0"	"0"	"0"
"20"	"https://www.amadolibros.com/libro/MLU621791772/libro-sawai-prakash-21-cuentos-verdaderamente-cuenta"	"Libro - Sawai Prakash 21 Cuentos Verdaderamente Cuenta | Amado Libros"	"text/html;charset=utf-8"	"false"	"200"	"0"	"https://www.amadolibros.com/sitemap-books-active.xml"	"0"	"0"	"0"	"0"	"0"	"0"	"0"	"0"
"20"	"https://www.amadolibros.com/libro/MLU628104560/libro-la-vuelta-al-cuerpo-en-40-puntos-lorente-alonso-ale"	"Libro La Vuelta Al Cuerpo En 40 Puntos - Lorente Alonso, Ale | Amado Libros"	"text/html;charset=utf-8"	"false"	"200"	"0"	"https://www.amadolibros.com/sitemap-books-active.xml"	"0"	"0"	"0"	"0"	"0"	"0"	"0"	"0"
"20"	"https://www.amadolibros.com/libro/MLU629714576/fibromialgia-nutricion-y-calidad-de-vida-arranz-iglesias"	"Fibromialgia, Nutricion y Calidad de Vida. Arranz… | Amado Libros"	"text/html;charset=utf-8"	"false"	"200"	"0"	"https://www.amadolibros.com/sitemap-books-active.xml"	"0"	"0"	"0"	"0"	"0"	"0"	"0"	"0"
"20"	"https://www.amadolibros.com/libro/MLU636004998/el-senor-tormenta-pez-y-cubillas-sm"	"El Señor Tormenta - Pez Y Cubillas * Sm | Amado Libros"	"text/html;charset=utf-8"	"false"	"200"	"0"	"https://www.amadolibros.com/sitemap-books-active.xml"	"0"	"0"	"0"	"0"	"0"	"0"	"0"	"0"
"20"	"https://www.amadolibros.com/libro/MLU629959089/secuencias-didacticas-para-plurigrado-galfrascoli"	"Secuencias Didacticas para Plurigrado Galfrascoli | Amado Libros"	"text/html;charset=utf-8"	"false"	"200"	"0"	"https://www.amadolibros.com/sitemap-books-active.xml"	"0"	"0"	"0"	"0"	"0"	"0"	"0"	"0"
"20"	"https://www.amadolibros.com/libro/MLU625376310/bowen-siempre-nosotros-lgbt"	"Bowen Siempre Nosotros Lgbt | Amado Libros"	"text/html;charset=utf-8"	"false"	"200"	"0"	"https://www.amadolibros.com/sitemap-books-active.xml"	"0"	"0"	"0"	"0"	"0"	"0"	"0"	"0"
"20"	"https://www.amadolibros.com/libro/MLU630062531/essential-grammar-in-use-without-answers-4-ed-murphy"	"Essential Grammar In Use Without Answers 4ºed - Murphy | Amado Libros"	"text/html;charset=utf-8"	"false"	"200"	"0"	"https://www.amadolibros.com/sitemap-books-active.xml"	"0"	"0"	"0"	"0"	"0"	"0"	"0"	"0"
"20"	"https://www.amadolibros.com/libro/MLU625829239/metodo-de-doma-de-campo-y-rejoneo-moreno-pidal"	"Metodo de Doma de Campo y Rejoneo - Moreno Pidal | Amado Libros"	"text/html;charset=utf-8"	"false"	"200"	"0"	"https://www.amadolibros.com/sitemap-books-active.xml"	"0"	"0"	"0"	"0"	"0"	"0"	"0"	"0"
"20"	"https://www.amadolibros.com/libro/MLU478221896/libro-la-medicalizacion-de-la-infancia-cecilia-rustoyburu"	"Libro la Medicalizacion de la Infancia Cecilia… | Amado Libros"	"text/html;charset=utf-8"	"false"	"200"	"0"	"https://www.amadolibros.com/sitemap-books-active.xml"	"0"	"0"	"0"	"0"	"0"	"0"	"0"	"0"
"20"	"https://www.amadolibros.com/libro/MLU628456890/bright-ideas-starter-sb-digital-pack"	"Bright Ideas Starter - Sb + Digital Pack | Amado Libros"	"text/html;charset=utf-8"	"false"	"200"	"0"	"https://www.amadolibros.com/sitemap-books-active.xml"	"0"	"0"	"0"	"0"	"0"	"0"	"0"	"0"
"20"	"https://www.amadolibros.com/libro/MLU630492253/psicopedagogia-conceptos-y-problemas"	"Psicopedagogía: Conceptos y Problemas | Amado Libros"	"text/html;charset=utf-8"	"false"	"200"	"0"	"https://www.amadolibros.com/sitemap-books-active.xml"	"0"	"0"	"0"	"0"	"0"	"0"	"0"	"0"
"20"	"https://www.amadolibros.com/libro/MLU618776776/libro-un-mundo-sin-e-mail-cal-newport"	"Libro - un Mundo sin e-mail - Cal Newport | Amado Libros"	"text/html;charset=utf-8"	"false"	"200"	"0"	"https://www.amadolibros.com/sitemap-books-active.xml"	"0"	"0"	"0"	"0"	"0"	"0"	"0"	"0"
"20"	"https://www.amadolibros.com/libro/MLU644611336/donde-estas-carabas"	"Dónde Estás, Carabás? | Amado Libros"	"text/html;charset=utf-8"	"false"	"200"	"0"	"https://www.amadolibros.com/sitemap-books-active.xml"	"0"	"0"	"0"	"0"	"0"	"0"	"0"	"0"
"20"	"https://www.amadolibros.com/libro/MLU629240572/orsai-8-valija-de-messi-hernan-casciari"	"Orsai 8 Valija de Messi Hernan Casciari | Amado Libros"	"text/html;charset=utf-8"	"false"	"200"	"0"	"https://www.amadolibros.com/sitemap-books-active.xml"	"0"	"0"	"0"	"0"	"0"	"0"	"0"	"0"
"20"	"https://www.amadolibros.com/libro/MLU641753978/amar-y-ser-amado-dejar-y-ser-dejado-10-io-sakis"	"Amar y Ser Amado, Dejar y Ser Dejado 10 - Io Sakis | Amado Libros"	"text/html;charset=utf-8"	"false"	"200"	"0"	"https://www.amadolibros.com/sitemap-books-active.xml"	"0"	"0"	"0"	"0"	"0"	"0"	"0"	"0"
"20"	"https://www.amadolibros.com/libro/MLU625986980/ejercicios-que-te-curan-como-corregir-tu-postura-corporal"	"Ejercicios Que Te Curan: Cómo Corregir Tu Postura… | Amado Libros"	"text/html;charset=utf-8"	"false"	"200"	"0"	"https://www.amadolibros.com/sitemap-books-active.xml"	"0"	"0"	"0"	"0"	"0"	"0"	"0"	"0"
"20"	"https://www.amadolibros.com/libro/MLU620714316/libro-la-chica-que-lo-tenia-todo-jessica-knoll"	"Libro - la Chica Que Lo Tenía Todo - Jessica Knoll | Amado Libros"	"text/html;charset=utf-8"	"false"	"200"	"0"	"https://www.amadolibros.com/sitemap-books-active.xml"	"0"	"0"	"0"	"0"	"0"	"0"	"0"	"0"
"20"	"https://www.amadolibros.com/libro/MLU609948548/libro-enciende-tu-corazon-77-rituales-de-cynthia-zak"	"Libro Enciende Tu Corazón - 77 Rituales de Cynthia Zak | Amado Libros"	"text/html;charset=utf-8"	"false"	"200"	"0"	"https://www.amadolibros.com/sitemap-books-active.xml"	"0"	"0"	"0"	"0"	"0"	"0"	"0"	"0"
"20"	"https://www.amadolibros.com/libro/MLU612120290/libro-detras-del-espejo-iuale-lujan"	"Libro - Detrás del Espejo - Iuale Lujan | Amado Libros"	"text/html;charset=utf-8"	"false"	"200"	"0"	"https://www.amadolibros.com/sitemap-books-active.xml"	"0"	"0"	"0"	"0"	"0"	"0"	"0"	"0"
"20"	"https://www.amadolibros.com/libro/MLU479820433/libro-claves-de-la-educacion-pikler-loczy"	"Libro Claves De La Educacion Pikler Loczy | Amado Libros"	"text/html;charset=utf-8"	"false"	"200"	"0"	"https://www.amadolibros.com/sitemap-books-active.xml"	"0"	"0"	"0"	"0"	"0"	"0"	"0"	"0"
"20"	"https://www.amadolibros.com/libro/MLU644249012/manual-de-supervivencia-urbana-tecnicas-y-tacticas"	"Manual de Supervivencia Urbana: Técnicas y Tácticas | Amado Libros"	"text/html;charset=utf-8"	"false"	"200"	"0"	"https://www.amadolibros.com/sitemap-books-active.xml"	"0"	"0"	"0"	"0"	"0"	"0"	"0"	"0"
"20"	"https://www.amadolibros.com/libro/MLU627590299/album-de-nuestro-bebe-el-principito-el-saint-exupery-anto"	"Album De Nuestro Bebe El Principito, El - Saint-exupery Anto | Amado Libros"	"text/html;charset=utf-8"	"false"	"200"	"0"	"https://www.amadolibros.com/sitemap-books-active.xml"	"0"	"0"	"0"	"0"	"0"	"0"	"0"	"0"
"20"	"https://www.amadolibros.com/libro/MLU617911511/trastorno-limite-personalidad-alteraciones-identidad"	"Trastorno Limite Personalidad Alteraciones Identidad | Amado Libros"	"text/html;charset=utf-8"	"false"	"200"	"0"	"https://www.amadolibros.com/sitemap-books-active.xml"	"0"	"0"	"0"	"0"	"0"	"0"	"0"	"0"
"20"	"https://www.amadolibros.com/libro/MLU609630547/libro-la-magia-de-los-angeles-neylon-m"	"Libro la Magia de los Ángeles - Neylon, M | Amado Libros"	"text/html;charset=utf-8"	"false"	"200"	"0"	"https://www.amadolibros.com/sitemap-books-active.xml"	"0"	"0"	"0"	"0"	"0"	"0"	"0"	"0"
"20"	"https://www.amadolibros.com/libro/MLU636119068/young-achievers-5-activity-book-downloadable-audio-mater"	"Young Achievers 5 - Activity Book + Downloadable… | Amado Libros"	"text/html;charset=utf-8"	"false"	"200"	"0"	"https://www.amadolibros.com/sitemap-books-active.xml"	"0"	"0"	"0"	"0"	"0"	"0"	"0"	"0"
"20"	"https://www.amadolibros.com/libro/MLU632574722/calpurnia-jacquelin-kelly-libre-albedrio"	"Calpurnia. Jacquelin, Kelly. Libre Albedrio | Amado Libros"	"text/html;charset=utf-8"	"false"	"200"	"0"	"https://www.amadolibros.com/sitemap-books-active.xml"	"0"	"0"	"0"	"0"	"0"	"0"	"0"	"0"
"20"	"https://www.amadolibros.com/libro/MLU612985068/libro-parto-emocional-fidel-romero-salord"	"Libro - Parto Emocional - Fidel Romero Salord | Amado Libros"	"text/html;charset=utf-8"	"false"	"200"	"0"	"https://www.amadolibros.com/sitemap-books-active.xml"	"0"	"0"	"0"	"0"	"0"	"0"	"0"	"0"
"20"	"https://www.amadolibros.com/libro/MLU629940119/una-historia-de-archibaldo-y-a-dormir-desbordes-astrid"	"Una Historia de Archibaldo y a Dormir - Desbordes… | Amado Libros"	"text/html;charset=utf-8"	"false"	"200"	"0"	"https://www.amadolibros.com/sitemap-books-active.xml"	"0"	"0"	"0"	"0"	"0"	"0"	"0"	"0"
"20"	"https://www.amadolibros.com/libro/MLU644597740/disciplina-positiva-para-presscolares-enfoque-educativo"	"Disciplina Positiva para Presscolares. Enfoque… | Amado Libros"	"text/html;charset=utf-8"	"false"	"200"	"0"	"https://www.amadolibros.com/sitemap-books-active.xml"	"0"	"0"	"0"	"0"	"0"	"0"	"0"	"0"
"20"	"https://www.amadolibros.com/libro/MLU617931239/libro-manual-de-tipografia-kane-john"	"Libro - Manual de Tipografia - Kane, John | Amado Libros"	"text/html;charset=utf-8"	"false"	"200"	"0"	"https://www.amadolibros.com/sitemap-books-active.xml"	"0"	"0"	"0"	"0"	"0"	"0"	"0"	"0"
"20"	"https://www.amadolibros.com/libro/MLU630194450/tarot-original-1909-circular-cartas-y-libro"	"Tarot Original 1909 Circular Cartas y Libro | Amado Libros"	"text/html;charset=utf-8"	"false"	"200"	"0"	"https://www.amadolibros.com/sitemap-books-active.xml"	"0"	"0"	"0"	"0"	"0"	"0"	"0"	"0"
"20"	"https://www.amadolibros.com/libro/MLU618445889/libro-despertar-al-infinito-de-sayve-carmen"	"Libro - Despertar al Infinito | Amado Libros"	"text/html;charset=utf-8"	"false"	"200"	"0"	"https://www.amadolibros.com/sitemap-books-active.xml"	"0"	"0"	"0"	"0"	"0"	"0"	"0"	"0"
"20"	"https://www.amadolibros.com/libro/MLU644094660/cuidarse-cuidar-posparto-malas-madres-puerperio-maternidad"	"Cuidarse Cuidar Posparto Malas Madres Puerperio Maternidad | Amado Libros"	"text/html;charset=utf-8"	"false"	"200"	"0"	"https://www.amadolibros.com/sitemap-books-active.xml"	"0"	"0"	"0"	"0"	"0"	"0"	"0"	"0"
"20"	"https://www.amadolibros.com/libro/MLU629305644/ensenar-hablar-monstruo-origen-lenguaje"	"Enseñar Hablar Monstruo Origen Lenguaje | Amado Libros"	"text/html;charset=utf-8"	"false"	"200"	"0"	"https://www.amadolibros.com/sitemap-books-active.xml"	"0"	"0"	"0"	"0"	"0"	"0"	"0"	"0"
"20"	"https://www.amadolibros.com/libro/MLU633458306/bendito-metabolismo-alejandro-garcia"	"Bendito Metabolismo - Alejandro Garcia | Amado Libros"	"text/html;charset=utf-8"	"false"	"200"	"0"	"https://www.amadolibros.com/sitemap-books-active.xml"	"0"	"0"	"0"	"0"	"0"	"0"	"0"	"0"
"20"	"https://www.amadolibros.com/libro/MLU478787120/q-k-light-seer-s-oracle-tarot-cartas-78-cartas-tarot-cart"	"Q&k Light Seer's Oracle Tarot Cartas 78 Cartas, Tarot… | Amado Libros"	"text/html;charset=utf-8"	"false"	"200"	"0"	"https://www.amadolibros.com/sitemap-books-active.xml"	"0"	"0"	"0"	"0"	"0"	"0"	"0"	"0"
"20"	"https://www.amadolibros.com/libro/MLU610430570/oraculo-baraja-arcanos-menores-del-tarot-capsula-dorada"	"Oráculo Baraja Arcanos Menores del Tarot - Cápsula… | Amado Libros"	"text/html;charset=utf-8"	"false"	"200"	"0"	"https://www.amadolibros.com/sitemap-books-active.xml"	"0"	"0"	"0"	"0"	"0"	"0"	"0"	"0"
"20"	"https://www.amadolibros.com/libro/MLU633062570/abuela-de-arriba-y-abuela-de-abajo-depaola-tomie-k"	"Abuela de Arriba y Abuela de Abajo. Depaola, Tomie. K | Amado Libros"	"text/html;charset=utf-8"	"false"	"200"	"0"	"https://www.amadolibros.com/sitemap-books-active.xml"	"0"	"0"	"0"	"0"	"0"	"0"	"0"	"0"
"20"	"https://www.amadolibros.com/libro/MLU631154750/the-namesake-jhumpa-lahiri"	"The Namesake - Jhumpa Lahiri | Amado Libros"	"text/html;charset=utf-8"	"false"	"200"	"0"	"https://www.amadolibros.com/sitemap-books-active.xml"	"0"	"0"	"0"	"0"	"0"	"0"	"0"	"0"
"20"	"https://www.amadolibros.com/libro/MLU636069212/libro-el-abc-del-yoga-para-ninos"	"Libro el Abc del Yoga para Niños | Amado Libros"	"text/html;charset=utf-8"	"false"	"200"	"0"	"https://www.amadolibros.com/sitemap-books-active.xml"	"0"	"0"	"0"	"0"	"0"	"0"	"0"	"0"
"20"	"https://www.amadolibros.com/libro/MLU622961512/cartas-oraculo-mision-de-vida-isabelle-cerf"	"Cartas Oráculo Misión de Vida Isabelle Cerf | Amado Libros"	"text/html;charset=utf-8"	"false"	"200"	"0"	"https://www.amadolibros.com/sitemap-books-active.xml"	"0"	"0"	"0"	"0"	"0"	"0"	"0"	"0"
"20"	"https://www.amadolibros.com/libro/MLU616589697/libro-sonidos-del-silencio-en-el-abuso-bettina-calvi"	"Libro - Sonidos del Silencio en el Abuso - Bettina… | Amado Libros"	"text/html;charset=utf-8"	"false"	"200"	"0"	"https://www.amadolibros.com/sitemap-books-active.xml"	"0"	"0"	"0"	"0"	"0"	"0"	"0"	"0"
"20"	"https://www.amadolibros.com/libro/MLU621273919/abordaje-psicomotor-de-adultos"	"Abordaje Psicomotor de Adultos | Amado Libros"	"text/html;charset=utf-8"	"false"	"200"	"0"	"https://www.amadolibros.com/sitemap-books-active.xml"	"0"	"0"	"0"	"0"	"0"	"0"	"0"	"0"
"20"	"https://www.amadolibros.com/libro/MLU617937750/libro-entra-en-crisis-violeta-vazquez"	"Libro - Entrá en Crisis - Violeta Vazquez | Amado Libros"	"text/html;charset=utf-8"	"false"	"200"	"0"	"https://www.amadolibros.com/sitemap-books-active.xml"	"0"	"0"	"0"	"0"	"0"	"0"	"0"	"0"
"20"	"https://www.amadolibros.com/libro/MLU626116304/ensenar-pensando-todos-los-estudiantes-dua-pastor"	"Enseñar Pensando Todos los Estudiantes Dua Pastor | Amado Libros"	"text/html;charset=utf-8"	"false"	"200"	"0"	"https://www.amadolibros.com/sitemap-books-active.xml"	"0"	"0"	"0"	"0"	"0"	"0"	"0"	"0"
"20"	"https://www.amadolibros.com/libro/MLU610548569/libro-la-herramienta-psicoanalitica-hoy-vertzner-marucco"	"Libro la Herramienta Psicoanalítica Hoy - Vertzner… | Amado Libros"	"text/html;charset=utf-8"	"false"	"200"	"0"	"https://www.amadolibros.com/sitemap-books-active.xml"	"0"	"0"	"0"	"0"	"0"	"0"	"0"	"0"
"20"	"https://www.amadolibros.com/libro/MLU623195793/didactica-de-la-lengua-en-la-educacion-infantil-m-bigas"	"Didáctica de la Lengua en la Educación Infantil M.… | Amado Libros"	"text/html;charset=utf-8"	"false"	"200"	"0"	"https://www.amadolibros.com/sitemap-books-active.xml"	"0"	"0"	"0"	"0"	"0"	"0"	"0"	"0"
"20"	"https://www.amadolibros.com/libro/MLU479997569/libro-reggio-emilia-malaguzzi-cien-mundos-posibles"	"Libro Reggio Emilia Malaguzzi Cien Mundos Posibles | Amado Libros"	"text/html;charset=utf-8"	"false"	"200"	"0"	"https://www.amadolibros.com/sitemap-books-active.xml"	"0"	"0"	"0"	"0"	"0"	"0"	"0"	"0"
"20"	"https://www.amadolibros.com/libro/MLU479179437/el-dolor-psiquico-angustia-neurotica-dolor-melancolico-mas"	"El Dolor Psíquico Angustia Neurótica. Dolor… | Amado Libros"	"text/html;charset=utf-8"	"false"	"200"	"0"	"https://www.amadolibros.com/sitemap-books-active.xml"	"0"	"0"	"0"	"0"	"0"	"0"	"0"	"0"
"20"	"https://www.amadolibros.com/libro/MLU636069172/libro-los-sonidos-del-silencio-en-el-abuso-de-bettina-calvi"	"Libro Los Sonidos Del Silencio En El Abuso De Bettina Calvi | Amado Libros"	"text/html;charset=utf-8"	"false"	"200"	"0"	"https://www.amadolibros.com/sitemap-books-active.xml"	"0"	"0"	"0"	"0"	"0"	"0"	"0"	"0"
"20"	"https://www.amadolibros.com/libro/MLU641891648/frases-cuanticas-constelaciones-familiares-briggite"	"Frases Cuánticas Constelaciones Familiares Briggite | Amado Libros"	"text/html;charset=utf-8"	"false"	"200"	"0"	"https://www.amadolibros.com/sitemap-books-active.xml"	"0"	"0"	"0"	"0"	"0"	"0"	"0"	"0"
"20"	"https://www.amadolibros.com/libro/MLU611823185/libro-enunciacion-en-la-infancia-la-rome-maria"	"Libro - Enunciación en la Infancia - La.rome, María | Amado Libros"	"text/html;charset=utf-8"	"false"	"200"	"0"	"https://www.amadolibros.com/sitemap-books-active.xml"	"0"	"0"	"0"	"0"	"0"	"0"	"0"	"0"
"20"	"https://www.amadolibros.com/libro/MLU622587778/aprendiendo-con-freud-diario-de-un-ano-lou-andreas-salome"	"Aprendiendo con Freud Diario de un Año, Lou… | Amado Libros"	"text/html;charset=utf-8"	"false"	"200"	"0"	"https://www.amadolibros.com/sitemap-books-active.xml"	"0"	"0"	"0"	"0"	"0"	"0"	"0"	"0"
"20"	"https://www.amadolibros.com/libro/MLU624950735/no-me-juzgues-juli-vazquez"	"No Me Juzgues - Juli Vazquez | Amado Libros"	"text/html;charset=utf-8"	"false"	"200"	"0"	"https://www.amadolibros.com/sitemap-books-active.xml"	"0"	"0"	"0"	"0"	"0"	"0"	"0"	"0"
"20"	"https://www.amadolibros.com/libro/MLU605713382/libro-manual-de-supervivencia-marta-salvat-curso-milagros"	"Libro Manual de Supervivencia Marta Salvat Curso… | Amado Libros"	"text/html;charset=utf-8"	"false"	"200"	"0"	"https://www.amadolibros.com/sitemap-books-active.xml"	"0"	"0"	"0"	"0"	"0"	"0"	"0"	"0"
"20"	"https://www.amadolibros.com/libro/MLU623150382/cero-a-uno-waldorf-antroposofia"	"Cero a Uno Waldorf Antroposofia | Amado Libros"	"text/html;charset=utf-8"	"false"	"200"	"0"	"https://www.amadolibros.com/sitemap-books-active.xml"	"0"	"0"	"0"	"0"	"0"	"0"	"0"	"0"
"20"	"https://www.amadolibros.com/libro/MLU637724784/una-posibilidad-entre-mil-cristina-duran"	"Una Posibilidad entre Mil, Cristina Durán | Amado Libros"	"text/html;charset=utf-8"	"false"	"200"	"0"	"https://www.amadolibros.com/sitemap-books-active.xml"	"0"	"0"	"0"	"0"	"0"	"0"	"0"	"0"
"20"	"https://www.amadolibros.com/libro/MLU606224923/libro-el-pensamiento-clinico-andre-green"	"Libro: el Pensamiento Clínico | Amado Libros"	"text/html;charset=utf-8"	"false"	"200"	"0"	"https://www.amadolibros.com/sitemap-books-active.xml"	"0"	"0"	"0"	"0"	"0"	"0"	"0"	"0"
"20"	"https://www.amadolibros.com/libro/MLU628419791/voy-al-bano-yo-solito-cartone-panales"	"¡voy al Baño Yo Solito! Cartone Pañales | Amado Libros"	"text/html;charset=utf-8"	"false"	"200"	"0"	"https://www.amadolibros.com/sitemap-books-active.xml"	"0"	"0"	"0"	"0"	"0"	"0"	"0"	"0"
"20"	"https://www.amadolibros.com/libro/MLU616052220/libro-el-dominio-mundial-banos-bajo-pedro"	"Libro - el Dominio Mundial - Baños Bajo, Pedro | Amado Libros"	"text/html;charset=utf-8"	"false"	"200"	"0"	"https://www.amadolibros.com/sitemap-books-active.xml"	"0"	"0"	"0"	"0"	"0"	"0"	"0"	"0"
"20"	"https://www.amadolibros.com/libro/MLU629370683/la-imputacion-objetiva-en-derecho-penal-jakobs-gunther"	"La Imputacion Objetiva en Derecho Penal - Jakobs,… | Amado Libros"	"text/html;charset=utf-8"	"false"	"200"	"0"	"https://www.amadolibros.com/sitemap-books-active.xml"	"0"	"0"	"0"	"0"	"0"	"0"	"0"	"0"
"20"	"https://www.amadolibros.com/libro/MLU629147036/oxford-english-for-cambridge-primary-4-workbook"	"Oxford English For Cambridge Primary 4 - Workbook | Amado Libros"	"text/html;charset=utf-8"	"false"	"200"	"0"	"https://www.amadolibros.com/sitemap-books-active.xml"	"0"	"0"	"0"	"0"	"0"	"0"	"0"	"0"
"20"	"https://www.amadolibros.com/libro/MLU612145509/libro-el-arte-de-acompanar-goyeneche-rosana"	"Libro - el Arte de Acompañar - Goyeneche Rosana | Amado Libros"	"text/html;charset=utf-8"	"false"	"200"	"0"	"https://www.amadolibros.com/sitemap-books-active.xml"	"0"	"0"	"0"	"0"	"0"	"0"	"0"	"0"
"20"	"https://www.amadolibros.com/libro/MLU629907111/el-mito-del-emprendedor-gerber-michael-e"	"El Mito del Emprendedor - Gerber, Michael e.& | Amado Libros"	"text/html;charset=utf-8"	"false"	"200"	"0"	"https://www.amadolibros.com/sitemap-books-active.xml"	"0"	"0"	"0"	"0"	"0"	"0"	"0"	"0"
"20"	"https://www.amadolibros.com/libro/MLU637625912/vamos-a-tener-un-bebe-tielmann-lieffering"	"Vamos A Tener Un Bebe, Tielmann Lieffering | Amado Libros"	"text/html;charset=utf-8"	"false"	"200"	"0"	"https://www.amadolibros.com/sitemap-books-active.xml"	"0"	"0"	"0"	"0"	"0"	"0"	"0"	"0"
"20"	"https://www.amadolibros.com/libro/MLU636005062/tarot-del-tango-cartas-y-manual-marianne-costa"	"Tarot del Tango - Cartas y Manual- Marianne Costa | Amado Libros"	"text/html;charset=utf-8"	"false"	"200"	"0"	"https://www.amadolibros.com/sitemap-books-active.xml"	"0"	"0"	"0"	"0"	"0"	"0"	"0"	"0"
"20"	"https://www.amadolibros.com/libro/MLU611393316/libro-somos-lo-que-decimos-charlie-lopez"	"Libro - Somos Lo Que Decimos - Charlie López | Amado Libros"	"text/html;charset=utf-8"	"false"	"200"	"0"	"https://www.amadolibros.com/sitemap-books-active.xml"	"0"	"0"	"0"	"0"	"0"	"0"	"0"	"0"
"20"	"https://www.amadolibros.com/libro/MLU641746788/el-buda-rebelde-un-camino-hacia-la-libertad"	"El Buda Rebelde: un Camino hacia la Libertad | Amado Libros"	"text/html;charset=utf-8"	"false"	"200"	"0"	"https://www.amadolibros.com/sitemap-books-active.xml"	"0"	"0"	"0"	"0"	"0"	"0"	"0"	"0"
"20"	"https://www.amadolibros.com/libro/MLU628097949/duermete-lindo"	"Duermete Lindo | Amado Libros"	"text/html;charset=utf-8"	"false"	"200"	"0"	"https://www.amadolibros.com/sitemap-books-active.xml"	"0"	"0"	"0"	"0"	"0"	"0"	"0"	"0"
"20"	"https://www.amadolibros.com/libro/MLU615941947/libro-sin-limites-jim-kwik"	"Libro - sin Limites - Jim Kwik | Amado Libros"	"text/html;charset=utf-8"	"false"	"200"	"0"	"https://www.amadolibros.com/sitemap-books-active.xml"	"0"	"0"	"0"	"0"	"0"	"0"	"0"	"0"
"20"	"https://www.amadolibros.com/libro/MLU628417700/cuando-a-la-gente-buena-le-pasan-cosas-malas-kushner"	"Cuando a la Gente Buena Le Pasan Cosas Malas- Kushner | Amado Libros"	"text/html;charset=utf-8"	"false"	"200"	"0"	"https://www.amadolibros.com/sitemap-books-active.xml"	"0"	"0"	"0"	"0"	"0"	"0"	"0"	"0"
"20"	"https://www.amadolibros.com/libro/MLU620434837/libro-la-infancia-y-sus-bordes-moreno-julio"	"Libro - la Infancia y Sus Bordes - Moreno, Julio | Amado Libros"	"text/html;charset=utf-8"	"false"	"200"	"0"	"https://www.amadolibros.com/sitemap-books-active.xml"	"0"	"0"	"0"	"0"	"0"	"0"	"0"	"0"
"20"	"https://www.amadolibros.com/libro/MLU629592916/b-k-s-iyengar-luz-sobre-los-yoga-sutras-de-patanjali"	"B. K. S. Iyengar - Luz sobre los Yoga Sutras de… | Amado Libros"	"text/html;charset=utf-8"	"false"	"200"	"0"	"https://www.amadolibros.com/sitemap-books-active.xml"	"0"	"0"	"0"	"0"	"0"	"0"	"0"	"0"
"20"	"https://www.amadolibros.com/libro/MLU609624984/heartless-marissa-meyer"	"Heartless - Marissa Meyer | Amado Libros"	"text/html;charset=utf-8"	"false"	"200"	"0"	"https://www.amadolibros.com/sitemap-books-active.xml"	"0"	"0"	"0"	"0"	"0"	"0"	"0"	"0"
"20"	"https://www.amadolibros.com/libro/MLU620772010/libro-dislexia-y-dificultades-de-aprendizaje-beatriz-janin"	"Libro - Dislexia y Dificultades de Aprendizaje… | Amado Libros"	"text/html;charset=utf-8"	"false"	"200"	"0"	"https://www.amadolibros.com/sitemap-books-active.xml"	"0"	"0"	"0"	"0"	"0"	"0"	"0"	"0"
"20"	"https://www.amadolibros.com/libro/MLU619081955/libro-anatomia-del-espiritu-myss-caroline"	"Libro Anatomía del Espiritu - Myss, Caroline | Amado Libros"	"text/html;charset=utf-8"	"false"	"200"	"0"	"https://www.amadolibros.com/sitemap-books-active.xml"	"0"	"0"	"0"	"0"	"0"	"0"	"0"	"0"
"20"	"https://www.amadolibros.com/libro/MLU628851356/libro-chibi-varios-autores-magazzini-salani"	"Libro Chibi - Varios Autores - Magazzini Salani | Amado Libros"	"text/html;charset=utf-8"	"false"	"200"	"0"	"https://www.amadolibros.com/sitemap-books-active.xml"	"0"	"0"	"0"	"0"	"0"	"0"	"0"	"0"
"20"	"https://www.amadolibros.com/libro/MLU619805018/libro-santa-teresita-dia-a-dia-martinez-blat-vicente"	"Libro - Santa Teresita, Día a Día - Martinez-blat,… | Amado Libros"	"text/html;charset=utf-8"	"false"	"200"	"0"	"https://www.amadolibros.com/sitemap-books-active.xml"	"0"	"0"	"0"	"0"	"0"	"0"	"0"	"0"
"20"	"https://www.amadolibros.com/libro/MLU628795849/liderar-la-transformacion-educativa"	"Liderar La Transformacion Educativa | Amado Libros"	"text/html;charset=utf-8"	"false"	"200"	"0"	"https://www.amadolibros.com/sitemap-books-active.xml"	"0"	"0"	"0"	"0"	"0"	"0"	"0"	"0"
"20"	"https://www.amadolibros.com/libro/MLU616013315/libro-la-pluma-magica-de-gwendy-richard-chizmar"	"Libro - la Pluma Magica de Gwendy - Richard Chizmar | Amado Libros"	"text/html;charset=utf-8"	"false"	"200"	"0"	"https://www.amadolibros.com/sitemap-books-active.xml"	"0"	"0"	"0"	"0"	"0"	"0"	"0"	"0"
"20"	"https://www.amadolibros.com/libro/MLU608066897/la-aventura-de-ensenar-ciencias-naturales"	"La Aventura de Enseñar Ciencias Naturales | Amado Libros"	"text/html;charset=utf-8"	"false"	"200"	"0"	"https://www.amadolibros.com/sitemap-books-active.xml"	"0"	"0"	"0"	"0"	"0"	"0"	"0"	"0"
"20"	"https://www.amadolibros.com/libro/MLU642332330/the-element-ken-robinson"	"The Element - Ken Robinson | Amado Libros"	"text/html;charset=utf-8"	"false"	"200"	"0"	"https://www.amadolibros.com/sitemap-books-active.xml"	"0"	"0"	"0"	"0"	"0"	"0"	"0"	"0"
"20"	"https://www.amadolibros.com/libro/MLU629331884/toucedo-el-caballo-deportivo"	"Toucedo: el Caballo Deportivo | Amado Libros"	"text/html;charset=utf-8"	"false"	"200"	"0"	"https://www.amadolibros.com/sitemap-books-active.xml"	"0"	"0"	"0"	"0"	"0"	"0"	"0"	"0"
"20"	"https://www.amadolibros.com/libro/MLU623519907/test-bender-completo-manual-tarjetas-laminas-guestaltico"	"Test Bender Completo Manual + Tarjetas + Laminas… | Amado Libros"	"text/html;charset=utf-8"	"false"	"200"	"0"	"https://www.amadolibros.com/sitemap-books-active.xml"	"0"	"0"	"0"	"0"	"0"	"0"	"0"	"0"
"20"	"https://www.amadolibros.com/libro/MLU616864818/biblia-de-jerusalen-latinoamericana-dura-en-letra-grande"	"Biblia de Jerusalen Latinoamericana Dura en Letra… | Amado Libros"	"text/html;charset=utf-8"	"false"	"200"	"0"	"https://www.amadolibros.com/sitemap-books-active.xml"	"0"	"0"	"0"	"0"	"0"	"0"	"0"	"0"
"20"	"https://www.amadolibros.com/libro/MLU621182309/libro-precariedad-precariada-patriarcado"	"Libro - Precariedad Precariada Patriarcado | Amado Libros"	"text/html;charset=utf-8"	"false"	"200"	"0"	"https://www.amadolibros.com/sitemap-books-active.xml"	"0"	"0"	"0"	"0"	"0"	"0"	"0"	"0"
"20"	"https://www.amadolibros.com/libro/MLU611411143/libro-palabrista-borges-visto-y-oido-peicovich-esteba"	"Libro - Palabrista Borges Visto y Oido - Peicovich… | Amado Libros"	"text/html;charset=utf-8"	"false"	"200"	"0"	"https://www.amadolibros.com/sitemap-books-active.xml"	"0"	"0"	"0"	"0"	"0"	"0"	"0"	"0"
"20"	"https://www.amadolibros.com/libro/MLU620486458/libro-norte-de-valeria-naya"	"Libro - Norte de Valeria Naya | Amado Libros"	"text/html;charset=utf-8"	"false"	"200"	"0"	"https://www.amadolibros.com/sitemap-books-active.xml"	"0"	"0"	"0"	"0"	"0"	"0"	"0"	"0"
"20"	"https://www.amadolibros.com/libro/MLU613927679/libro-nuevas-miradas-sobre-el-nivel-inicial-ana-malajovi"	"Libro - Nuevas Miradas sobre el Nivel Inicial - Ana… | Amado Libros"	"text/html;charset=utf-8"	"false"	"200"	"0"	"https://www.amadolibros.com/sitemap-books-active.xml"	"0"	"0"	"0"	"0"	"0"	"0"	"0"	"0"
"20"	"https://www.amadolibros.com/libro/MLU611767443/el-castigo-fisico-y-el-trato-humillante-en-ninos-outlet"	"El Castigo Físico y el Trato Humillante en Niños Outlet | Amado Libros"	"text/html;charset=utf-8"	"false"	"200"	"0"	"https://www.amadolibros.com/sitemap-books-active.xml"	"0"	"0"	"0"	"0"	"0"	"0"	"0"	"0"
"20"	"https://www.amadolibros.com/libro/MLU616490991/smith-waite-tarot-deck-arthur-e-waite"	"Smith Waite Tarot Deck Arthur e Waite | Amado Libros"	"text/html;charset=utf-8"	"false"	"200"	"0"	"https://www.amadolibros.com/sitemap-books-active.xml"	"0"	"0"	"0"	"0"	"0"	"0"	"0"	"0"
"20"	"https://www.amadolibros.com/libro/MLU629952475/los-limites-un-mensaje-de-cuidado-gerstenhaber-claudia-es"	"Los Límites, Un Mensaje De Cuidado - Gerstenhaber Claudia Es | Amado Libros"	"text/html;charset=utf-8"	"false"	"200"	"0"	"https://www.amadolibros.com/sitemap-books-active.xml"	"0"	"0"	"0"	"0"	"0"	"0"	"0"	"0"
"20"	"https://www.amadolibros.com/libro/MLU633457612/libro-de-los-ositos-el-para-mi-primera-comunion"	"Libro De Los Ositos, El. Para Mi Primera Comunión | Amado Libros"	"text/html;charset=utf-8"	"false"	"200"	"0"	"https://www.amadolibros.com/sitemap-books-active.xml"	"0"	"0"	"0"	"0"	"0"	"0"	"0"	"0"
"20"	"https://www.amadolibros.com/libro/MLU620942848/libro-tokyo-ghoul-14-sui-ishida"	"Libro - Tokyo Ghoul 14 - Sui Ishida | Amado Libros"	"text/html;charset=utf-8"	"false"	"200"	"0"	"https://www.amadolibros.com/sitemap-books-active.xml"	"0"	"0"	"0"	"0"	"0"	"0"	"0"	"0"
"20"	"https://www.amadolibros.com/libro/MLU612098974/libro-vesania-acantilado-kris-van-steenberge"	"Libro - Vesania - Acantilado - Kris Van Steenberge | Amado Libros"	"text/html;charset=utf-8"	"false"	"200"	"0"	"https://www.amadolibros.com/sitemap-books-active.xml"	"0"	"0"	"0"	"0"	"0"	"0"	"0"	"0"
"20"	"https://www.amadolibros.com/libro/MLU629656091/el-ayuno-contra-el-cancer-longo"	"El Ayuno contra el Cáncer - Longo | Amado Libros"	"text/html;charset=utf-8"	"false"	"200"	"0"	"https://www.amadolibros.com/sitemap-books-active.xml"	"0"	"0"	"0"	"0"	"0"	"0"	"0"	"0"
"20"	"https://www.amadolibros.com/libro/MLU607754836/educacion-y-arte-pedro-figari"	"Educación y Arte - Pedro Figari | Amado Libros"	"text/html;charset=utf-8"	"false"	"200"	"0"	"https://www.amadolibros.com/sitemap-books-active.xml"	"0"	"0"	"0"	"0"	"0"	"0"	"0"	"0"
"20"	"https://www.amadolibros.com/libro/MLU636119126/enciende-la-llama-pablo-aragone"	"Enciende La Llama - Pablo Aragone | Amado Libros"	"text/html;charset=utf-8"	"false"	"200"	"0"	"https://www.amadolibros.com/sitemap-books-active.xml"	"0"	"0"	"0"	"0"	"0"	"0"	"0"	"0"
"20"	"https://www.amadolibros.com/libro/MLU612088310/libro-introduccion-al-acompanamiento-terapeutico-saliche"	"Libro - Introducción al Acompañamiento Terapéutico -… | Amado Libros"	"text/html;charset=utf-8"	"false"	"200"	"0"	"https://www.amadolibros.com/sitemap-books-active.xml"	"0"	"0"	"0"	"0"	"0"	"0"	"0"	"0"
"20"	"https://www.amadolibros.com/libro/MLU636157040/libro-la-herramienta-psicoanalitica-hoy-de-alejandra-comp"	"Libro La Herramienta Psicoanalitica Hoy De Alejandra (comp.) | Amado Libros"	"text/html;charset=utf-8"	"false"	"200"	"0"	"https://www.amadolibros.com/sitemap-books-active.xml"	"0"	"0"	"0"	"0"	"0"	"0"	"0"	"0"
"20"	"https://www.amadolibros.com/libro/MLU629930517/dificultades-de-aprendizaje-de-las-matematicas"	"Dificultades de Aprendizaje de las Matemáticas | Amado Libros"	"text/html;charset=utf-8"	"false"	"200"	"0"	"https://www.amadolibros.com/sitemap-books-active.xml"	"0"	"0"	"0"	"0"	"0"	"0"	"0"	"0"
"20"	"https://www.amadolibros.com/libro/MLU625087078/jamon-iberico-y-serrano-ventanas-libro"	"Jamón Iberico y Serrano - Ventanas Libro | Amado Libros"	"text/html;charset=utf-8"	"false"	"200"	"0"	"https://www.amadolibros.com/sitemap-books-active.xml"	"0"	"0"	"0"	"0"	"0"	"0"	"0"	"0"
"20"	"https://www.amadolibros.com/libro/MLU628844867/outlet-a-cabalgar-metodo-de-iniciaci-n-para-jinet"	"Outlet : A Cabalgar !. Metodo De Iniciaci N Para Jinet | Amado Libros"	"text/html;charset=utf-8"	"false"	"200"	"0"	"https://www.amadolibros.com/sitemap-books-active.xml"	"0"	"0"	"0"	"0"	"0"	"0"	"0"	"0"
"20"	"https://www.amadolibros.com/libro/MLU628756957/libro-manual-de-tecnicas-y-terapias-cognitivo-conductuales"	"Libro Manual De Técnicas Y Terapias Cognitivo Conductuales | Amado Libros"	"text/html;charset=utf-8"	"false"	"200"	"0"	"https://www.amadolibros.com/sitemap-books-active.xml"	"0"	"0"	"0"	"0"	"0"	"0"	"0"	"0"
"20"	"https://www.amadolibros.com/libro/MLU608040913/hacia-un-feminismo-freudiano"	"Hacia un Feminismo Freudiano | Amado Libros"	"text/html;charset=utf-8"	"false"	"200"	"0"	"https://www.amadolibros.com/sitemap-books-active.xml"	"0"	"0"	"0"	"0"	"0"	"0"	"0"	"0"
"20"	"https://www.amadolibros.com/libro/MLU477973383/todos-a-la-cama-alvaro-bilbao-libro-sueno-infantil"	"Todos a la Cama: Alvaro Bilbao Libro Sueño Infantil | Amado Libros"	"text/html;charset=utf-8"	"false"	"200"	"0"	"https://www.amadolibros.com/sitemap-books-active.xml"	"0"	"0"	"0"	"0"	"0"	"0"	"0"	"0"
"20"	"https://www.amadolibros.com/libro/MLU615888773/libro-teoria-de-la-musica-danhauser"	"Libro - Teoría de la Música - Danhauser | Amado Libros"	"text/html;charset=utf-8"	"false"	"200"	"0"	"https://www.amadolibros.com/sitemap-books-active.xml"	"0"	"0"	"0"	"0"	"0"	"0"	"0"	"0"
"20"	"https://www.amadolibros.com/libro/MLU616826988/libro-saquennos-de-aqui-maria-simma-nicky-eltz"	"Libro - ¡¡sáquennos de Aquí!! María Simma - Nicky Eltz | Amado Libros"	"text/html;charset=utf-8"	"false"	"200"	"0"	"https://www.amadolibros.com/sitemap-books-active.xml"	"0"	"0"	"0"	"0"	"0"	"0"	"0"	"0"
"20"	"https://www.amadolibros.com/libro/MLU622635619/cien-juegos-ejercicios-de-lectura-7-11-anos-rivais-yak"	"Cien Juegos Ejercicios de Lectura 7-11 Años Rivais Yak | Amado Libros"	"text/html;charset=utf-8"	"false"	"200"	"0"	"https://www.amadolibros.com/sitemap-books-active.xml"	"0"	"0"	"0"	"0"	"0"	"0"	"0"	"0"
"20"	"https://www.amadolibros.com/libro/MLU616079971/pasta-50-fichas-de-recetas-a-todo-color-lata"	"Pasta. 50 Fichas de Recetas a Todo Color (lata) | Amado Libros"	"text/html;charset=utf-8"	"false"	"200"	"0"	"https://www.amadolibros.com/sitemap-books-active.xml"	"0"	"0"	"0"	"0"	"0"	"0"	"0"	"0"
"20"	"https://www.amadolibros.com/libro/MLU631208516/impact-british-foundation-b-split-with-pac-myelt-online"	"Impact (british) Foundation B - Split With Pac Myelt… | Amado Libros"	"text/html;charset=utf-8"	"false"	"200"	"0"	"https://www.amadolibros.com/sitemap-books-active.xml"	"0"	"0"	"0"	"0"	"0"	"0"	"0"	"0"
"20"	"https://www.amadolibros.com/libro/MLU618331620/summa-153-espacios-publicos"	"Summa+ 153: Espacios Públicos | Amado Libros"	"text/html;charset=utf-8"	"false"	"200"	"0"	"https://www.amadolibros.com/sitemap-books-active.xml"	"0"	"0"	"0"	"0"	"0"	"0"	"0"	"0"
"20"	"https://www.amadolibros.com/libro/MLU627583852/excelsior-venomizado-cullen-iban-bunn-coello"	"Excelsior - Venomizado - Cullen - Iban - Bunn - Coello | Amado Libros"	"text/html;charset=utf-8"	"false"	"200"	"0"	"https://www.amadolibros.com/sitemap-books-active.xml"	"0"	"0"	"0"	"0"	"0"	"0"	"0"	"0"
"20"	"https://www.amadolibros.com/libro/MLU625068515/el-liberalismo-y-sus-desencantados-fukuyama-francis"	"El Liberalismo y Sus Desencantados - Fukuyama, Francis | Amado Libros"	"text/html;charset=utf-8"	"false"	"200"	"0"	"https://www.amadolibros.com/sitemap-books-active.xml"	"0"	"0"	"0"	"0"	"0"	"0"	"0"	"0"
"20"	"https://www.amadolibros.com/libro/MLU616480816/tarot-of-mystical-moments-catrin-welz-stein"	"Tarot Of Mystical Moments - Catrin Welz-stein | Amado Libros"	"text/html;charset=utf-8"	"false"	"200"	"0"	"https://www.amadolibros.com/sitemap-books-active.xml"	"0"	"0"	"0"	"0"	"0"	"0"	"0"	"0"
"20"	"https://www.amadolibros.com/libro/MLU640521916/cambios-que-cambian-curricular-aula-escuela"	"Cambios Que Cambian Curricular Aula Escuela | Amado Libros"	"text/html;charset=utf-8"	"false"	"200"	"0"	"https://www.amadolibros.com/sitemap-books-active.xml"	"0"	"0"	"0"	"0"	"0"	"0"	"0"	"0"
"20"	"https://www.amadolibros.com/libro/MLU617502383/libro-la-francotiradora-de-stalin-lyudmila-pavlichenko"	"Libro - la Francotiradora de Stalin - Lyudmila… | Amado Libros"	"text/html;charset=utf-8"	"false"	"200"	"0"	"https://www.amadolibros.com/sitemap-books-active.xml"	"0"	"0"	"0"	"0"	"0"	"0"	"0"	"0"
"20"	"https://www.amadolibros.com/libro/MLU622883931/puerpera-perdida-la-transformacion-vital-posparto"	"Puérpera Perdida. la Transformación Vital Posparto | Amado Libros"	"text/html;charset=utf-8"	"false"	"200"	"0"	"https://www.amadolibros.com/sitemap-books-active.xml"	"0"	"0"	"0"	"0"	"0"	"0"	"0"	"0"
"20"	"https://www.amadolibros.com/libro/MLU614557031/libro-time-zones-1-student-book-national-geographic"	"Libro - Time Zones 1 Student Book - National Geographic | Amado Libros"	"text/html;charset=utf-8"	"false"	"200"	"0"	"https://www.amadolibros.com/sitemap-books-active.xml"	"0"	"0"	"0"	"0"	"0"	"0"	"0"	"0"
"20"	"https://www.amadolibros.com/libro/MLU628098259/naci-para-ser-breve-maria-elena-walsh-massuh-gabriela"	"Nací Para Ser Breve: María Elena Walsh - Massuh, Gabriela | Amado Libros"	"text/html;charset=utf-8"	"false"	"200"	"0"	"https://www.amadolibros.com/sitemap-books-active.xml"	"0"	"0"	"0"	"0"	"0"	"0"	"0"	"0"
"20"	"https://www.amadolibros.com/libro/MLU633691044/academy-stars-3-pupil-s-book"	"Academy Stars 3. Pupil's Book | Amado Libros"	"text/html;charset=utf-8"	"false"	"200"	"0"	"https://www.amadolibros.com/sitemap-books-active.xml"	"0"	"0"	"0"	"0"	"0"	"0"	"0"	"0"
"20"	"https://www.amadolibros.com/libro/MLU630131461/nuestras-reglas-de-elise-thibeaut-menstruacion-pubertad"	"Nuestras Reglas! de Elise Thibeaut Menstruación… | Amado Libros"	"text/html;charset=utf-8"	"false"	"200"	"0"	"https://www.amadolibros.com/sitemap-books-active.xml"	"0"	"0"	"0"	"0"	"0"	"0"	"0"	"0"
"20"	"https://www.amadolibros.com/libro/MLU636119058/fundamentos-de-intervencion-en-psicomotricidad-relacional"	"Fundamentos De Intervencion En Psicomotricidad Relacional | Amado Libros"	"text/html;charset=utf-8"	"false"	"200"	"0"	"https://www.amadolibros.com/sitemap-books-active.xml"	"0"	"0"	"0"	"0"	"0"	"0"	"0"	"0"
"20"	"https://www.amadolibros.com/libro/MLU630264112/pixie-s-astounding-lenormand-original-en-lata-stock-local"	"Pixie's Astounding Lenormand Original en Lata Stock… | Amado Libros"	"text/html;charset=utf-8"	"false"	"200"	"0"	"https://www.amadolibros.com/sitemap-books-active.xml"	"0"	"0"	"0"	"0"	"0"	"0"	"0"	"0"
"20"	"https://www.amadolibros.com/libro/MLU626481751/marketing-3-0-kotler"	"Marketing 3.0 - Kotler | Amado Libros"	"text/html;charset=utf-8"	"false"	"200"	"0"	"https://www.amadolibros.com/sitemap-books-active.xml"	"0"	"0"	"0"	"0"	"0"	"0"	"0"	"0"
"20"	"https://www.amadolibros.com/libro/MLU621451404/libro-la-transformacion-educativa-en-el-nivel-inicial"	"Libro - la Transformacion Educativa en el Nivel Inicial | Amado Libros"	"text/html;charset=utf-8"	"false"	"200"	"0"	"https://www.amadolibros.com/sitemap-books-active.xml"	"0"	"0"	"0"	"0"	"0"	"0"	"0"	"0"
"20"	"https://www.amadolibros.com/libro/MLU628903838/muerte-no-existe-la-sixto-paz-wells"	"Muerte No Existe, la - Sixto Paz Wells | Amado Libros"	"text/html;charset=utf-8"	"false"	"200"	"0"	"https://www.amadolibros.com/sitemap-books-active.xml"	"0"	"0"	"0"	"0"	"0"	"0"	"0"	"0"
"20"	"https://www.amadolibros.com/libro/MLU629531963/perales-tienen-la-flor-blanca-los-gerbrand-bakker"	"Perales Tienen la Flor Blanca, los - Gerbrand Bakker | Amado Libros"	"text/html;charset=utf-8"	"false"	"200"	"0"	"https://www.amadolibros.com/sitemap-books-active.xml"	"0"	"0"	"0"	"0"	"0"	"0"	"0"	"0"
"20"	"https://www.amadolibros.com/libro/MLU620434303/libro-magia-desde-dentro-asi-se-hicieron-animales-y-donde"	"Libro - Magia desde Dentro: Así Se Hicieron Animales… | Amado Libros"	"text/html;charset=utf-8"	"false"	"200"	"0"	"https://www.amadolibros.com/sitemap-books-active.xml"	"0"	"0"	"0"	"0"	"0"	"0"	"0"	"0"
"20"	"https://www.amadolibros.com/libro/MLU636030620/gold-experience-a2-2nd-edition-exam-practice"	"Gold Experience A2 (2nd.edition) - Exam Practice | Amado Libros"	"text/html;charset=utf-8"	"false"	"200"	"0"	"https://www.amadolibros.com/sitemap-books-active.xml"	"0"	"0"	"0"	"0"	"0"	"0"	"0"	"0"
"20"	"https://www.amadolibros.com/libro/MLU611081287/libro-libreninez-un-manifiesto-casanova"	"Libro - Libreniñez: un Manifiesto - Casanova | Amado Libros"	"text/html;charset=utf-8"	"false"	"200"	"0"	"https://www.amadolibros.com/sitemap-books-active.xml"	"0"	"0"	"0"	"0"	"0"	"0"	"0"	"0"
"20"	"https://www.amadolibros.com/libro/MLU628018157/tony-stark-iron-man-07-iron-man-2020-parte-3-marvel-panini"	"Tony Stark Iron Man 07 Iron Man 2020 Parte 3 Marvel… | Amado Libros"	"text/html;charset=utf-8"	"false"	"200"	"0"	"https://www.amadolibros.com/sitemap-books-active.xml"	"0"	"0"	"0"	"0"	"0"	"0"	"0"	"0"
"20"	"https://www.amadolibros.com/libro/MLU479281259/adopciones-analisis-acciones-y-propuestas-concretas-de-abo"	"Adopciones: Análisis, Acciones y Propuestas Concretas… | Amado Libros"	"text/html;charset=utf-8"	"false"	"200"	"0"	"https://www.amadolibros.com/sitemap-books-active.xml"	"0"	"0"	"0"	"0"	"0"	"0"	"0"	"0"
"20"	"https://www.amadolibros.com/libro/MLU616864843/libro-disciplina-positiva-para-padres-y-madres-nelsen"	"Libro - Disciplina Positiva para Padres y Madres -… | Amado Libros"	"text/html;charset=utf-8"	"false"	"200"	"0"	"https://www.amadolibros.com/sitemap-books-active.xml"	"0"	"0"	"0"	"0"	"0"	"0"	"0"	"0"
"20"	"https://www.amadolibros.com/libro/MLU618954815/libro-crecer-agradeciendo-fer-suppicich"	"Libro - Crecer Agradeciendo - Fer Suppicich | Amado Libros"	"text/html;charset=utf-8"	"false"	"200"	"0"	"https://www.amadolibros.com/sitemap-books-active.xml"	"0"	"0"	"0"	"0"	"0"	"0"	"0"	"0"
"20"	"https://www.amadolibros.com/libro/MLU601641678/libro-lo-que-necesitan-los-ninos-una-nueva-escuela"	"Libro - Lo Que Necesitan los Niños ¿una Nueva Escuela? | Amado Libros"	"text/html;charset=utf-8"	"false"	"200"	"0"	"https://www.amadolibros.com/sitemap-books-active.xml"	"0"	"0"	"0"	"0"	"0"	"0"	"0"	"0"
"20"	"https://www.amadolibros.com/libro/MLU644204784/piano-basico-de-bastien-nivel-1"	"Piano Básico de Bastien Nivel 1 | Amado Libros"	"text/html;charset=utf-8"	"false"	"200"	"0"	"https://www.amadolibros.com/sitemap-books-active.xml"	"0"	"0"	"0"	"0"	"0"	"0"	"0"	"0"
"20"	"https://www.amadolibros.com/libro/MLU630271533/primero-dormir-despues-insomnio-sonar-sanchez-nestor"	"Primero Dormir Después Insomnio - Sonar Sanchez Nestor | Amado Libros"	"text/html;charset=utf-8"	"false"	"200"	"0"	"https://www.amadolibros.com/sitemap-books-active.xml"	"0"	"0"	"0"	"0"	"0"	"0"	"0"	"0"
"20"	"https://www.amadolibros.com/libro/MLU624156373/consciencia-y-sociedad-distopica-coronavirus"	"Consciencia y Sociedad Distópica Coronavirus | Amado Libros"	"text/html;charset=utf-8"	"false"	"200"	"0"	"https://www.amadolibros.com/sitemap-books-active.xml"	"0"	"0"	"0"	"0"	"0"	"0"	"0"	"0"
"20"	"https://www.amadolibros.com/libro/MLU644104458/ninos-con-deficit-de-atencion-elvira-gimenez-de-abad"	"Niños con Deficit de Atencion Elvira Giménez de Abad | Amado Libros"	"text/html;charset=utf-8"	"false"	"200"	"0"	"https://www.amadolibros.com/sitemap-books-active.xml"	"0"	"0"	"0"	"0"	"0"	"0"	"0"	"0"
"20"	"https://www.amadolibros.com/libro/MLU629814520/mbsr-el-programa-de-reduccion-del-estres-en-el-mindfulness"	"Mbsr - el Programa de Reduccion del Estres en el… | Amado Libros"	"text/html;charset=utf-8"	"false"	"200"	"0"	"https://www.amadolibros.com/sitemap-books-active.xml"	"0"	"0"	"0"	"0"	"0"	"0"	"0"	"0"
"20"	"https://www.amadolibros.com/libro/MLU641919482/pagana-tarot-oraculo-cartas-saraiba"	"Pagana Tarot Oráculo Cartas Saraiba | Amado Libros"	"text/html;charset=utf-8"	"false"	"200"	"0"	"https://www.amadolibros.com/sitemap-books-active.xml"	"0"	"0"	"0"	"0"	"0"	"0"	"0"	"0"
"20"	"https://www.amadolibros.com/libro/MLU623165613/la-ternura-del-padre-en-los-vinculos-actuales-berasain-m"	"La Ternura del Padre en los Vínculos Actuales.… | Amado Libros"	"text/html;charset=utf-8"	"false"	"200"	"0"	"https://www.amadolibros.com/sitemap-books-active.xml"	"0"	"0"	"0"	"0"	"0"	"0"	"0"	"0"
"20"	"https://www.amadolibros.com/libro/MLU629940133/bright-ideas-starter-sb-digital-pack"	"Bright Ideas Starter - Sb + Digital Pack | Amado Libros"	"text/html;charset=utf-8"	"false"	"200"	"0"	"https://www.amadolibros.com/sitemap-books-active.xml"	"0"	"0"	"0"	"0"	"0"	"0"	"0"	"0"
"20"	"https://www.amadolibros.com/libro/MLU604894896/libro-el-codigo-de-las-mentes-extraordinarias-lakhiani-v"	"Libro el Código de las Mentes Extraordinarias -… | Amado Libros"	"text/html;charset=utf-8"	"false"	"200"	"0"	"https://www.amadolibros.com/sitemap-books-active.xml"	"0"	"0"	"0"	"0"	"0"	"0"	"0"	"0"
"20"	"https://www.amadolibros.com/libro/MLU629893481/los-biblionautas-y-el-dia-de-la-mujer"	"Los Biblionautas y el Día de la Mujer | Amado Libros"	"text/html;charset=utf-8"	"false"	"200"	"0"	"https://www.amadolibros.com/sitemap-books-active.xml"	"0"	"0"	"0"	"0"	"0"	"0"	"0"	"0"
"20"	"https://www.amadolibros.com/libro/MLU625343773/de-cara-debbie-harry-blondie-tapa-dura"	"De Cara - Debbie Harry - Blondie | Amado Libros"	"text/html;charset=utf-8"	"false"	"200"	"0"	"https://www.amadolibros.com/sitemap-books-active.xml"	"0"	"0"	"0"	"0"	"0"	"0"	"0"	"0"
"20"	"https://www.amadolibros.com/libro/MLU629149575/rolling-stone-bookazine-especial-coleccionistas-coldplay"	"Rolling Stone Bookazine Especial Coleccionistas -… | Amado Libros"	"text/html;charset=utf-8"	"false"	"200"	"0"	"https://www.amadolibros.com/sitemap-books-active.xml"	"0"	"0"	"0"	"0"	"0"	"0"	"0"	"0"
"20"	"https://www.amadolibros.com/libro/MLU645310620/cuerpo-curriculum-y-discurso"	"Cuerpo, Currículum y Discurso | Amado Libros"	"text/html;charset=utf-8"	"false"	"200"	"0"	"https://www.amadolibros.com/sitemap-books-active.xml"	"0"	"0"	"0"	"0"	"0"	"0"	"0"	"0"
"20"	"https://www.amadolibros.com/libro/MLU618355213/libro-un-pais-al-margen-de-la-ley-carlos-nino-ult-edicion"	"Libro un País al Margen de la Ley Carlos Nino Ult… | Amado Libros"	"text/html;charset=utf-8"	"false"	"200"	"0"	"https://www.amadolibros.com/sitemap-books-active.xml"	"0"	"0"	"0"	"0"	"0"	"0"	"0"	"0"
"20"	"https://www.amadolibros.com/libro/MLU645452440/ciencias-el-cuerpo-humano"	"Ciencias- El Cuerpo Humano | Amado Libros"	"text/html;charset=utf-8"	"false"	"200"	"0"	"https://www.amadolibros.com/sitemap-books-active.xml"	"0"	"0"	"0"	"0"	"0"	"0"	"0"	"0"
"20"	"https://www.amadolibros.com/libro/MLU625173139/instrumentos-de-la-critica-de-maria-ines-gonzalez"	"Instrumentos de la Critica de Maria Ines Gonzalez | Amado Libros"	"text/html;charset=utf-8"	"false"	"200"	"0"	"https://www.amadolibros.com/sitemap-books-active.xml"	"0"	"0"	"0"	"0"	"0"	"0"	"0"	"0"
"20"	"https://www.amadolibros.com/libro/MLU625766736/macrame-con-trapillo-goldt-kim"	"Macrame con Trapillo - Goldt, Kim | Amado Libros"	"text/html;charset=utf-8"	"false"	"200"	"0"	"https://www.amadolibros.com/sitemap-books-active.xml"	"0"	"0"	"0"	"0"	"0"	"0"	"0"	"0"
"20"	"https://www.amadolibros.com/libro/MLU623609118/el-trabajo-ya-no-es-lo-que-fue-alain-supiot"	"El Trabajo Ya No Es Lo Que Fue, Alain Supiot | Amado Libros"	"text/html;charset=utf-8"	"false"	"200"	"0"	"https://www.amadolibros.com/sitemap-books-active.xml"	"0"	"0"	"0"	"0"	"0"	"0"	"0"	"0"
"20"	"https://www.amadolibros.com/libro/MLU618380312/resiliencia-autobiografia-de-un-espantapajaros-cyrulnik"	"Resiliencia Autobiografia de un Espantapajaros Cyrulnik | Amado Libros"	"text/html;charset=utf-8"	"false"	"200"	"0"	"https://www.amadolibros.com/sitemap-books-active.xml"	"0"	"0"	"0"	"0"	"0"	"0"	"0"	"0"
"20"	"https://www.amadolibros.com/libro/MLU636119114/tres-jueces"	"Tres Jueces | Amado Libros"	"text/html;charset=utf-8"	"false"	"200"	"0"	"https://www.amadolibros.com/sitemap-books-active.xml"	"0"	"0"	"0"	"0"	"0"	"0"	"0"	"0"
"20"	"https://www.amadolibros.com/libro/MLU620693640/carta-tarot-sibilla-di-nostradamus-30-cartas"	"Carta - Tarot Sibilla Di Nostradamus 30 Cartas | Amado Libros"	"text/html;charset=utf-8"	"false"	"200"	"0"	"https://www.amadolibros.com/sitemap-books-active.xml"	"0"	"0"	"0"	"0"	"0"	"0"	"0"	"0"
"20"	"https://www.amadolibros.com/libro/MLU478295694/feliz-feroz"	"Feliz Feroz | Amado Libros"	"text/html;charset=utf-8"	"false"	"200"	"0"	"https://www.amadolibros.com/sitemap-books-active.xml"	"0"	"0"	"0"	"0"	"0"	"0"	"0"	"0"
"20"	"https://www.amadolibros.com/libro/MLU628782797/infancias-en-la-escuela"	"Infancias En La Escuela | Amado Libros"	"text/html;charset=utf-8"	"false"	"200"	"0"	"https://www.amadolibros.com/sitemap-books-active.xml"	"0"	"0"	"0"	"0"	"0"	"0"	"0"	"0"
"20"	"https://www.amadolibros.com/libro/MLU625847761/en-blanca-y-negro-j-j-benitez-tapa-dura"	"En Blanca y Negro J.j. Benitez | Amado Libros"	"text/html;charset=utf-8"	"false"	"200"	"0"	"https://www.amadolibros.com/sitemap-books-active.xml"	"0"	"0"	"0"	"0"	"0"	"0"	"0"	"0"
"20"	"https://www.amadolibros.com/libro/MLU624888819/mascherano-messi-15-escalones-liderazgo"	"Mascherano Messi 15 Escalones Liderazgo | Amado Libros"	"text/html;charset=utf-8"	"false"	"200"	"0"	"https://www.amadolibros.com/sitemap-books-active.xml"	"0"	"0"	"0"	"0"	"0"	"0"	"0"	"0"
"20"	"https://www.amadolibros.com/libro/MLU622487971/el-amor-de-tu-vida-compartida-enriqueta-olivari"	"El Amor de Tu Vida Compartida: Enriqueta Olivari | Amado Libros"	"text/html;charset=utf-8"	"false"	"200"	"0"	"https://www.amadolibros.com/sitemap-books-active.xml"	"0"	"0"	"0"	"0"	"0"	"0"	"0"	"0"
"20"	"https://www.amadolibros.com/libro/MLU623085007/cuentos-de-la-madre-tierra-causse"	"Cuentos de la Madre Tierra - Causse | Amado Libros"	"text/html;charset=utf-8"	"false"	"200"	"0"	"https://www.amadolibros.com/sitemap-books-active.xml"	"0"	"0"	"0"	"0"	"0"	"0"	"0"	"0"
"20"	"https://www.amadolibros.com/libro/MLU625783128/el-hombre-guionado-principios-de-analisis-transaccional"	"El Hombre Guionado. Principios de Analisis… | Amado Libros"	"text/html;charset=utf-8"	"false"	"200"	"0"	"https://www.amadolibros.com/sitemap-books-active.xml"	"0"	"0"	"0"	"0"	"0"	"0"	"0"	"0"
"20"	"https://www.amadolibros.com/libro/MLU628170035/los-intercesores-del-opus-dei-muniz-enrique-rialp"	"Los Intercesores del Opus Dei. Muñiz, Enrique. Rialp | Amado Libros"	"text/html;charset=utf-8"	"false"	"200"	"0"	"https://www.amadolibros.com/sitemap-books-active.xml"	"0"	"0"	"0"	"0"	"0"	"0"	"0"	"0"
"20"	"https://www.amadolibros.com/libro/MLU626835722/hey-friends-1-student-s-book-workbook"	"Hey Friends 1 - Student's Book + Workbook | Amado Libros"	"text/html;charset=utf-8"	"false"	"200"	"0"	"https://www.amadolibros.com/sitemap-books-active.xml"	"0"	"0"	"0"	"0"	"0"	"0"	"0"	"0"
"20"	"https://www.amadolibros.com/libro/MLU633479150/bullying-ni-ni-y-cutting-en-los-adolescentes-damasia-amadeo"	"Bullying Ni-ni y Cutting en los Adolescentes Damasia… | Amado Libros"	"text/html;charset=utf-8"	"false"	"200"	"0"	"https://www.amadolibros.com/sitemap-books-active.xml"	"0"	"0"	"0"	"0"	"0"	"0"	"0"	"0"
"20"	"https://www.amadolibros.com/libro/MLU617132031/libro-juego-y-vida-caneque-jugar-libre"	"Libro - Juego y Vida - Cañeque, Jugar Libre | Amado Libros"	"text/html;charset=utf-8"	"false"	"200"	"0"	"https://www.amadolibros.com/sitemap-books-active.xml"	"0"	"0"	"0"	"0"	"0"	"0"	"0"	"0"
"20"	"https://www.amadolibros.com/libro/MLU628044144/aprendo-la-hora-con-lobo-incluye-reloj"	"Aprendo La Hora Con Lobo - Incluye Reloj | Amado Libros"	"text/html;charset=utf-8"	"false"	"200"	"0"	"https://www.amadolibros.com/sitemap-books-active.xml"	"0"	"0"	"0"	"0"	"0"	"0"	"0"	"0"
"20"	"https://www.amadolibros.com/libro/MLU635286284/gestionar-diversidades-aulas-instituciones-y-territorios"	"Gestionar Diversidades Aulas, Instituciones y… | Amado Libros"	"text/html;charset=utf-8"	"false"	"200"	"0"	"https://www.amadolibros.com/sitemap-books-active.xml"	"0"	"0"	"0"	"0"	"0"	"0"	"0"	"0"
"20"	"https://www.amadolibros.com/libro/MLU644204946/atlas-de-ecografia-para-patologias-musculoesqueleticas-comun"	"Atlas De Ecografía Para Patologías Musculoesqueléticas Comun | Amado Libros"	"text/html;charset=utf-8"	"false"	"200"	"0"	"https://www.amadolibros.com/sitemap-books-active.xml"	"0"	"0"	"0"	"0"	"0"	"0"	"0"	"0"
"20"	"https://www.amadolibros.com/libro/MLU625367329/messi-el-genio-completo-de-ariel-senosiain"	"Messi el Genio Completo de Ariel Senosiain | Amado Libros"	"text/html;charset=utf-8"	"false"	"200"	"0"	"https://www.amadolibros.com/sitemap-books-active.xml"	"0"	"0"	"0"	"0"	"0"	"0"	"0"	"0"
"20"	"https://www.amadolibros.com/libro/MLU478016259/parir-en-casa-barbara-lorenzo-parto-libro-crianza-embarazo"	"Parir en Casa - Bárbara Lorenzo Parto Libro Crianza… | Amado Libros"	"text/html;charset=utf-8"	"false"	"200"	"0"	"https://www.amadolibros.com/sitemap-books-active.xml"	"0"	"0"	"0"	"0"	"0"	"0"	"0"	"0"
"20"	"https://www.amadolibros.com/libro/MLU615892443/libro-cuaderno-para-un-perine-despierto-y-relajado-nuria"	"Libro - Cuaderno para un Perine Despierto y Relajado… | Amado Libros"	"text/html;charset=utf-8"	"false"	"200"	"0"	"https://www.amadolibros.com/sitemap-books-active.xml"	"0"	"0"	"0"	"0"	"0"	"0"	"0"	"0"
"20"	"https://www.amadolibros.com/libro/MLU602129384/generos-textuales-en-secuencias-didacticas-de-lengua-y-liter"	"Generos Textuales en Secuencias Didacticas de Lengua… | Amado Libros"	"text/html;charset=utf-8"	"false"	"200"	"0"	"https://www.amadolibros.com/sitemap-books-active.xml"	"0"	"0"	"0"	"0"	"0"	"0"	"0"	"0"
"20"	"https://www.amadolibros.com/libro/MLU644024718/la-traumatica-desolacion-de-los-ninos-rafael-lopez-corvo"	"La Traumatica Desolacion de los Niños - Rafael Lopez… | Amado Libros"	"text/html;charset=utf-8"	"false"	"200"	"0"	"https://www.amadolibros.com/sitemap-books-active.xml"	"0"	"0"	"0"	"0"	"0"	"0"	"0"	"0"
"20"	"https://www.amadolibros.com/libro/MLU604900296/act-terapia-de-aceptacion-y-compromiso-cn-adolescentes-mandi"	"Act Terapia de Aceptacion y Compromiso Cn… | Amado Libros"	"text/html;charset=utf-8"	"false"	"200"	"0"	"https://www.amadolibros.com/sitemap-books-active.xml"	"0"	"0"	"0"	"0"	"0"	"0"	"0"	"0"
"20"	"https://www.amadolibros.com/libro/MLU619837599/libro-dislexia-en-el-desarrollo-psiquico-torras-de-bea"	"Libro - Dislexia en el Desarrollo Psiquico - Torras… | Amado Libros"	"text/html;charset=utf-8"	"false"	"200"	"0"	"https://www.amadolibros.com/sitemap-books-active.xml"	"0"	"0"	"0"	"0"	"0"	"0"	"0"	"0"
"20"	"https://www.amadolibros.com/libro/MLU636069220/libro-botta-herramientas-de-labranza-orientacion-grafica"	"Libro Botta: Herramientas De Labranza Orientacion Grafica | Amado Libros"	"text/html;charset=utf-8"	"false"	"200"	"0"	"https://www.amadolibros.com/sitemap-books-active.xml"	"0"	"0"	"0"	"0"	"0"	"0"	"0"	"0"
"20"	"https://www.amadolibros.com/libro/MLU603034141/libro-animate-a-manifestar-tus-suenos-naty-franz"	"Libro Animate a Manifestar Tus Sueños Naty Franz | Amado Libros"	"text/html;charset=utf-8"	"false"	"200"	"0"	"https://www.amadolibros.com/sitemap-books-active.xml"	"0"	"0"	"0"	"0"	"0"	"0"	"0"	"0"
"20"	"https://www.amadolibros.com/libro/MLU613621257/libro-el-album-del-bebe-de-el-principito-de-saint-exuper"	"Libro - el Álbum del Bebé de el Principito | Amado Libros"	"text/html;charset=utf-8"	"false"	"200"	"0"	"https://www.amadolibros.com/sitemap-books-active.xml"	"0"	"0"	"0"	"0"	"0"	"0"	"0"	"0"
"20"	"https://www.amadolibros.com/libro/MLU610389273/beyond-order-12-more-rules-for-life-jordan-b-tapa-dura"	"Beyond Order: 12 More Rules For Life - Jordan B.… | Amado Libros"	"text/html;charset=utf-8"	"false"	"200"	"0"	"https://www.amadolibros.com/sitemap-books-active.xml"	"0"	"0"	"0"	"0"	"0"	"0"	"0"	"0"
"20"	"https://www.amadolibros.com/libro/MLU633375794/biblia-infantil-del-apostol-san-pablo"	"Biblia Infantil del Apóstol San Pablo | Amado Libros"	"text/html;charset=utf-8"	"false"	"200"	"0"	"https://www.amadolibros.com/sitemap-books-active.xml"	"0"	"0"	"0"	"0"	"0"	"0"	"0"	"0"
"20"	"https://www.amadolibros.com/libro/MLU628104641/alteraciones-de-la-identidad-en-personas-con-trastorno-li"	"Alteraciones De La Identidad En Personas Con Trastorno Lí... | Amado Libros"	"text/html;charset=utf-8"	"false"	"200"	"0"	"https://www.amadolibros.com/sitemap-books-active.xml"	"0"	"0"	"0"	"0"	"0"	"0"	"0"	"0"
"20"	"https://www.amadolibros.com/libro/MLU644724142/el-cole-es-el-infierno"	"El Cole Es el Infierno | Amado Libros"	"text/html;charset=utf-8"	"false"	"200"	"0"	"https://www.amadolibros.com/sitemap-books-active.xml"	"0"	"0"	"0"	"0"	"0"	"0"	"0"	"0"
"20"	"https://www.amadolibros.com/libro/MLU626263749/reina-bilogia-salvaje-2-bebi-fernandez"	"Reina: Bilogia Salvaje 2 Bebi Fernandez | Amado Libros"	"text/html;charset=utf-8"	"false"	"200"	"0"	"https://www.amadolibros.com/sitemap-books-active.xml"	"0"	"0"	"0"	"0"	"0"	"0"	"0"	"0"
"20"	"https://www.amadolibros.com/libro/MLU624079857/la-experiencia-angelica-angeles-terry-lynn-taylor"	"La Experiencia Angelica, Angeles. Terry Lynn Taylor | Amado Libros"	"text/html;charset=utf-8"	"false"	"200"	"0"	"https://www.amadolibros.com/sitemap-books-active.xml"	"0"	"0"	"0"	"0"	"0"	"0"	"0"	"0"
"20"	"https://www.amadolibros.com/libro/MLU621850929/propuestas-de-dosificacion-de-medicamentos-en-el-caballo-e"	"Propuestas de Dosificación de Medicamentos en el… | Amado Libros"	"text/html;charset=utf-8"	"false"	"200"	"0"	"https://www.amadolibros.com/sitemap-books-active.xml"	"0"	"0"	"0"	"0"	"0"	"0"	"0"	"0"
"20"	"https://www.amadolibros.com/libro/MLU604009657/hacia-el-jardin-de-infantes-que-queremos-diana-jarvis"	"Hacia El Jardin De Infantes Que Queremos Diana Jarvis. | Amado Libros"	"text/html;charset=utf-8"	"false"	"200"	"0"	"https://www.amadolibros.com/sitemap-books-active.xml"	"0"	"0"	"0"	"0"	"0"	"0"	"0"	"0"
"20"	"https://www.amadolibros.com/libro/MLU614871895/libro-pendulum-gadini-roberto-estuche-libro-pendulo"	"Libro - Pendulum - Gadini, Roberto Estuche (libro +… | Amado Libros"	"text/html;charset=utf-8"	"false"	"200"	"0"	"https://www.amadolibros.com/sitemap-books-active.xml"	"0"	"0"	"0"	"0"	"0"	"0"	"0"	"0"
"20"	"https://www.amadolibros.com/libro/MLU625770700/85-ejercicios-de-pista-para-el-caballo-jinete-y-monitor"	"85 Ejercicios de Pista para el Caballo Jinete y Monitor | Amado Libros"	"text/html;charset=utf-8"	"false"	"200"	"0"	"https://www.amadolibros.com/sitemap-books-active.xml"	"0"	"0"	"0"	"0"	"0"	"0"	"0"	"0"
"20"	"https://www.amadolibros.com/libro/MLU614034430/libro-el-archivo-de-la-magia-signe-bergstrom"	"Libro - el Archivo de la Magia - Signe Bergstrom | Amado Libros"	"text/html;charset=utf-8"	"false"	"200"	"0"	"https://www.amadolibros.com/sitemap-books-active.xml"	"0"	"0"	"0"	"0"	"0"	"0"	"0"	"0"
"20"	"https://www.amadolibros.com/libro/MLU609464994/libro-ser-ninos-acompanados-laura-estremera-bayod"	"Libro Ser Niños Acompañados - Laura Estremera Bayod | Amado Libros"	"text/html;charset=utf-8"	"false"	"200"	"0"	"https://www.amadolibros.com/sitemap-books-active.xml"	"0"	"0"	"0"	"0"	"0"	"0"	"0"	"0"
"20"	"https://www.amadolibros.com/libro/MLU637893270/el-nadador-en-el-mar-secreto-kotzwinkle-william-cartone"	"El Nadador en el Mar Secreto. Kotzwinkle, William… | Amado Libros"	"text/html;charset=utf-8"	"false"	"200"	"0"	"https://www.amadolibros.com/sitemap-books-active.xml"	"0"	"0"	"0"	"0"	"0"	"0"	"0"	"0"
"20"	"https://www.amadolibros.com/libro/MLU633742572/english-b-course-companion-ib-diploma-programme"	"English B - Course Companion - Ib Diploma Programme | Amado Libros"	"text/html;charset=utf-8"	"false"	"200"	"0"	"https://www.amadolibros.com/sitemap-books-active.xml"	"0"	"0"	"0"	"0"	"0"	"0"	"0"	"0"
"20"	"https://www.amadolibros.com/libro/MLU616585790/libro-adiccion-a-las-personas-codependencia-y-recuperacion"	"Libro - Adicción a las Personas Codependencia y… | Amado Libros"	"text/html;charset=utf-8"	"false"	"200"	"0"	"https://www.amadolibros.com/sitemap-books-active.xml"	"0"	"0"	"0"	"0"	"0"	"0"	"0"	"0"
"20"	"https://www.amadolibros.com/libro/MLU621163445/violet-bent-backwards-over-the-grass-lana-del-rey-tapa-dura"	"Violet Bent Backwards Over The Grass Lana del Rey… | Amado Libros"	"text/html;charset=utf-8"	"false"	"200"	"0"	"https://www.amadolibros.com/sitemap-books-active.xml"	"0"	"0"	"0"	"0"	"0"	"0"	"0"	"0"
"20"	"https://www.amadolibros.com/libro/MLU616433535/cartas-mazo-oculto-tarot-travis-mchenry"	"Cartas Mazo Oculto Tarot - Travis Mchenry | Amado Libros"	"text/html;charset=utf-8"	"false"	"200"	"0"	"https://www.amadolibros.com/sitemap-books-active.xml"	"0"	"0"	"0"	"0"	"0"	"0"	"0"	"0"
"20"	"https://www.amadolibros.com/libro/MLU612003728/libro-curate-a-ti-mismo-edward-bach"	"Libro - Cúrate a Ti Mismo - Edward Bach | Amado Libros"	"text/html;charset=utf-8"	"false"	"200"	"0"	"https://www.amadolibros.com/sitemap-books-active.xml"	"0"	"0"	"0"	"0"	"0"	"0"	"0"	"0"
"20"	"https://www.amadolibros.com/libro/MLU623035617/la-veganista-conservas-veganas-just"	"La Veganista Conservas Veganas Just | Amado Libros"	"text/html;charset=utf-8"	"false"	"200"	"0"	"https://www.amadolibros.com/sitemap-books-active.xml"	"0"	"0"	"0"	"0"	"0"	"0"	"0"	"0"
"20"	"https://www.amadolibros.com/libro/MLU636119090/el-bosque-no-se-vende-abrazo-de-letras-serie-roja"	"El Bosque No Se Vende - Abrazo De Letras - Serie Roja | Amado Libros"	"text/html;charset=utf-8"	"false"	"200"	"0"	"https://www.amadolibros.com/sitemap-books-active.xml"	"0"	"0"	"0"	"0"	"0"	"0"	"0"	"0"
"20"	"https://www.amadolibros.com/libro/MLU618446214/summa-118-hacia-una-arquitectura-sostenible"	"Summa+ #118: Hacia Una Arquitectura Sostenible | Amado Libros"	"text/html;charset=utf-8"	"false"	"200"	"0"	"https://www.amadolibros.com/sitemap-books-active.xml"	"0"	"0"	"0"	"0"	"0"	"0"	"0"	"0"
"20"	"https://www.amadolibros.com/libro/MLU636159496/infancia-y-poder-mariano-narodowski"	"Infancia y Poder - Mariano Narodowski | Amado Libros"	"text/html;charset=utf-8"	"false"	"200"	"0"	"https://www.amadolibros.com/sitemap-books-active.xml"	"0"	"0"	"0"	"0"	"0"	"0"	"0"	"0"
"20"	"https://www.amadolibros.com/libro/MLU628838459/cuentos-de-la-madre-tierra"	"Cuentos de la Madre Tierra | Amado Libros"	"text/html;charset=utf-8"	"false"	"200"	"0"	"https://www.amadolibros.com/sitemap-books-active.xml"	"0"	"0"	"0"	"0"	"0"	"0"	"0"	"0"
"20"	"https://www.amadolibros.com/libro/MLU630087606/historia-de-la-comida-felipe-fernandez-armesto"	"Historia de la Comida - Felipe Fernández-armesto | Amado Libros"	"text/html;charset=utf-8"	"false"	"200"	"0"	"https://www.amadolibros.com/sitemap-books-active.xml"	"0"	"0"	"0"	"0"	"0"	"0"	"0"	"0"
"20"	"https://www.amadolibros.com/libro/MLU602625277/carino-y-teta-rosa-jove"	"Cariño y Teta Rosa Jove | Amado Libros"	"text/html;charset=utf-8"	"false"	"200"	"0"	"https://www.amadolibros.com/sitemap-books-active.xml"	"0"	"0"	"0"	"0"	"0"	"0"	"0"	"0"
"20"	"https://www.amadolibros.com/libro/MLU629940063/heaven-earth-tarot-kit-jack-sephiroth"	"Heaven & Earth Tarot Kit - Jack Sephiroth | Amado Libros"	"text/html;charset=utf-8"	"false"	"200"	"0"	"https://www.amadolibros.com/sitemap-books-active.xml"	"0"	"0"	"0"	"0"	"0"	"0"	"0"	"0"
"20"	"https://www.amadolibros.com/libro/MLU637883610/el-juego-en-la-ensenanza-de-la-matematica-brinnitzer"	"El Juego en la Enseñanza de la Matemática - Brinnitzer | Amado Libros"	"text/html;charset=utf-8"	"false"	"200"	"0"	"https://www.amadolibros.com/sitemap-books-active.xml"	"0"	"0"	"0"	"0"	"0"	"0"	"0"	"0"
"20"	"https://www.amadolibros.com/libro/MLU630217809/jacques-derrida-una-introduccion-goldschmit-marc"	"Jacques Derrida, una Introducción, Goldschmit, Marc | Amado Libros"	"text/html;charset=utf-8"	"false"	"200"	"0"	"https://www.amadolibros.com/sitemap-books-active.xml"	"0"	"0"	"0"	"0"	"0"	"0"	"0"	"0"
"20"	"https://www.amadolibros.com/libro/MLU629952509/libro-como-atrapar-a-una-heredera-quinn-julia"	"Libro Como Atrapar A Una Heredera - Quinn, Julia | Amado Libros"	"text/html;charset=utf-8"	"false"	"200"	"0"	"https://www.amadolibros.com/sitemap-books-active.xml"	"0"	"0"	"0"	"0"	"0"	"0"	"0"	"0"
"20"	"https://www.amadolibros.com/libro/MLU636030668/irma-el-calculo-de-la-interpretacion-miller-jacques-alain"	"Irma el Calculo de la Interpretacion - Miller Jacques… | Amado Libros"	"text/html;charset=utf-8"	"false"	"200"	"0"	"https://www.amadolibros.com/sitemap-books-active.xml"	"0"	"0"	"0"	"0"	"0"	"0"	"0"	"0"
"20"	"https://www.amadolibros.com/libro/MLU618126661/revista-summa-169-reciclajes-y-ampliaciones"	"Revista Summa + 169 Reciclajes Y Ampliaciones | Amado Libros"	"text/html;charset=utf-8"	"false"	"200"	"0"	"https://www.amadolibros.com/sitemap-books-active.xml"	"0"	"0"	"0"	"0"	"0"	"0"	"0"	"0"
"20"	"https://www.amadolibros.com/libro/MLU633466536/libro-de-los-ositos-rezamos-a-mama-maria-cartone"	"Libro de los Ositos Rezamos a Mama Maria (cartone) | Amado Libros"	"text/html;charset=utf-8"	"false"	"200"	"0"	"https://www.amadolibros.com/sitemap-books-active.xml"	"0"	"0"	"0"	"0"	"0"	"0"	"0"	"0"
"20"	"https://www.amadolibros.com/libro/MLU615482434/ensenanza-aprendizaje-creatividad-jardin-infantes-burgos"	"Enseñanza Aprendizaje Creatividad Jardín Infantes… | Amado Libros"	"text/html;charset=utf-8"	"false"	"200"	"0"	"https://www.amadolibros.com/sitemap-books-active.xml"	"0"	"0"	"0"	"0"	"0"	"0"	"0"	"0"
"20"	"https://www.amadolibros.com/libro/MLU625841326/celos-y-envidia-soler-sole"	"Celos Y Envidia - Soler Sole | Amado Libros"	"text/html;charset=utf-8"	"false"	"200"	"0"	"https://www.amadolibros.com/sitemap-books-active.xml"	"0"	"0"	"0"	"0"	"0"	"0"	"0"	"0"
"20"	"https://www.amadolibros.com/libro/MLU627579066/las-estrategias-de-satan-el-mal-desde-la-cabala-hebrea"	"Las Estrategias de Satan - el Mal desde la Cabala… | Amado Libros"	"text/html;charset=utf-8"	"false"	"200"	"0"	"https://www.amadolibros.com/sitemap-books-active.xml"	"0"	"0"	"0"	"0"	"0"	"0"	"0"	"0"
"20"	"https://www.amadolibros.com/libro/MLU606975929/como-aprendi-a-entender-el-mundo-hans-rosling-factfulness-au"	"Cómo Aprendí a Entender el Mundo Hans Rosling… | Amado Libros"	"text/html;charset=utf-8"	"false"	"200"	"0"	"https://www.amadolibros.com/sitemap-books-active.xml"	"0"	"0"	"0"	"0"	"0"	"0"	"0"	"0"
"20"	"https://www.amadolibros.com/libro/MLU636069188/libro-lo-hago-como-madremente-puedo"	"Libro Lo Hago Como Madremente Puedo | Amado Libros"	"text/html;charset=utf-8"	"false"	"200"	"0"	"https://www.amadolibros.com/sitemap-books-active.xml"	"0"	"0"	"0"	"0"	"0"	"0"	"0"	"0"
"20"	"https://www.amadolibros.com/libro/MLU633817006/la-guerra-cultural-del-foro-de-sao-paulo"	"La Guerra Cultural del Foro de Sao Paulo | Amado Libros"	"text/html;charset=utf-8"	"false"	"200"	"0"	"https://www.amadolibros.com/sitemap-books-active.xml"	"0"	"0"	"0"	"0"	"0"	"0"	"0"	"0"
"20"	"https://www.amadolibros.com/libro/MLU638054644/meditacion-y-cabala-ahrey-kaplan"	"Meditacion y Cabala Ahrey Kaplan | Amado Libros"	"text/html;charset=utf-8"	"false"	"200"	"0"	"https://www.amadolibros.com/sitemap-books-active.xml"	"0"	"0"	"0"	"0"	"0"	"0"	"0"	"0"
"20"	"https://www.amadolibros.com/libro/MLU625100300/ana-de-las-tejas-verdes-album-lucy-maud-montgomery"	"Ana de las Tejas Verdes (álbum) Lucy Maud Montgomery | Amado Libros"	"text/html;charset=utf-8"	"false"	"200"	"0"	"https://www.amadolibros.com/sitemap-books-active.xml"	"0"	"0"	"0"	"0"	"0"	"0"	"0"	"0"
"20"	"https://www.amadolibros.com/libro/MLU636144712/los-15-escalones-del-liderazgo-mascherano-miguelez"	"Los 15 Escalones Del Liderazgo - Mascherano, Miguelez | Amado Libros"	"text/html;charset=utf-8"	"false"	"200"	"0"	"https://www.amadolibros.com/sitemap-books-active.xml"	"0"	"0"	"0"	"0"	"0"	"0"	"0"	"0"
"20"	"https://www.amadolibros.com/libro/MLU476750663/ninfa-rota-alfredo-gomez-cerda-premio-anaya-2019"	"Ninfa Rota - Alfredo Gómez Cerdá - Premio Anaya 2019 | Amado Libros"	"text/html;charset=utf-8"	"false"	"200"	"0"	"https://www.amadolibros.com/sitemap-books-active.xml"	"0"	"0"	"0"	"0"	"0"	"0"	"0"	"0"
"20"	"https://www.amadolibros.com/libro/MLU629748753/wider-world-3-student-s-book-ebook-myenglishlab-onli"	"Wider World 3 - Student's Book + Ebook + Myenglishlab… | Amado Libros"	"text/html;charset=utf-8"	"false"	"200"	"0"	"https://www.amadolibros.com/sitemap-books-active.xml"	"0"	"0"	"0"	"0"	"0"	"0"	"0"	"0"
"20"	"https://www.amadolibros.com/libro/MLU620933524/libro-como-estudiar-e-interpretar-la-biblia-r-c-sproul"	"Libro - Cómo Estudiar e Interpretar la Biblia - R.c.… | Amado Libros"	"text/html;charset=utf-8"	"false"	"200"	"0"	"https://www.amadolibros.com/sitemap-books-active.xml"	"0"	"0"	"0"	"0"	"0"	"0"	"0"	"0"
"20"	"https://www.amadolibros.com/libro/MLU614540222/libro-personas-toxicas-silvia-congost"	"Libro - Personas Tóxicas - Silvia Congost | Amado Libros"	"text/html;charset=utf-8"	"false"	"200"	"0"	"https://www.amadolibros.com/sitemap-books-active.xml"	"0"	"0"	"0"	"0"	"0"	"0"	"0"	"0"
"20"	"https://www.amadolibros.com/libro/MLU629635962/desde-el-pais-de-los-blancos-ousman-umar-tapa-dura"	"Desde el País de los Blancos Ousman Umar Tapa Dura | Amado Libros"	"text/html;charset=utf-8"	"false"	"200"	"0"	"https://www.amadolibros.com/sitemap-books-active.xml"	"0"	"0"	"0"	"0"	"0"	"0"	"0"	"0"
"20"	"https://www.amadolibros.com/libro/MLU614804408/libro-el-principio-80-20-richard-koch"	"Libro - el Principio 80/20 - Richard Koch | Amado Libros"	"text/html;charset=utf-8"	"false"	"200"	"0"	"https://www.amadolibros.com/sitemap-books-active.xml"	"0"	"0"	"0"	"0"	"0"	"0"	"0"	"0"
"20"	"https://www.amadolibros.com/libro/MLU611924924/libro-enigmatico-tarot-guler-claves-de-el-gran-tarot"	"Libro - Enigmático Tarot Guler: Claves de el Gran Tarot | Amado Libros"	"text/html;charset=utf-8"	"false"	"200"	"0"	"https://www.amadolibros.com/sitemap-books-active.xml"	"0"	"0"	"0"	"0"	"0"	"0"	"0"	"0"
"20"	"https://www.amadolibros.com/libro/MLU614473524/libro-hadas-guia-esencial-disney"	"Libro - Hadas. Guia Esencial - Disney | Amado Libros"	"text/html;charset=utf-8"	"false"	"200"	"0"	"https://www.amadolibros.com/sitemap-books-active.xml"	"0"	"0"	"0"	"0"	"0"	"0"	"0"	"0"
"20"	"https://www.amadolibros.com/libro/MLU629351414/soy-bobbie-memorias-flores-edward-bach-evelyn-bach"	"Soy Bobbie. Memorias. Flores. Edward Bach - Evelyn Bach | Amado Libros"	"text/html;charset=utf-8"	"false"	"200"	"0"	"https://www.amadolibros.com/sitemap-books-active.xml"	"0"	"0"	"0"	"0"	"0"	"0"	"0"	"0"
"20"	"https://www.amadolibros.com/libro/MLU629940053/educar-sin-miedo-a-escuchar-gonzalez-vara-yolanda"	"Educar sin Miedo a Escuchar - Gonzalez Vara, Yolanda | Amado Libros"	"text/html;charset=utf-8"	"false"	"200"	"0"	"https://www.amadolibros.com/sitemap-books-active.xml"	"0"	"0"	"0"	"0"	"0"	"0"	"0"	"0"
"20"	"https://www.amadolibros.com/libro/MLU628050972/libro-la-pluma-magica-de-gwendy-richard-chizmar"	"Libro La Pluma Magica De Gwendy - Richard Chizmar | Amado Libros"	"text/html;charset=utf-8"	"false"	"200"	"0"	"https://www.amadolibros.com/sitemap-books-active.xml"	"0"	"0"	"0"	"0"	"0"	"0"	"0"	"0"
"20"	"https://www.amadolibros.com/libro/MLU628044494/la-empresa-mas-feliz-del-mundo"	"La Empresa Más Feliz Del Mundo | Amado Libros"	"text/html;charset=utf-8"	"false"	"200"	"0"	"https://www.amadolibros.com/sitemap-books-active.xml"	"0"	"0"	"0"	"0"	"0"	"0"	"0"	"0"
"20"	"https://www.amadolibros.com/libro/MLU623555204/generos-cuerpos-placeres-foucault-ayouch"	"Generos Cuerpos Placeres Foucault Ayouch | Amado Libros"	"text/html;charset=utf-8"	"false"	"200"	"0"	"https://www.amadolibros.com/sitemap-books-active.xml"	"0"	"0"	"0"	"0"	"0"	"0"	"0"	"0"
"20"	"https://www.amadolibros.com/libro/MLU628770086/libro-la-nueva-terapia-sexual-2-kaplan-helen-singer"	"Libro la Nueva Terapia Sexual 2 - Kaplan, Helen Singer | Amado Libros"	"text/html;charset=utf-8"	"false"	"200"	"0"	"https://www.amadolibros.com/sitemap-books-active.xml"	"0"	"0"	"0"	"0"	"0"	"0"	"0"	"0"
"20"	"https://www.amadolibros.com/libro/MLU630054757/kid-s-box-1-activity-book-with-online-resources-2ed-update"	"Kid S Box 1- Activity Book With Online Resources 2ed… | Amado Libros"	"text/html;charset=utf-8"	"false"	"200"	"0"	"https://www.amadolibros.com/sitemap-books-active.xml"	"0"	"0"	"0"	"0"	"0"	"0"	"0"	"0"
"20"	"https://www.amadolibros.com/libro/MLU630260256/el-fin-del-materialismo-tart-charles"	"El Fin del Materialismo - Tart, Charles | Amado Libros"	"text/html;charset=utf-8"	"false"	"200"	"0"	"https://www.amadolibros.com/sitemap-books-active.xml"	"0"	"0"	"0"	"0"	"0"	"0"	"0"	"0"
"20"	"https://www.amadolibros.com/libro/MLU605120243/hacer-de-una-escuela-una-buena-escuela-claudia-romero"	"Hacer de una Escuela, una Buena Escuela - Claudia… | Amado Libros"	"text/html;charset=utf-8"	"false"	"200"	"0"	"https://www.amadolibros.com/sitemap-books-active.xml"	"0"	"0"	"0"	"0"	"0"	"0"	"0"	"0"
"20"	"https://www.amadolibros.com/libro/MLU616170446/libro-eco-astrologia-astrologia-para-el-florecimiento"	"Libro - Eco Astrología Astrología para el Florecimiento | Amado Libros"	"text/html;charset=utf-8"	"false"	"200"	"0"	"https://www.amadolibros.com/sitemap-books-active.xml"	"0"	"0"	"0"	"0"	"0"	"0"	"0"	"0"
"20"	"https://www.amadolibros.com/libro/MLU630034637/pablo-va-a-tener-un-hermanito-de-marcela-czarny"	"Pablo Va a Tener un Hermanito de Marcela Czarny | Amado Libros"	"text/html;charset=utf-8"	"false"	"200"	"0"	"https://www.amadolibros.com/sitemap-books-active.xml"	"0"	"0"	"0"	"0"	"0"	"0"	"0"	"0"
"20"	"https://www.amadolibros.com/libro/MLU644191790/los-monstruos-y-los-criticos-tolkien-j-r-r"	"Los Monstruos y los Criticos - Tolkien, J. R. R | Amado Libros"	"text/html;charset=utf-8"	"false"	"200"	"0"	"https://www.amadolibros.com/sitemap-books-active.xml"	"0"	"0"	"0"	"0"	"0"	"0"	"0"	"0"
"20"	"https://www.amadolibros.com/libro/MLU633872848/la-salud-fisica-y-emocional-del-profesorado-dolors-oliver"	"La Salud Física y Emocional del Profesorado - Dolors… | Amado Libros"	"text/html;charset=utf-8"	"false"	"200"	"0"	"https://www.amadolibros.com/sitemap-books-active.xml"	"0"	"0"	"0"	"0"	"0"	"0"	"0"	"0"
"20"	"https://www.amadolibros.com/libro/MLU612997527/libro-redes-de-maternidad-y-crianza-garrido-mayo-maria"	"Libro - Redes de Maternidad y Crianza - Garrido Mayo,… | Amado Libros"	"text/html;charset=utf-8"	"false"	"200"	"0"	"https://www.amadolibros.com/sitemap-books-active.xml"	"0"	"0"	"0"	"0"	"0"	"0"	"0"	"0"
"20"	"https://www.amadolibros.com/libro/MLU628031491/francotiradora-de-stalin-la-lyudmila-pavlichenko"	"Francotiradora De Stalin,la - Lyudmila Pavlichenko | Amado Libros"	"text/html;charset=utf-8"	"false"	"200"	"0"	"https://www.amadolibros.com/sitemap-books-active.xml"	"0"	"0"	"0"	"0"	"0"	"0"	"0"	"0"
"20"	"https://www.amadolibros.com/libro/MLU628838462/libro-un-extrano-a-la-orilla-del-mar"	"Libro - un Extraño a la Orilla del Mar | Amado Libros"	"text/html;charset=utf-8"	"false"	"200"	"0"	"https://www.amadolibros.com/sitemap-books-active.xml"	"0"	"0"	"0"	"0"	"0"	"0"	"0"	"0"
"20"	"https://www.amadolibros.com/libro/MLU645375344/etapas-del-desarrollo"	"Etapas del Desarrollo | Amado Libros"	"text/html;charset=utf-8"	"false"	"200"	"0"	"https://www.amadolibros.com/sitemap-books-active.xml"	"0"	"0"	"0"	"0"	"0"	"0"	"0"	"0"
"20"	"https://www.amadolibros.com/libro/MLU478256273/el-desarrollo-del-bebe-cognicion-emocion-y-afectividad"	"El Desarrollo del Bebé. Cognición, Emoción y… | Amado Libros"	"text/html;charset=utf-8"	"false"	"200"	"0"	"https://www.amadolibros.com/sitemap-books-active.xml"	"0"	"0"	"0"	"0"	"0"	"0"	"0"	"0"
"20"	"https://www.amadolibros.com/libro/MLU633284790/el-libro-salvaje-de-juan-villoro"	"El Libro Salvaje de Juan Villoro | Amado Libros"	"text/html;charset=utf-8"	"false"	"200"	"0"	"https://www.amadolibros.com/sitemap-books-active.xml"	"0"	"0"	"0"	"0"	"0"	"0"	"0"	"0"
"20"	"https://www.amadolibros.com/libro/MLU621623764/libro-la-dieta-antiinflamatoria-haz-estos-cambios-simples"	"Libro - la Dieta Antiinflamatoria: Haz Estos Cambios… | Amado Libros"	"text/html;charset=utf-8"	"false"	"200"	"0"	"https://www.amadolibros.com/sitemap-books-active.xml"	"0"	"0"	"0"	"0"	"0"	"0"	"0"	"0"
"20"	"https://www.amadolibros.com/libro/MLU636056336/libro-voy-al-bano-yo-solito"	"Libro - ¡voy al Baño Yo Solito! | Amado Libros"	"text/html;charset=utf-8"	"false"	"200"	"0"	"https://www.amadolibros.com/sitemap-books-active.xml"	"0"	"0"	"0"	"0"	"0"	"0"	"0"	"0"
"20"	"https://www.amadolibros.com/libro/MLU628149812/rectangulo-y-flecha-camilo-blajaquis-cesar-gonzalez"	"Rectángulo Y Flecha - (camilo Blajaquis), Cèsar Gonzalez | Amado Libros"	"text/html;charset=utf-8"	"false"	"200"	"0"	"https://www.amadolibros.com/sitemap-books-active.xml"	"0"	"0"	"0"	"0"	"0"	"0"	"0"	"0"
"20"	"https://www.amadolibros.com/libro/MLU625366903/lo-hago-como-madremente-puedo-andrea-ros"	"Lo Hago Como Madremente Puedo - Andrea Ros | Amado Libros"	"text/html;charset=utf-8"	"false"	"200"	"0"	"https://www.amadolibros.com/sitemap-books-active.xml"	"0"	"0"	"0"	"0"	"0"	"0"	"0"	"0"
"20"	"https://www.amadolibros.com/libro/MLU632958724/storyfun-for-starters-2-student-s-book-2nd-ed"	"Storyfun For Starters 2 - Student´s Book 2nd Ed | Amado Libros"	"text/html;charset=utf-8"	"false"	"200"	"0"	"https://www.amadolibros.com/sitemap-books-active.xml"	"0"	"0"	"0"	"0"	"0"	"0"	"0"	"0"
"20"	"https://www.amadolibros.com/libro/MLU617675221/libro-programa-lee-comprensivamente-libro-de-actividades"	"Libro - Programa Lee Comprensivamente - Libro de… | Amado Libros"	"text/html;charset=utf-8"	"false"	"200"	"0"	"https://www.amadolibros.com/sitemap-books-active.xml"	"0"	"0"	"0"	"0"	"0"	"0"	"0"	"0"
"20"	"https://www.amadolibros.com/libro/MLU625405901/messi-un-genio-en-la-escuela-del-futbol-de-ramiro-mart"	"Messi un Genio en la Escuela del Futbol de Ramiro Mart | Amado Libros"	"text/html;charset=utf-8"	"false"	"200"	"0"	"https://www.amadolibros.com/sitemap-books-active.xml"	"0"	"0"	"0"	"0"	"0"	"0"	"0"	"0"
"20"	"https://www.amadolibros.com/libro/MLU644451770/sexuacion-en-la-infancia-la-laurent-eric"	"Sexuación en la Infancia, la - Laurent, Eric | Amado Libros"	"text/html;charset=utf-8"	"false"	"200"	"0"	"https://www.amadolibros.com/sitemap-books-active.xml"	"0"	"0"	"0"	"0"	"0"	"0"	"0"	"0"
"20"	"https://www.amadolibros.com/libro/MLU635616184/la-emocion-de-educar-manual-practico-para-familias"	"La Emoción de Educar - Manual Práctico para Familias | Amado Libros"	"text/html;charset=utf-8"	"false"	"200"	"0"	"https://www.amadolibros.com/sitemap-books-active.xml"	"0"	"0"	"0"	"0"	"0"	"0"	"0"	"0"
"20"	"https://www.amadolibros.com/libro/MLU611841330/libro-el-senor-tormenta-alberto-pez-y-roberto-cubillas"	"Libro - el Señor Tormenta - Alberto Pez y Roberto… | Amado Libros"	"text/html;charset=utf-8"	"false"	"200"	"0"	"https://www.amadolibros.com/sitemap-books-active.xml"	"0"	"0"	"0"	"0"	"0"	"0"	"0"	"0"
"20"	"https://www.amadolibros.com/libro/MLU626543391/superahorradores-gracia-dinero-finanzas-ahorrar"	"Superahorradores, Gracia, Dinero, Finanzas, Ahorrar | Amado Libros"	"text/html;charset=utf-8"	"false"	"200"	"0"	"https://www.amadolibros.com/sitemap-books-active.xml"	"0"	"0"	"0"	"0"	"0"	"0"	"0"	"0"
"20"	"https://www.amadolibros.com/libro/MLU617892268/libro-ninos-con-trastornos-pragmaticos-del-lenguaje"	"Libro - Niños con Trastornos Pragmaticos del Lenguaje | Amado Libros"	"text/html;charset=utf-8"	"false"	"200"	"0"	"https://www.amadolibros.com/sitemap-books-active.xml"	"0"	"0"	"0"	"0"	"0"	"0"	"0"	"0"
"20"	"https://www.amadolibros.com/libro/MLU623936531/la-empresa-mas-feliz-del-mundo-tomas-david"	"La Empresa Mas Feliz del Mundo - Tomas, David | Amado Libros"	"text/html;charset=utf-8"	"false"	"200"	"0"	"https://www.amadolibros.com/sitemap-books-active.xml"	"0"	"0"	"0"	"0"	"0"	"0"	"0"	"0"
"20"	"https://www.amadolibros.com/libro/MLU625408344/siete-anos-de-abundancia-los-etgar-keret"	"Siete Años de Abundancia, los - Etgar Keret | Amado Libros"	"text/html;charset=utf-8"	"false"	"200"	"0"	"https://www.amadolibros.com/sitemap-books-active.xml"	"0"	"0"	"0"	"0"	"0"	"0"	"0"	"0"
"20"	"https://www.amadolibros.com/libro/MLU640955650/el-placer-de-cuidarnos-miriam-subirana"	"El Placer de Cuidarnos - Miriam Subirana | Amado Libros"	"text/html;charset=utf-8"	"false"	"200"	"0"	"https://www.amadolibros.com/sitemap-books-active.xml"	"0"	"0"	"0"	"0"	"0"	"0"	"0"	"0"
"20"	"https://www.amadolibros.com/libro/MLU636030592/juego-y-vida-hilda-caneque"	"Juego Y Vida - Hilda Cañeque | Amado Libros"	"text/html;charset=utf-8"	"false"	"200"	"0"	"https://www.amadolibros.com/sitemap-books-active.xml"	"0"	"0"	"0"	"0"	"0"	"0"	"0"	"0"
"20"	"https://www.amadolibros.com/libro/MLU622526370/caos-en-el-instituto-divertiguay-daniela"	"Caos en el Instituto. Divertiguay, Daniela | Amado Libros"	"text/html;charset=utf-8"	"false"	"200"	"0"	"https://www.amadolibros.com/sitemap-books-active.xml"	"0"	"0"	"0"	"0"	"0"	"0"	"0"	"0"
"20"	"https://www.amadolibros.com/libro/MLU634831716/international-primary-maths-workbook-stage-5"	"International Primary Maths Workbook: Stage 5 | Amado Libros"	"text/html;charset=utf-8"	"false"	"200"	"0"	"https://www.amadolibros.com/sitemap-books-active.xml"	"0"	"0"	"0"	"0"	"0"	"0"	"0"	"0"
"20"	"https://www.amadolibros.com/libro/MLU612581387/sabiduria-de-chuang-tse-textos-fundamentales-del-taoismo"	"Sabiduría de Chuang Tse - Textos Fundamentales del… | Amado Libros"	"text/html;charset=utf-8"	"false"	"200"	"0"	"https://www.amadolibros.com/sitemap-books-active.xml"	"0"	"0"	"0"	"0"	"0"	"0"	"0"	"0"
"20"	"https://www.amadolibros.com/libro/MLU478256519/aprender-diferente-inclusion-escobedo-escuela"	"Aprender Diferente Inclusion Escobedo Escuela | Amado Libros"	"text/html;charset=utf-8"	"false"	"200"	"0"	"https://www.amadolibros.com/sitemap-books-active.xml"	"0"	"0"	"0"	"0"	"0"	"0"	"0"	"0"
"20"	"https://www.amadolibros.com/libro/MLU625822987/como-explicarte-el-mundo-cris-aberasturi-andres"	"Cómo Explicarte el Mundo, Cris - Aberasturi, Andres | Amado Libros"	"text/html;charset=utf-8"	"false"	"200"	"0"	"https://www.amadolibros.com/sitemap-books-active.xml"	"0"	"0"	"0"	"0"	"0"	"0"	"0"	"0"
"20"	"https://www.amadolibros.com/libro/MLU625386795/todo-messi-ejercicios-de-estilo-jordi-punti"	"Todo Messi. Ejercicios de Estilo. Jordi Puntí | Amado Libros"	"text/html;charset=utf-8"	"false"	"200"	"0"	"https://www.amadolibros.com/sitemap-books-active.xml"	"0"	"0"	"0"	"0"	"0"	"0"	"0"	"0"
"20"	"https://www.amadolibros.com/libro/MLU477564985/vinculos-violentos-en-familia-domingo-caratozzolo"	"Vínculos Violentos en Familia - Domingo Caratozzolo | Amado Libros"	"text/html;charset=utf-8"	"false"	"200"	"0"	"https://www.amadolibros.com/sitemap-books-active.xml"	"0"	"0"	"0"	"0"	"0"	"0"	"0"	"0"
"20"	"https://www.amadolibros.com/libro/MLU617070489/libro-naci-para-ser-breve-gabriela-massuh"	"Libro - Nací para Ser Breve - Gabriela Massuh | Amado Libros"	"text/html;charset=utf-8"	"false"	"200"	"0"	"https://www.amadolibros.com/sitemap-books-active.xml"	"0"	"0"	"0"	"0"	"0"	"0"	"0"	"0"
"20"	"https://www.amadolibros.com/libro/MLU621902358/libro-aprender-a-ser-pedagogia-burguet-arfelis"	"Libro - Aprender a Ser - Pedagogía - Burguet Arfelis | Amado Libros"	"text/html;charset=utf-8"	"false"	"200"	"0"	"https://www.amadolibros.com/sitemap-books-active.xml"	"0"	"0"	"0"	"0"	"0"	"0"	"0"	"0"
"20"	"https://www.amadolibros.com/libro/MLU628838502/precariedad-montero-diana-2022-editorial-martinez-roca"	"Precariedad - Montero, Diana | Amado Libros"	"text/html;charset=utf-8"	"false"	"200"	"0"	"https://www.amadolibros.com/sitemap-books-active.xml"	"0"	"0"	"0"	"0"	"0"	"0"	"0"	"0"
"20"	"https://www.amadolibros.com/libro/MLU636005032/la-evaluacion-psicologica-en-ninos-tecnicas-de-scr"	"La Evaluacion Psicologica En Niños Técnicas De Scr | Amado Libros"	"text/html;charset=utf-8"	"false"	"200"	"0"	"https://www.amadolibros.com/sitemap-books-active.xml"	"0"	"0"	"0"	"0"	"0"	"0"	"0"	"0"
"20"	"https://www.amadolibros.com/libro/MLU622688989/canto-rebelde-la-cancion-de-protesta-en-argentina-califa"	"Canto Rebelde. la Cancion de Protesta en Argentina -… | Amado Libros"	"text/html;charset=utf-8"	"false"	"200"	"0"	"https://www.amadolibros.com/sitemap-books-active.xml"	"0"	"0"	"0"	"0"	"0"	"0"	"0"	"0"
"20"	"https://www.amadolibros.com/libro/MLU629964995/no-me-juzgues-juli-vazquez"	"No Me Juzgues - Juli Vazquez | Amado Libros"	"text/html;charset=utf-8"	"false"	"200"	"0"	"https://www.amadolibros.com/sitemap-books-active.xml"	"0"	"0"	"0"	"0"	"0"	"0"	"0"	"0"
"20"	"https://www.amadolibros.com/libro/MLU619513945/santa-biblia-valera-leon-de-juda-letra-grande"	"Santa Biblia Valera Leon de Juda (letra Grande) | Amado Libros"	"text/html;charset=utf-8"	"false"	"200"	"0"	"https://www.amadolibros.com/sitemap-books-active.xml"	"0"	"0"	"0"	"0"	"0"	"0"	"0"	"0"
"20"	"https://www.amadolibros.com/libro/MLU610802537/libro-convivir-con-ninos-y-adolescentes-con-trastorno"	"Libro Convivir con Niños y Adolescentes con Trastorno | Amado Libros"	"text/html;charset=utf-8"	"false"	"200"	"0"	"https://www.amadolibros.com/sitemap-books-active.xml"	"0"	"0"	"0"	"0"	"0"	"0"	"0"	"0"
"20"	"https://www.amadolibros.com/libro/MLU625756445/manual-practico-de-terapia-dialectico-conductual"	"Manual Práctico de Terapia Dialéctico Conductual | Amado Libros"	"text/html;charset=utf-8"	"false"	"200"	"0"	"https://www.amadolibros.com/sitemap-books-active.xml"	"0"	"0"	"0"	"0"	"0"	"0"	"0"	"0"
"20"	"https://www.amadolibros.com/libro/MLU630175674/jump-in-a-class-book"	"Jump In a - Class Book | Amado Libros"	"text/html;charset=utf-8"	"false"	"200"	"0"	"https://www.amadolibros.com/sitemap-books-active.xml"	"0"	"0"	"0"	"0"	"0"	"0"	"0"	"0"
"20"	"https://www.amadolibros.com/libro/MLU619842543/sentir-y-crecer-infancia-el-crecimiento-emocional"	"Sentir y Crecer Infancia el Crecimiento Emocional | Amado Libros"	"text/html;charset=utf-8"	"false"	"200"	"0"	"https://www.amadolibros.com/sitemap-books-active.xml"	"0"	"0"	"0"	"0"	"0"	"0"	"0"	"0"
"20"	"https://www.amadolibros.com/libro/MLU617223216/libro-irresistible-error-melissa-ibarra-cosmo-editoria"	"Libro - Irresistible Error - Melissa Ibarra - Cosmo… | Amado Libros"	"text/html;charset=utf-8"	"false"	"200"	"0"	"https://www.amadolibros.com/sitemap-books-active.xml"	"0"	"0"	"0"	"0"	"0"	"0"	"0"	"0"
"20"	"https://www.amadolibros.com/libro/MLU624099346/enhorabuena-por-tu-fracaso-gonzalez-campos-arturo"	"Enhorabuena por Tu Fracaso. Gonzalez-campos, Arturo | Amado Libros"	"text/html;charset=utf-8"	"false"	"200"	"0"	"https://www.amadolibros.com/sitemap-books-active.xml"	"0"	"0"	"0"	"0"	"0"	"0"	"0"	"0"
"20"	"https://www.amadolibros.com/libro/MLU611758305/libro-pedagogia-del-cuidado-mercedes-alvarez"	"Libro - Pedagogía del Cuidado - Mercedes Álvarez | Amado Libros"	"text/html;charset=utf-8"	"false"	"200"	"0"	"https://www.amadolibros.com/sitemap-books-active.xml"	"0"	"0"	"0"	"0"	"0"	"0"	"0"	"0"
"20"	"https://www.amadolibros.com/libro/MLU614473449/libro-coordinando-grupos-graciela-jasiner"	"Libro - Coordinando Grupos - Graciela Jasiner | Amado Libros"	"text/html;charset=utf-8"	"false"	"200"	"0"	"https://www.amadolibros.com/sitemap-books-active.xml"	"0"	"0"	"0"	"0"	"0"	"0"	"0"	"0"
"20"	"https://www.amadolibros.com/libro/MLU628782799/la-biblia-de-los-ninos-estuche-aavv"	"La Biblia de los Niños - Estuche - Aavv | Amado Libros"	"text/html;charset=utf-8"	"false"	"200"	"0"	"https://www.amadolibros.com/sitemap-books-active.xml"	"0"	"0"	"0"	"0"	"0"	"0"	"0"	"0"
"20"	"https://www.amadolibros.com/libro/MLU620114883/libro-afectos-el-pudor-y-lo-femenino-los-perez-abella-a"	"Libro - Afectos, el Pudor y Lo Femenino, Los.perez… | Amado Libros"	"text/html;charset=utf-8"	"false"	"200"	"0"	"https://www.amadolibros.com/sitemap-books-active.xml"	"0"	"0"	"0"	"0"	"0"	"0"	"0"	"0"
"20"	"https://www.amadolibros.com/libro/MLU626368649/estuche-bilogia-salvaje-fernandez-bebi"	"Estuche Bilogía Salvaje Fernández, Bebi | Amado Libros"	"text/html;charset=utf-8"	"false"	"200"	"0"	"https://www.amadolibros.com/sitemap-books-active.xml"	"0"	"0"	"0"	"0"	"0"	"0"	"0"	"0"
"20"	"https://www.amadolibros.com/libro/MLU644534754/coleccionando-momentos-carmen-diez-navarro"	"Coleccionando Momentos. Carmen Diez Navarro | Amado Libros"	"text/html;charset=utf-8"	"false"	"200"	"0"	"https://www.amadolibros.com/sitemap-books-active.xml"	"0"	"0"	"0"	"0"	"0"	"0"	"0"	"0"
"20"	"https://www.amadolibros.com/libro/MLU636069314/simon-en-hoy-duermo-en-casa-de-mi-amigo-coleccion-simon"	"Simón en Hoy Duermo en Casa de Mi Amigo | Amado Libros"	"text/html;charset=utf-8"	"false"	"200"	"0"	"https://www.amadolibros.com/sitemap-books-active.xml"	"0"	"0"	"0"	"0"	"0"	"0"	"0"	"0"
"20"	"https://www.amadolibros.com/libro/MLU628161749/libro-la-chica-que-lo-tenia-todo-de-jessica-knoll-tapa-bland"	"Libro La Chica Que Lo Tenía Todo De Jessica Knoll Tapa Blanda | Amado Libros"	"text/html;charset=utf-8"	"false"	"200"	"0"	"https://www.amadolibros.com/sitemap-books-active.xml"	"0"	"0"	"0"	"0"	"0"	"0"	"0"	"0"
"20"	"https://www.amadolibros.com/libro/MLU625928729/estrategias-para-coordinar-grupos-con-ninos-y-adolescentes"	"Estrategias para Coordinar Grupos con Niños y… | Amado Libros"	"text/html;charset=utf-8"	"false"	"200"	"0"	"https://www.amadolibros.com/sitemap-books-active.xml"	"0"	"0"	"0"	"0"	"0"	"0"	"0"	"0"
"20"	"https://www.amadolibros.com/libro/MLU618926779/libro-el-estilo-y-el-acto-alejandro-ariel"	"Libro - el Estilo y el Acto - Alejandro Ariel | Amado Libros"	"text/html;charset=utf-8"	"false"	"200"	"0"	"https://www.amadolibros.com/sitemap-books-active.xml"	"0"	"0"	"0"	"0"	"0"	"0"	"0"	"0"
"20"	"https://www.amadolibros.com/libro/MLU479290713/ninez-adolescencia-y-genero-herramientas-interdisciplinaria"	"Niñez, Adolescencia y Género Herramientas… | Amado Libros"	"text/html;charset=utf-8"	"false"	"200"	"0"	"https://www.amadolibros.com/sitemap-books-active.xml"	"0"	"0"	"0"	"0"	"0"	"0"	"0"	"0"
"20"	"https://www.amadolibros.com/libro/MLU639644286/la-persona-tras-el-deportista-carlos-bernabe"	"La Persona tras el Deportista, Carlos Bernabé | Amado Libros"	"text/html;charset=utf-8"	"false"	"200"	"0"	"https://www.amadolibros.com/sitemap-books-active.xml"	"0"	"0"	"0"	"0"	"0"	"0"	"0"	"0"
"20"	"https://www.amadolibros.com/libro/MLU616527761/libro-clinica-y-sociedad-esquizoanalisis-osvaldo-saidon"	"Libro - Clínica y Sociedad. Esquizoanálisis - Osvaldo… | Amado Libros"	"text/html;charset=utf-8"	"false"	"200"	"0"	"https://www.amadolibros.com/sitemap-books-active.xml"	"0"	"0"	"0"	"0"	"0"	"0"	"0"	"0"
"20"	"https://www.amadolibros.com/libro/MLU614505659/libro-no-al-fracaso-escolar-clara-jasiner"	"Libro - No al Fracaso Escolar - Clara Jasiner | Amado Libros"	"text/html;charset=utf-8"	"false"	"200"	"0"	"https://www.amadolibros.com/sitemap-books-active.xml"	"0"	"0"	"0"	"0"	"0"	"0"	"0"	"0"
"20"	"https://www.amadolibros.com/libro/MLU623154001/alimentacion-saludable-ninos-waldorf-antroposofia"	"Alimentacion Saludable Niños Waldorf Antroposofia | Amado Libros"	"text/html;charset=utf-8"	"false"	"200"	"0"	"https://www.amadolibros.com/sitemap-books-active.xml"	"0"	"0"	"0"	"0"	"0"	"0"	"0"	"0"
"20"	"https://www.amadolibros.com/libro/MLU628104838/historia-sintomas-trastornos-mentales-berrios-fce-libro"	"Historia Sintomas Trastornos Mentales - Berrios - Fce Libro | Amado Libros"	"text/html;charset=utf-8"	"false"	"200"	"0"	"https://www.amadolibros.com/sitemap-books-active.xml"	"0"	"0"	"0"	"0"	"0"	"0"	"0"	"0"
"20"	"https://www.amadolibros.com/libro/MLU633206998/hecho-en-saturno-rita-indiana"	"Hecho en Saturno Rita Indiana | Amado Libros"	"text/html;charset=utf-8"	"false"	"200"	"0"	"https://www.amadolibros.com/sitemap-books-active.xml"	"0"	"0"	"0"	"0"	"0"	"0"	"0"	"0"
"20"	"https://www.amadolibros.com/libro/MLU478316403/tratamiento-de-los-trastornos-depresivos-y-de-ansiedad-en-ni"	"Tratamiento de los Trastornos Depresivos y de… | Amado Libros"	"text/html;charset=utf-8"	"false"	"200"	"0"	"https://www.amadolibros.com/sitemap-books-active.xml"	"0"	"0"	"0"	"0"	"0"	"0"	"0"	"0"
"20"	"https://www.amadolibros.com/libro/MLU629965029/oxford-english-for-cambridge-primary-student-book-4"	"Oxford English For Cambridge Primary Student Book 4 | Amado Libros"	"text/html;charset=utf-8"	"false"	"200"	"0"	"https://www.amadolibros.com/sitemap-books-active.xml"	"0"	"0"	"0"	"0"	"0"	"0"	"0"	"0"
"20"	"https://www.amadolibros.com/libro/MLU630098945/un-comienzo-en-la-vida-de-sartre-a-lacan"	"Un Comienzo en la Vida. de Sartre a Lacan | Amado Libros"	"text/html;charset=utf-8"	"false"	"200"	"0"	"https://www.amadolibros.com/sitemap-books-active.xml"	"0"	"0"	"0"	"0"	"0"	"0"	"0"	"0"
"20"	"https://www.amadolibros.com/libro/MLU609929507/english-code-2-american-student-s-book-online-practice"	"English Code 2 (american) - Student´s Book + Online… | Amado Libros"	"text/html;charset=utf-8"	"false"	"200"	"0"	"https://www.amadolibros.com/sitemap-books-active.xml"	"0"	"0"	"0"	"0"	"0"	"0"	"0"	"0"
"20"	"https://www.amadolibros.com/libro/MLU615655628/libro-rectangulo-y-flecha-gonzalez-poesia"	"Libro - Rectangulo y Flecha Gonzalez Poesia | Amado Libros"	"text/html;charset=utf-8"	"false"	"200"	"0"	"https://www.amadolibros.com/sitemap-books-active.xml"	"0"	"0"	"0"	"0"	"0"	"0"	"0"	"0"
"20"	"https://www.amadolibros.com/libro/MLU611932745/libro-aprendo-la-hora-con-lobo-los-editores-de-auzou"	"Libro - Aprendo la Hora con Lobo - los Editores de… | Amado Libros"	"text/html;charset=utf-8"	"false"	"200"	"0"	"https://www.amadolibros.com/sitemap-books-active.xml"	"0"	"0"	"0"	"0"	"0"	"0"	"0"	"0"
"20"	"https://www.amadolibros.com/libro/MLU622537367/psiquiatras-psicologos-y-otros-enfermos-munoz-avia"	"Psiquiatras, Psicólogos y Otros Enfermos Muñoz Avia | Amado Libros"	"text/html;charset=utf-8"	"false"	"200"	"0"	"https://www.amadolibros.com/sitemap-books-active.xml"	"0"	"0"	"0"	"0"	"0"	"0"	"0"	"0"
"20"	"https://www.amadolibros.com/libro/MLU625468417/solo-es-vida-si-es-verdad-isha-escribano"	"Solo Es Vida Si Es Verdad - Isha Escribano | Amado Libros"	"text/html;charset=utf-8"	"false"	"200"	"0"	"https://www.amadolibros.com/sitemap-books-active.xml"	"0"	"0"	"0"	"0"	"0"	"0"	"0"	"0"
"20"	"https://www.amadolibros.com/libro/MLU628776539/del-cuerpo-al-espiritu-rogelio-d-ovidio-grupal-libro"	"Del Cuerpo Al Espiritu - Rogelio D Ovidio - Grupal - Libro | Amado Libros"	"text/html;charset=utf-8"	"false"	"200"	"0"	"https://www.amadolibros.com/sitemap-books-active.xml"	"0"	"0"	"0"	"0"	"0"	"0"	"0"	"0"
"20"	"https://www.amadolibros.com/libro/MLU623867574/los-72-angeles-la-luz-del-universo-singer-tamara"	"Los 72 Angeles la Luz del Universo - Singer, Tamara | Amado Libros"	"text/html;charset=utf-8"	"false"	"200"	"0"	"https://www.amadolibros.com/sitemap-books-active.xml"	"0"	"0"	"0"	"0"	"0"	"0"	"0"	"0"
"20"	"https://www.amadolibros.com/libro/MLU622546869/aplicaciones-clinicas-de-la-teoria-polivagal"	"Aplicaciones Clínicas de la Teoría Polivagal | Amado Libros"	"text/html;charset=utf-8"	"false"	"200"	"0"	"https://www.amadolibros.com/sitemap-books-active.xml"	"0"	"0"	"0"	"0"	"0"	"0"	"0"	"0"
"20"	"https://www.amadolibros.com/libro/MLU612095849/libro-fundamentos-clinicos-del-acompanamiento-terapeutico"	"Libro - Fundamentos Clínicos del Acompañamiento… | Amado Libros"	"text/html;charset=utf-8"	"false"	"200"	"0"	"https://www.amadolibros.com/sitemap-books-active.xml"	"0"	"0"	"0"	"0"	"0"	"0"	"0"	"0"
"20"	"https://www.amadolibros.com/libro/MLU618483056/libro-evaluaciones-rebeca-anijovich"	"Libro - Evaluaciones - Rebeca Anijovich | Amado Libros"	"text/html;charset=utf-8"	"false"	"200"	"0"	"https://www.amadolibros.com/sitemap-books-active.xml"	"0"	"0"	"0"	"0"	"0"	"0"	"0"	"0"
"20"	"https://www.amadolibros.com/libro/MLU633297382/teatro-1-obras-para-ninos-alvarado-ana"	"Teatro 1 Obras para Niños - Alvarado, Ana | Amado Libros"	"text/html;charset=utf-8"	"false"	"200"	"0"	"https://www.amadolibros.com/sitemap-books-active.xml"	"0"	"0"	"0"	"0"	"0"	"0"	"0"	"0"
"20"	"https://www.amadolibros.com/libro/MLU617037469/la-escuela-moderna-ferrer-guardia-pedagogia-racionalista"	"La Escuela Moderna Ferrer Guardia Pedagogia… | Amado Libros"	"text/html;charset=utf-8"	"false"	"200"	"0"	"https://www.amadolibros.com/sitemap-books-active.xml"	"0"	"0"	"0"	"0"	"0"	"0"	"0"	"0"
"20"	"https://www.amadolibros.com/libro/MLU639917680/el-poder-milagroso-de-los-salmos-luz-stella-rozo"	"El Poder Milagroso de los Salmos - Luz Stella Rozo | Amado Libros"	"text/html;charset=utf-8"	"false"	"200"	"0"	"https://www.amadolibros.com/sitemap-books-active.xml"	"0"	"0"	"0"	"0"	"0"	"0"	"0"	"0"
"20"	"https://www.amadolibros.com/libro/MLU628130044/el-contenido-de-las-psicosis-carl-gustav-jung-ed-paidos"	"El Contenido De Las Psicosis, Carl Gustav Jung, Ed. Paidós | Amado Libros"	"text/html;charset=utf-8"	"false"	"200"	"0"	"https://www.amadolibros.com/sitemap-books-active.xml"	"0"	"0"	"0"	"0"	"0"	"0"	"0"	"0"
"20"	"https://www.amadolibros.com/libro/MLU618133965/libro-teorias-de-la-literatura-eribon-didier"	"Libro - Teorias de la Literatura - Eribon, Didier | Amado Libros"	"text/html;charset=utf-8"	"false"	"200"	"0"	"https://www.amadolibros.com/sitemap-books-active.xml"	"0"	"0"	"0"	"0"	"0"	"0"	"0"	"0"
"20"	"https://www.amadolibros.com/libro/MLU634312084/leer-y-escribir-en-aulas-digitales-de-nivel-inicial-grunfeld"	"Leer y Escribir en Aulas Digitales de Nivel Inicial… | Amado Libros"	"text/html;charset=utf-8"	"false"	"200"	"0"	"https://www.amadolibros.com/sitemap-books-active.xml"	"0"	"0"	"0"	"0"	"0"	"0"	"0"	"0"
"20"	"https://www.amadolibros.com/libro/MLU617891719/libro-stranger-things-horrores-de-hawkins-matthew-j"	"Libro - Stranger Things. Horrores de Hawkins -… | Amado Libros"	"text/html;charset=utf-8"	"false"	"200"	"0"	"https://www.amadolibros.com/sitemap-books-active.xml"	"0"	"0"	"0"	"0"	"0"	"0"	"0"	"0"
"20"	"https://www.amadolibros.com/libro/MLU636069230/libro-artificial-intelligence-a-modern-approach-norvig-p"	"Libro: Artificial Intelligence: A Modern Approach. Norvig, P | Amado Libros"	"text/html;charset=utf-8"	"false"	"200"	"0"	"https://www.amadolibros.com/sitemap-books-active.xml"	"0"	"0"	"0"	"0"	"0"	"0"	"0"	"0"
"20"	"https://www.amadolibros.com/libro/MLU628890084/programa-para-leerte-mejor-libro-de-actividades-gottheil"	"Programa para Leerte Mejor Libro de… | Amado Libros"	"text/html;charset=utf-8"	"false"	"200"	"0"	"https://www.amadolibros.com/sitemap-books-active.xml"	"0"	"0"	"0"	"0"	"0"	"0"	"0"	"0"
"20"	"https://www.amadolibros.com/libro/MLU603967057/secuencias-didacticas-de-maria-beatriz-taboada"	"Secuencias Didacticas de Maria Beatriz Taboada | Amado Libros"	"text/html;charset=utf-8"	"false"	"200"	"0"	"https://www.amadolibros.com/sitemap-books-active.xml"	"0"	"0"	"0"	"0"	"0"	"0"	"0"	"0"
"20"	"https://www.amadolibros.com/libro/MLU611951290/libro-lactancia-manual-mucha-teta-alba-padro"	"Libro - Lactancia - Manual Mucha Teta - Alba Padró | Amado Libros"	"text/html;charset=utf-8"	"false"	"200"	"0"	"https://www.amadolibros.com/sitemap-books-active.xml"	"0"	"0"	"0"	"0"	"0"	"0"	"0"	"0"
"20"	"https://www.amadolibros.com/libro/MLU620296782/libro-dejalos-ser-ninos-laura-estremera"	"Libro - Déjalos Ser Niños - Laura Estremera | Amado Libros"	"text/html;charset=utf-8"	"false"	"200"	"0"	"https://www.amadolibros.com/sitemap-books-active.xml"	"0"	"0"	"0"	"0"	"0"	"0"	"0"	"0"
"20"	"https://www.amadolibros.com/libro/MLU629105764/biblia-edicion-pastoral-verbo-divino-espana"	"Biblia Edición Pastoral Verbo Divino España | Amado Libros"	"text/html;charset=utf-8"	"false"	"200"	"0"	"https://www.amadolibros.com/sitemap-books-active.xml"	"0"	"0"	"0"	"0"	"0"	"0"	"0"	"0"
"20"	"https://www.amadolibros.com/libro/MLU630542167/hay-lugar-para-mi-trastornos-especificos-d-aprendizaje"	"Hay Lugar para Mi. Trastornos Especificos D Aprendizaje | Amado Libros"	"text/html;charset=utf-8"	"false"	"200"	"0"	"https://www.amadolibros.com/sitemap-books-active.xml"	"0"	"0"	"0"	"0"	"0"	"0"	"0"	"0"
"20"	"https://www.amadolibros.com/libro/MLU630528621/diagnostico-estructural-a-traves-del-proceso-psicodiagnostic"	"Diagnostico Estructural a Traves del Proceso… | Amado Libros"	"text/html;charset=utf-8"	"false"	"200"	"0"	"https://www.amadolibros.com/sitemap-books-active.xml"	"0"	"0"	"0"	"0"	"0"	"0"	"0"	"0"
"20"	"https://www.amadolibros.com/libro/MLU627797834/empresa-familiar-agropecuaria-ducos-maria-marta"	"Empresa Familiar Agropecuaria - Ducos, Maria Marta | Amado Libros"	"text/html;charset=utf-8"	"false"	"200"	"0"	"https://www.amadolibros.com/sitemap-books-active.xml"	"0"	"0"	"0"	"0"	"0"	"0"	"0"	"0"
"20"	"https://www.amadolibros.com/libro/MLU613366125/libro-comienzos-de-analisis-comienzos-del-analista-ii"	"Libro - Comienzos de Análisis / Comienzos del… | Amado Libros"	"text/html;charset=utf-8"	"false"	"200"	"0"	"https://www.amadolibros.com/sitemap-books-active.xml"	"0"	"0"	"0"	"0"	"0"	"0"	"0"	"0"
"20"	"https://www.amadolibros.com/libro/MLU612750146/libro-mas-alla-del-cuadernillo-secuencias-didacticas"	"Libro - Más Allá del Cuadernillo: Secuencias Didácticas | Amado Libros"	"text/html;charset=utf-8"	"false"	"200"	"0"	"https://www.amadolibros.com/sitemap-books-active.xml"	"0"	"0"	"0"	"0"	"0"	"0"	"0"	"0"
"20"	"https://www.amadolibros.com/libro/MLU618956247/libro-the-marzy-1-marzy-y-los-siete-reinos-de-hydracraft"	"Libro - The Marzy 1. Marzy y los Siete Reinos de… | Amado Libros"	"text/html;charset=utf-8"	"false"	"200"	"0"	"https://www.amadolibros.com/sitemap-books-active.xml"	"0"	"0"	"0"	"0"	"0"	"0"	"0"	"0"
"20"	"https://www.amadolibros.com/libro/MLU631182498/kensuke-s-kingdom"	"Kensuke's Kingdom | Amado Libros"	"text/html;charset=utf-8"	"false"	"200"	"0"	"https://www.amadolibros.com/sitemap-books-active.xml"	"0"	"0"	"0"	"0"	"0"	"0"	"0"	"0"
"20"	"https://www.amadolibros.com/libro/MLU625847797/historia-de-las-matronas-en-espana-dolores-ruiz-berdun"	"Historia de las Matronas en España Dolores Ruiz Berdun | Amado Libros"	"text/html;charset=utf-8"	"false"	"200"	"0"	"https://www.amadolibros.com/sitemap-books-active.xml"	"0"	"0"	"0"	"0"	"0"	"0"	"0"	"0"
"20"	"https://www.amadolibros.com/libro/MLU628104645/un-pais-al-margen-de-la-ley-nino-carlos-ariel-libro"	"Un Pais Al Margen De La Ley - Nino Carlos - Ariel - Libro | Amado Libros"	"text/html;charset=utf-8"	"false"	"200"	"0"	"https://www.amadolibros.com/sitemap-books-active.xml"	"0"	"0"	"0"	"0"	"0"	"0"	"0"	"0"
"20"	"https://www.amadolibros.com/libro/MLU604261619/genero-en-disputa-judith-butler"	"Genero En Disputa Judith Butler | Amado Libros"	"text/html;charset=utf-8"	"false"	"200"	"0"	"https://www.amadolibros.com/sitemap-books-active.xml"	"0"	"0"	"0"	"0"	"0"	"0"	"0"	"0"
"20"	"https://www.amadolibros.com/libro/MLU615020084/libro-trauma-precoz-el-embarazo-franz-ruppert"	"Libro - Trauma Precoz: el Embarazo - Franz Ruppert | Amado Libros"	"text/html;charset=utf-8"	"false"	"200"	"0"	"https://www.amadolibros.com/sitemap-books-active.xml"	"0"	"0"	"0"	"0"	"0"	"0"	"0"	"0"
"20"	"https://www.amadolibros.com/libro/MLU616445949/libro-infancias-publicas-no-hay-derecho-minnicelli-m"	"Libro - Infancias Publicas No Hay Derecho -… | Amado Libros"	"text/html;charset=utf-8"	"false"	"200"	"0"	"https://www.amadolibros.com/sitemap-books-active.xml"	"0"	"0"	"0"	"0"	"0"	"0"	"0"	"0"
"20"	"https://www.amadolibros.com/libro/MLU637887222/el-pequeno-dragon-coco-y-los-vikingos"	"El Pequeño Dragón Coco y los Vikingos | Amado Libros"	"text/html;charset=utf-8"	"false"	"200"	"0"	"https://www.amadolibros.com/sitemap-books-active.xml"	"0"	"0"	"0"	"0"	"0"	"0"	"0"	"0"
"20"	"https://www.amadolibros.com/libro/MLU636379868/para-argumentar-mejor-lectura-comprensiva-y-prod-escrita"	"Para Argumentar Mejor. Lectura Comprensiva y Prod.… | Amado Libros"	"text/html;charset=utf-8"	"false"	"200"	"0"	"https://www.amadolibros.com/sitemap-books-active.xml"	"0"	"0"	"0"	"0"	"0"	"0"	"0"	"0"
"20"	"https://www.amadolibros.com/libro/MLU636618574/por-una-pedagogia-de-ayuda-entre-iguales"	"Por una Pedagogía de Ayuda entre Iguales | Amado Libros"	"text/html;charset=utf-8"	"false"	"200"	"0"	"https://www.amadolibros.com/sitemap-books-active.xml"	"0"	"0"	"0"	"0"	"0"	"0"	"0"	"0"
"20"	"https://www.amadolibros.com/libro/MLU611809082/oraculo-angelarium-oracle-of-emanation-libro-cartas"	"Oráculo - Angelarium Oracle Of Emanation (libro +… | Amado Libros"	"text/html;charset=utf-8"	"false"	"200"	"0"	"https://www.amadolibros.com/sitemap-books-active.xml"	"0"	"0"	"0"	"0"	"0"	"0"	"0"	"0"
"20"	"https://www.amadolibros.com/libro/MLU628802469/beneficios-de-la-meditacion-los-goleman-daniel"	"Beneficios De La Meditacion,los - Goleman, Daniel | Amado Libros"	"text/html;charset=utf-8"	"false"	"200"	"0"	"https://www.amadolibros.com/sitemap-books-active.xml"	"0"	"0"	"0"	"0"	"0"	"0"	"0"	"0"
"20"	"https://www.amadolibros.com/libro/MLU636845988/proyecto-agua-viva-nacidos-del-agua-libro-de-actividades-1"	"Proyecto Agua Viva, Nacidos del Agua. Libro de… | Amado Libros"	"text/html;charset=utf-8"	"false"	"200"	"0"	"https://www.amadolibros.com/sitemap-books-active.xml"	"0"	"0"	"0"	"0"	"0"	"0"	"0"	"0"
"20"	"https://www.amadolibros.com/libro/MLU623149316/las-madres-matriarcado-naranjo"	"Las Madres Matriarcado Naranjo | Amado Libros"	"text/html;charset=utf-8"	"false"	"200"	"0"	"https://www.amadolibros.com/sitemap-books-active.xml"	"0"	"0"	"0"	"0"	"0"	"0"	"0"	"0"
"20"	"https://www.amadolibros.com/libro/MLU644533256/frato"	"Frato | Amado Libros"	"text/html;charset=utf-8"	"false"	"200"	"0"	"https://www.amadolibros.com/sitemap-books-active.xml"	"0"	"0"	"0"	"0"	"0"	"0"	"0"	"0"
"20"	"https://www.amadolibros.com/libro/MLU626498188/el-poder-curativo-de-los-jugos-guillermo-murray"	"El Poder Curativo de los Jugos - Guillermo Murray | Amado Libros"	"text/html;charset=utf-8"	"false"	"200"	"0"	"https://www.amadolibros.com/sitemap-books-active.xml"	"0"	"0"	"0"	"0"	"0"	"0"	"0"	"0"
"20"	"https://www.amadolibros.com/libro/MLU635651166/new-moon-stephenie-meyer-twilight-saga"	"New Moon: Stephenie Meyer Twilight Saga | Amado Libros"	"text/html;charset=utf-8"	"false"	"200"	"0"	"https://www.amadolibros.com/sitemap-books-active.xml"	"0"	"0"	"0"	"0"	"0"	"0"	"0"	"0"
"20"	"https://www.amadolibros.com/libro/MLU629124796/springfield-confidencial-los-simpson-reiss"	"Springfield Confidencial - los Simpson Reiss | Amado Libros"	"text/html;charset=utf-8"	"false"	"200"	"0"	"https://www.amadolibros.com/sitemap-books-active.xml"	"0"	"0"	"0"	"0"	"0"	"0"	"0"	"0"
"20"	"https://www.amadolibros.com/libro/MLU603956505/libro-celos-y-envidia-boxaca-soler-y-otros"	"Libro - Celos y Envidia - Boxaca, Soler y Otros | Amado Libros"	"text/html;charset=utf-8"	"false"	"200"	"0"	"https://www.amadolibros.com/sitemap-books-active.xml"	"0"	"0"	"0"	"0"	"0"	"0"	"0"	"0"
"20"	"https://www.amadolibros.com/libro/MLU641265690/pasturas-para-un-manejo-racional-de-edgardo-j-vanoni"	"Pasturas para un Manejo Racional de Edgardo J. Vanoni | Amado Libros"	"text/html;charset=utf-8"	"false"	"200"	"0"	"https://www.amadolibros.com/sitemap-books-active.xml"	"0"	"0"	"0"	"0"	"0"	"0"	"0"	"0"
"20"	"https://www.amadolibros.com/libro/MLU612107506/libro-la-infancia-en-juego-elsa-coriat"	"Libro - la Infancia en Juego - Elsa Coriat | Amado Libros"	"text/html;charset=utf-8"	"false"	"200"	"0"	"https://www.amadolibros.com/sitemap-books-active.xml"	"0"	"0"	"0"	"0"	"0"	"0"	"0"	"0"
"20"	"https://www.amadolibros.com/libro/MLU615429232/libro-atlas-de-los-instrumentos-musicales-klaus-maersch"	"Libro - Atlas de los Instrumentos Musicales - Klaus… | Amado Libros"	"text/html;charset=utf-8"	"false"	"200"	"0"	"https://www.amadolibros.com/sitemap-books-active.xml"	"0"	"0"	"0"	"0"	"0"	"0"	"0"	"0"
"20"	"https://www.amadolibros.com/libro/MLU603319033/luna-oliver-alison"	"Luna - Oliver, Alison | Amado Libros"	"text/html;charset=utf-8"	"false"	"200"	"0"	"https://www.amadolibros.com/sitemap-books-active.xml"	"0"	"0"	"0"	"0"	"0"	"0"	"0"	"0"
"20"	"https://www.amadolibros.com/libro/MLU628293359/number-the-stars-lois-lowry"	"Number The Stars - Lois Lowry | Amado Libros"	"text/html;charset=utf-8"	"false"	"200"	"0"	"https://www.amadolibros.com/sitemap-books-active.xml"	"0"	"0"	"0"	"0"	"0"	"0"	"0"	"0"
"20"	"https://www.amadolibros.com/libro/MLU619120109/libro-tomasito-graciela-beatriz-cabal"	"Libro - Tomasito - Graciela Beatriz Cabal | Amado Libros"	"text/html;charset=utf-8"	"false"	"200"	"0"	"https://www.amadolibros.com/sitemap-books-active.xml"	"0"	"0"	"0"	"0"	"0"	"0"	"0"	"0"
"20"	"https://www.amadolibros.com/libro/MLU609592474/las-cartas-72-angeles-suenos-senales-meditacion"	"Las Cartas 72 Ángeles Sueños-señales-meditación | Amado Libros"	"text/html;charset=utf-8"	"false"	"200"	"0"	"https://www.amadolibros.com/sitemap-books-active.xml"	"0"	"0"	"0"	"0"	"0"	"0"	"0"	"0"
"20"	"https://www.amadolibros.com/libro/MLU641261380/practica-de-mi-sistema-nimzovich-ajedrez"	"Práctica de Mi Sistema - Nimzovich - Ajedrez | Amado Libros"	"text/html;charset=utf-8"	"false"	"200"	"0"	"https://www.amadolibros.com/sitemap-books-active.xml"	"0"	"0"	"0"	"0"	"0"	"0"	"0"	"0"
"20"	"https://www.amadolibros.com/libro/MLU622851785/reina-de-corazones-diana-lady-di-tapa-dura"	"Reina de Corazones Diana Lady Di Tapa Dura | Amado Libros"	"text/html;charset=utf-8"	"false"	"200"	"0"	"https://www.amadolibros.com/sitemap-books-active.xml"	"0"	"0"	"0"	"0"	"0"	"0"	"0"	"0"
"20"	"https://www.amadolibros.com/libro/MLU614498932/libro-memorias-de-sherlock-holmes-70-aniv-doyle-losada"	"Libro - Memorias de Sherlock Holmes/70 Aniv. - Doyle… | Amado Libros"	"text/html;charset=utf-8"	"false"	"200"	"0"	"https://www.amadolibros.com/sitemap-books-active.xml"	"0"	"0"	"0"	"0"	"0"	"0"	"0"	"0"
"20"	"https://www.amadolibros.com/libro/MLU613434229/libro-legado-15-lecciones-sobre-liderazgo-james-kerr"	"Libro - Legado: 15 Lecciones sobre Liderazgo - James… | Amado Libros"	"text/html;charset=utf-8"	"false"	"200"	"0"	"https://www.amadolibros.com/sitemap-books-active.xml"	"0"	"0"	"0"	"0"	"0"	"0"	"0"	"0"
"20"	"https://www.amadolibros.com/libro/MLU627929816/esperanza-para-un-mundo-en-crisis-mark-finley-adventista"	"Esperanza para un Mundo en Crisis Mark Finley… | Amado Libros"	"text/html;charset=utf-8"	"false"	"200"	"0"	"https://www.amadolibros.com/sitemap-books-active.xml"	"0"	"0"	"0"	"0"	"0"	"0"	"0"	"0"
"20"	"https://www.amadolibros.com/libro/MLU618497744/libro-educacion-preventiva-en-el-maternal-piscomotricidad"	"Libro - Educacion Preventiva en el Maternal… | Amado Libros"	"text/html;charset=utf-8"	"false"	"200"	"0"	"https://www.amadolibros.com/sitemap-books-active.xml"	"0"	"0"	"0"	"0"	"0"	"0"	"0"	"0"
"20"	"https://www.amadolibros.com/libro/MLU636030582/viviendo-del-futuro-dans-enrique-paperback"	"Viviendo Del Futuro - Dans, Enrique (paperback) | Amado Libros"	"text/html;charset=utf-8"	"false"	"200"	"0"	"https://www.amadolibros.com/sitemap-books-active.xml"	"0"	"0"	"0"	"0"	"0"	"0"	"0"	"0"
"20"	"https://www.amadolibros.com/libro/MLU625980653/elementos-de-doma-guia-para-entrenar-al-potro-ziegner-ku"	"Elementos de Doma, Guía para Entrenar al Potro /… | Amado Libros"	"text/html;charset=utf-8"	"false"	"200"	"0"	"https://www.amadolibros.com/sitemap-books-active.xml"	"0"	"0"	"0"	"0"	"0"	"0"	"0"	"0"
"20"	"https://www.amadolibros.com/libro/MLU617730974/libro-el-bosque-no-se-vende-maria-laura-dede"	"Libro - el Bosque No Se Vende - Maria Laura Dede | Amado Libros"	"text/html;charset=utf-8"	"false"	"200"	"0"	"https://www.amadolibros.com/sitemap-books-active.xml"	"0"	"0"	"0"	"0"	"0"	"0"	"0"	"0"
"20"	"https://www.amadolibros.com/libro/MLU623852657/correo-electronico-internet-ambito-laboral-derecho"	"Correo Electronico Internet Ambito Laboral Derecho | Amado Libros"	"text/html;charset=utf-8"	"false"	"200"	"0"	"https://www.amadolibros.com/sitemap-books-active.xml"	"0"	"0"	"0"	"0"	"0"	"0"	"0"	"0"
"20"	"https://www.amadolibros.com/libro/MLU632573588/ensenar-a-leer-como-hacer-lectores-competentes"	"Enseñar a Leer. Cómo Hacer Lectores Competentes | Amado Libros"	"text/html;charset=utf-8"	"false"	"200"	"0"	"https://www.amadolibros.com/sitemap-books-active.xml"	"0"	"0"	"0"	"0"	"0"	"0"	"0"	"0"
"20"	"https://www.amadolibros.com/libro/MLU633458550/buscadores-de-dios-papa-benedicto-xvi-ratzinger"	"Buscadores de Dios - Papa Benedicto Xvi - Ratzinger | Amado Libros"	"text/html;charset=utf-8"	"false"	"200"	"0"	"https://www.amadolibros.com/sitemap-books-active.xml"	"0"	"0"	"0"	"0"	"0"	"0"	"0"	"0"
"20"	"https://www.amadolibros.com/libro/MLU621559965/emdr-principios-basicos-protocolos-y-procedimiento-shapiro"	"EMDR Principios Basicos, Protocolos y Procedimiento… | Amado Libros"	"text/html;charset=utf-8"	"false"	"200"	"0"	"https://www.amadolibros.com/sitemap-books-active.xml"	"0"	"0"	"0"	"0"	"0"	"0"	"0"	"0"
"20"	"https://www.amadolibros.com/libro/MLU636144760/libro-el-caballo-deportivo-toucedo-orientacion-grafica"	"Libro El Caballo Deportivo. Toucedo. Orientacion Grafica | Amado Libros"	"text/html;charset=utf-8"	"false"	"200"	"0"	"https://www.amadolibros.com/sitemap-books-active.xml"	"0"	"0"	"0"	"0"	"0"	"0"	"0"	"0"
"20"	"https://www.amadolibros.com/libro/MLU615592984/libro-yo-soy-sofia-castro-y-dicen-que-soy-boba"	"Libro - Yo Soy Sofía Castro... y Dicen Que Soy Boba | Amado Libros"	"text/html;charset=utf-8"	"false"	"200"	"0"	"https://www.amadolibros.com/sitemap-books-active.xml"	"0"	"0"	"0"	"0"	"0"	"0"	"0"	"0"
"20"	"https://www.amadolibros.com/libro/MLU637698878/un-super-papa-llamado"	"Un Super Papá Llamado | Amado Libros"	"text/html;charset=utf-8"	"false"	"200"	"0"	"https://www.amadolibros.com/sitemap-books-active.xml"	"0"	"0"	"0"	"0"	"0"	"0"	"0"	"0"
"20"	"https://www.amadolibros.com/libro/MLU606532916/libro-criar-desde-el-corazon-munoz-beatriz-m"	"Libro Criar desde el Corazón - Muñoz, Beatriz M | Amado Libros"	"text/html;charset=utf-8"	"false"	"200"	"0"	"https://www.amadolibros.com/sitemap-books-active.xml"	"0"	"0"	"0"	"0"	"0"	"0"	"0"	"0"
"20"	"https://www.amadolibros.com/libro/MLU625048270/dinosaurios-y-monstruos-prehistoricos-para-principiantes"	"Dinosaurios y Monstruos Prehistoricos para… | Amado Libros"	"text/html;charset=utf-8"	"false"	"200"	"0"	"https://www.amadolibros.com/sitemap-books-active.xml"	"0"	"0"	"0"	"0"	"0"	"0"	"0"	"0"
"20"	"https://www.amadolibros.com/libro/MLU623157197/messi-para-armar-libro-con-rompecabezas-300-piezas-unicos"	"Messi para Armar Libro con Rompecabezas 300 Piezas… | Amado Libros"	"text/html;charset=utf-8"	"false"	"200"	"0"	"https://www.amadolibros.com/sitemap-books-active.xml"	"0"	"0"	"0"	"0"	"0"	"0"	"0"	"0"
"20"	"https://www.amadolibros.com/libro/MLU602631760/de-la-teta-al-plato-piermarini-lucio-destete-libro"	"De la Teta al Plato - Piermarini, Lucio Destete Libro | Amado Libros"	"text/html;charset=utf-8"	"false"	"200"	"0"	"https://www.amadolibros.com/sitemap-books-active.xml"	"0"	"0"	"0"	"0"	"0"	"0"	"0"	"0"
"20"	"https://www.amadolibros.com/libro/MLU611828555/libro-historia-de-los-sintomas-de-los-trastornos-berrios"	"Libro - Historia de los Síntomas de los Trastornos -… | Amado Libros"	"text/html;charset=utf-8"	"false"	"200"	"0"	"https://www.amadolibros.com/sitemap-books-active.xml"	"0"	"0"	"0"	"0"	"0"	"0"	"0"	"0"
"20"	"https://www.amadolibros.com/libro/MLU630694178/little-stars-3-student-s-book"	"Little Stars 3 - Student´s Book | Amado Libros"	"text/html;charset=utf-8"	"false"	"200"	"0"	"https://www.amadolibros.com/sitemap-books-active.xml"	"0"	"0"	"0"	"0"	"0"	"0"	"0"	"0"
"20"	"https://www.amadolibros.com/libro/MLU625823323/el-abc-del-yoga-para-ninos-power-rietz-teresa-anne-kathel"	"El Abc del Yoga para Niños - Power-rietz, Teresa… | Amado Libros"	"text/html;charset=utf-8"	"false"	"200"	"0"	"https://www.amadolibros.com/sitemap-books-active.xml"	"0"	"0"	"0"	"0"	"0"	"0"	"0"	"0"
"20"	"https://www.amadolibros.com/libro/MLU629964993/robert-briffault-las-madres-editorial-la-llave-con-indice"	"Robert Briffault las Madres Editorial la Llave con… | Amado Libros"	"text/html;charset=utf-8"	"false"	"200"	"0"	"https://www.amadolibros.com/sitemap-books-active.xml"	"0"	"0"	"0"	"0"	"0"	"0"	"0"	"0"
"20"	"https://www.amadolibros.com/libro/MLU629622527/historia-de-una-maestra-aldecoa"	"Historia de una Maestra - Aldecoa | Amado Libros"	"text/html;charset=utf-8"	"false"	"200"	"0"	"https://www.amadolibros.com/sitemap-books-active.xml"	"0"	"0"	"0"	"0"	"0"	"0"	"0"	"0"
"20"	"https://www.amadolibros.com/libro/MLU644005320/cuido-mi-cuerpo"	"Cuido Mi Cuerpo | Amado Libros"	"text/html;charset=utf-8"	"false"	"200"	"0"	"https://www.amadolibros.com/sitemap-books-active.xml"	"0"	"0"	"0"	"0"	"0"	"0"	"0"	"0"
"20"	"https://www.amadolibros.com/libro/MLU602976950/canto-de-mi-mismo-edicion-bilingue-whitman-walt"	"Canto de Mi Mismo Edicion Bilingüe Whitman Walt | Amado Libros"	"text/html;charset=utf-8"	"false"	"200"	"0"	"https://www.amadolibros.com/sitemap-books-active.xml"	"0"	"0"	"0"	"0"	"0"	"0"	"0"	"0"
"20"	"https://www.amadolibros.com/libro/MLU607749711/el-libro-rojo-carl-gustav-jung"	"El Libro Rojo - Carl Gustav Jung | Amado Libros"	"text/html;charset=utf-8"	"false"	"200"	"0"	"https://www.amadolibros.com/sitemap-books-active.xml"	"0"	"0"	"0"	"0"	"0"	"0"	"0"	"0"
"20"	"https://www.amadolibros.com/libro/MLU614500076/libro-escuelas-dia-a-dia-actis-beatriz"	"Libro - Escuelas Día A Día - Actis, Beatriz | Amado Libros"	"text/html;charset=utf-8"	"false"	"200"	"0"	"https://www.amadolibros.com/sitemap-books-active.xml"	"0"	"0"	"0"	"0"	"0"	"0"	"0"	"0"
"20"	"https://www.amadolibros.com/libro/MLU626010569/del-plata-al-niagara-paul-groussac"	"Del Plata al Niágara - Paul Groussac | Amado Libros"	"text/html;charset=utf-8"	"false"	"200"	"0"	"https://www.amadolibros.com/sitemap-books-active.xml"	"0"	"0"	"0"	"0"	"0"	"0"	"0"	"0"
"20"	"https://www.amadolibros.com/libro/MLU625386723/messi-por-amor-a-la-camiseta-de-juan-carlos-pasman"	"Messi por Amor a la Camiseta de Juan Carlos Pasman | Amado Libros"	"text/html;charset=utf-8"	"false"	"200"	"0"	"https://www.amadolibros.com/sitemap-books-active.xml"	"0"	"0"	"0"	"0"	"0"	"0"	"0"	"0"
"20"	"https://www.amadolibros.com/libro/MLU623152165/dislexia-definicion-e-intervencion-en-hispanohablantes"	"Dislexia Definición e Intervención en Hispanohablantes | Amado Libros"	"text/html;charset=utf-8"	"false"	"200"	"0"	"https://www.amadolibros.com/sitemap-books-active.xml"	"0"	"0"	"0"	"0"	"0"	"0"	"0"	"0"
"20"	"https://www.amadolibros.com/libro/MLU623373014/estuche-ariana-godoy-trilogia-hermanos-hidalgo"	"Estuche Ariana Godoy Trilogia Hermanos Hidalgo | Amado Libros"	"text/html;charset=utf-8"	"false"	"200"	"0"	"https://www.amadolibros.com/sitemap-books-active.xml"	"0"	"0"	"0"	"0"	"0"	"0"	"0"	"0"
"20"	"https://www.amadolibros.com/libro/MLU629901136/charlotte-s-web-puffin-new-edition"	"Charlotte S Web - Puffin **new Edition** | Amado Libros"	"text/html;charset=utf-8"	"false"	"200"	"0"	"https://www.amadolibros.com/sitemap-books-active.xml"	"0"	"0"	"0"	"0"	"0"	"0"	"0"	"0"
"20"	"https://www.amadolibros.com/libro/MLU624957257/tu-droga-adiccion-drogadiccion-puentes-guia"	"Tu Droga Adicción Drogadicción Puentes Guía | Amado Libros"	"text/html;charset=utf-8"	"false"	"200"	"0"	"https://www.amadolibros.com/sitemap-books-active.xml"	"0"	"0"	"0"	"0"	"0"	"0"	"0"	"0"
"20"	"https://www.amadolibros.com/libro/MLU624960104/el-trauma-visto-por-los-ninos-levine-kline-eleftheria"	"El Trauma Visto por los Niños, Levine Kline, Eleftheria | Amado Libros"	"text/html;charset=utf-8"	"false"	"200"	"0"	"https://www.amadolibros.com/sitemap-books-active.xml"	"0"	"0"	"0"	"0"	"0"	"0"	"0"	"0"
"20"	"https://www.amadolibros.com/libro/MLU636056326/libro-messi-el-genio-completo-senosian-de-senosiain-ariel-ed"	"Libro Messi, El Genio Completo - Senosian, De Senosiain, Ariel. Editorial Ateneo, Tapa Blanda ( 2021) | Amado Libros"	"text/html;charset=utf-8"	"false"	"200"	"0"	"https://www.amadolibros.com/sitemap-books-active.xml"	"0"	"0"	"0"	"0"	"0"	"0"	"0"	"0"
"20"	"https://www.amadolibros.com/libro/MLU618355470/libro-graffiti-ninja-osvaldo-aguirre-norma"	"Libro - Graffiti Ninja - Osvaldo Aguirre - Norma | Amado Libros"	"text/html;charset=utf-8"	"false"	"200"	"0"	"https://www.amadolibros.com/sitemap-books-active.xml"	"0"	"0"	"0"	"0"	"0"	"0"	"0"	"0"
"20"	"https://www.amadolibros.com/libro/MLU626972752/nudos-con-paracord-11-proyectos-faciles-de-hacer"	"Nudos con Paracord. 11 Proyectos Fáciles de Hacer | Amado Libros"	"text/html;charset=utf-8"	"false"	"200"	"0"	"https://www.amadolibros.com/sitemap-books-active.xml"	"0"	"0"	"0"	"0"	"0"	"0"	"0"	"0"
"20"	"https://www.amadolibros.com/libro/MLU628802476/lado-oscuro-del-zodiaco-el-stella-hyde"	"Lado Oscuro Del Zodiaco, El - Stella Hyde | Amado Libros"	"text/html;charset=utf-8"	"false"	"200"	"0"	"https://www.amadolibros.com/sitemap-books-active.xml"	"0"	"0"	"0"	"0"	"0"	"0"	"0"	"0"
"20"	"https://www.amadolibros.com/libro/MLU626131863/las-mejores-tecnicas-de-estudio-bernabe-tierno"	"Las Mejores Tecnicas de Estudio - Bernabé Tierno | Amado Libros"	"text/html;charset=utf-8"	"false"	"200"	"0"	"https://www.amadolibros.com/sitemap-books-active.xml"	"0"	"0"	"0"	"0"	"0"	"0"	"0"	"0"
"20"	"https://www.amadolibros.com/libro/MLU623147404/los-limites-un-mensaje-de-cuidado-gerstenhaber-claudia"	"Los Limites, un Mensaje de Cuidado. Gerstenhaber,… | Amado Libros"	"text/html;charset=utf-8"	"false"	"200"	"0"	"https://www.amadolibros.com/sitemap-books-active.xml"	"0"	"0"	"0"	"0"	"0"	"0"	"0"	"0"
"20"	"https://www.amadolibros.com/libro/MLU616540423/libro-infancias-en-la-escuela-discapacidad-detenciones"	"Libro - Infancias en la Escuela: Discapacidad,… | Amado Libros"	"text/html;charset=utf-8"	"false"	"200"	"0"	"https://www.amadolibros.com/sitemap-books-active.xml"	"0"	"0"	"0"	"0"	"0"	"0"	"0"	"0"
"20"	"https://www.amadolibros.com/libro/MLU619565857/rompecabezas-una-guia-introductoria-al-trauma-y-la-disocia"	"Rompecabezas: una Guía Introductoria al Trauma y la… | Amado Libros"	"text/html;charset=utf-8"	"false"	"200"	"0"	"https://www.amadolibros.com/sitemap-books-active.xml"	"0"	"0"	"0"	"0"	"0"	"0"	"0"	"0"
"20"	"https://www.amadolibros.com/libro/MLU641325740/heroe-de-las-mil-caras-joseph-campbell"	"Heroe de las Mil Caras - Joseph Campbell | Amado Libros"	"text/html;charset=utf-8"	"false"	"200"	"0"	"https://www.amadolibros.com/sitemap-books-active.xml"	"0"	"0"	"0"	"0"	"0"	"0"	"0"	"0"
"20"	"https://www.amadolibros.com/libro/MLU626638961/industrial-design-form-a-to-z"	"Industrial Design Form a To Z | Amado Libros"	"text/html;charset=utf-8"	"false"	"200"	"0"	"https://www.amadolibros.com/sitemap-books-active.xml"	"0"	"0"	"0"	"0"	"0"	"0"	"0"	"0"
"20"	"https://www.amadolibros.com/libro/MLU624261887/senales-de-vida-una-bitacora-de-escuela-coleccion-del-melo"	"Señales de Vida una Bitacora de Escuela Colección del… | Amado Libros"	"text/html;charset=utf-8"	"false"	"200"	"0"	"https://www.amadolibros.com/sitemap-books-active.xml"	"0"	"0"	"0"	"0"	"0"	"0"	"0"	"0"
