mlu	estado	revisado_antes	titulo	autor
MLU1001092502	disponible	si	Rodolfo Walsh, La Palabra Y La Accion - Jozami, Eduardo	JOZAMI, EDUARDO
MLU1001317126	disponible	no	Tecnoceno - Flavia Costa - Taurus - Libro	Flavia Costa
MLU1001343376	encargo	no	Happycracia - Cabanas, Edgar	Cabanas, Edgar
MLU1001355550	encargo	no	Libro La Reina Descalza De Ildefonso Falcones	Ildefonso Falcones
MLU1001382526	encargo	no	Bhaktivedanta Swami Prabhupada Bhagavad-gt Edición Bolsill	A.C. Bhaktivedanta Swami Prabhupada
MLU1001523996	disponible	no	Costa Tecnoceno Algoritmos Y Nuevas Formas De Vida	Flavia Costa
MLU1006823424	disponible	si	Valle De La Calma - Dross / Da Revilla - Temas Hoy - Libro	Dross
MLU1006888492	disponible	si	Ejercitación De Las Funciones Ejecutivas - Euredjian	Martha Euredjian
MLU1009347902	disponible	si	Ejercitación Funciones Ejecutivas Kit Estimulación Cognitiva	Martha Euredjian
MLU1009386546	disponible	si	Valle De La Calma Libro De Bienestar Y Reflexión	Dross
MLU1009881928	encargo	no	Hoy No Es Siempre, De Sabrina Critzmann. Editorial Planeta, Tapa Blanda En Español, 2019	Sabrina Critzmann
MLU1011675244	disponible	si	Jamás Tan Cerca Agustín Valle Paidós	Agustín Valle
MLU1016549898	encargo	no	Libro Carpe Diem: Aprovecha El Presente, De Humberto Montesinos. Editorial Independently Published, Tapa Blanda ( 2025)	Humberto Montesinos
MLU1017134606	encargo	no	Carpe Diem Aprovecha El Presente Libro Motivacional	Humberto Montesinos
MLU1017539392	encargo	no	Libro ALGún Tiempo Atrás - La Vida De Gustavo Cerati - Sergio Marchi - Sudamericana	Sergio Marchi
MLU1017617454	encargo	no	Manual Practico De La Construccion: Para Obras Nuevas Y Arreglos, De Jaime Nisnovich. 1, Vol. 1. Editorial Nisno, Tapa Blanda, Edición 1 En Español, 2022	Jaime Nisnovich
MLU1017638608	disponible	si	Después Del Genocidio	Abu-Tarbush, José
MLU1017669380	encargo	no	Manual Práctico De Construcción Obra Y Materiales	Jaime Nisnovich
MLU1018535344	disponible	si	Didier Fassin Después Del Genocidio Memoria Y Política	Abu-Tarbush, José
MLU1020898470	disponible	no	Raja Shehadeh Palestina Heredar El Futuro Medio Oriente	GOMEZ, LUZ
MLU1021047986	encargo	no	Bluey ¡cómo Brillan! Libro Con Linterna Interactivo, De Varios Autores. Editorial Pikids, Tapa Dura ( 2025)	Varios autores
MLU1023960666	disponible	no	Palestina.heredar El Futuro, De Gomez, Luz. Editorial Los Libros De La Catarata En Español, 2024	GOMEZ, LUZ
MLU1031375038	disponible	si	Goddard A Sus Órdenes Ley De La Asunción Y Manifestación	Neville Goddard
MLU1033790258	disponible	si	A Sus Órdenes, De Neville Goddard. Editorial Independently Published, Tapa Blanda En Español, 2019	Neville Goddard
MLU1033930562	disponible	si	Participacion Social Para Que ?, De Eduardo Menendez. Editorial Lugar Editorial, Tapa Blanda En Español	Eduardo Menendez
MLU1034099538	disponible	no	Nora Y Nico Van Al Dentista, De Calvo Llorente, Ainara. Editorial Geu En Español	Calvo Llorente, Ainara
MLU1034112540	disponible	no	El Abuelo, De Bassa I Martín, Ramon. Editorial Salvatella, Tapa Blanda En Español	Bassa i Martín, Ramon
MLU1034177556	encargo	no	Mi Cofre De Baño. Libro Acordeon, De Martinez, Sigrid. Editorial Auzou En Español	Martinez, Sigrid
MLU1034203536	disponible	si	Esculpiendo Palabras En La Arena, De Cristina Cortes. Editorial Desclee De Brouwer, Tapa Blanda En Español	Cortés, Cristina
MLU1034216544	disponible	si	Ideas Generales Sobre El Método : Manual Práctico	Maria Montessori
MLU1034268510	disponible	si	Las Manos De Mi Padre, De Deok-kyu Choi. Editorial Litera Libros, Tapa Dura En Español	DEOK-KYU CHOI
MLU1034268514	encargo	no	Libro El Dolor Silencioso Del Hombre, De Cristhian Daniel Gaona. Editorial Independently Published, Tapa Blanda	Cristhian Daniel Gaona
MLU1034320504	disponible	si	Yo Tendria Que Estar Muerta, De Julieta Prandi. Editorial The Orlando Books, Tapa Blanda En Español, 2024	Julieta Prandi
MLU1034333504	disponible	no	Taller De Otoño, De Matamoro Blas. Serie N/a, Vol. Volumen Unico. Editorial Blatt & Rios, Tapa Blanda, Edición 1 En Español	Blas Matamoro
MLU1038849242	encargo	no	365 Acertijos Y Retos De Ingenio - Capo,miquel	Capó, Miquel
MLU1038858644	encargo	no	Dk Mitos Y Leyendas Guia Ilustrada (tapa Dura)	Dorling Kindersley
MLU1038888100	disponible	no	Mates Del Día A Día Matemáticas Cartoné Escolar	Varios autores
MLU1038927348	encargo	no	Agenda Espiral Obelisco Multicolor Hadas 2026 Multiculor	
MLU1039014716	disponible	no	Infantil Reinos Minúsculos Insectos Solapas Gigante Libro	Anne Jankéliowitch
MLU1039018108	encargo	no	Agenda Hadas 2026 Planificador Mágico Escolar Niñas Diaria Multiculor Hadas 2026	
MLU1039044122	encargo	no	Libro 365 Acertijos De Ingenio Y Desafíos Mentales	Capó, Miquel
MLU1039134254	disponible	si	Libro Enigmas. Detectives A Domicilio 05: Misterios Terrorificos, De Paul Martin. Editorial Librooks	Paul Martin
MLU1039264144	disponible	no	Nickelodeon Dibuja A Los Loud Manual De Dibujo Paso A Paso	Émilie Malandain
MLU1040161920	encargo	no	Un Besito Y ¡a Dormir! Td Combel	Geis Conti, Patricia
MLU1041264234	encargo	no	El Principito Edición Ilustrada Premium Tapa Blanda	CHRISTOPHE QUILLIEN
MLU1041303238	encargo	no	Enciclopedia Ilustrada De El Principito_np, De Christophe Quillien. Editorial Lunwerg En Español	CHRISTOPHE QUILLIEN
MLU1041303410	encargo	no	Carson Dellosa Flash Cards Multiplication Tablas 1 A 12	Varios autores
MLU1041380942	disponible	no	Gnosis Y Tradiciones Sagradas: Ensayos Y Epistolario En Torno De La Obra De Francisco García Bazán, De Nante, Bernardo. Editorial El Hilo De Ariadna, Tapa Blanda En Español, 2015	Nante, Bernardo
MLU1041446020	disponible	no	Libro Gnosis Y Tradiciones Sagradas Esoterismo Ocultismo	Nante, Bernardo
MLU1041472400	disponible	si	Aves Migratorias: Una Guía Sobre 11 Magníficas Especies	Haller, Marina
MLU1041524306	disponible	si	Aves Migratorias: Una Guía Sobre 11 Magnificas Especies, De Floria Haller. N/a, Vol. Volumen Unico. Editorial Pípala, Tapa Blanda, Edición 1 En Español	Haller, Marina
MLU1041835110	encargo	no	Evaluacion Psicodeportologica, De Roffe, Marcelo.. Editorial Lugar En Español	Roffe, Marcelo
MLU1041860778	disponible	si	Animal, De Blanco Pantoja, Daniel., Vol. 1. Editorial Errata Naturae Editores S.l, Tapa Dura En Español	DANIEL BLANCO PANTOJA
MLU1042770714	encargo	no	Un Paso Por Delante De Wall Street: Cómo Utilizar Lo Que Ya Sabes Para Ganar Dinero En Bolsa, De Peter Lynch., Vol. 0.0. Editorial Deusto, Tapa Blanda, Edición 1.0 En Español, 2015	Peter Lynch
MLU1043915642	disponible	si	El Gran Estado, De Brook, Timothy. Alianza Editorial, Tapa Blanda En Español	Brook, Timothy
MLU1043928612	disponible	si	Es Primavera, De Aa. Vv.. Editorial Hachette, Tapa Blanda En Español	VV. AA.
MLU1044023240	encargo	no	Los Miserables - Estuche - Tomo 1 Y 2	Hugo, Victor
MLU1044110574	disponible	si	Vida De Ali, De Eig, Jonathan. Editorial Capitán Swing, Tapa Blanda En Español, 2022	Eig, Jonathan
MLU1044356710	encargo	no	Lula De La Cárcel A La Presidencia, De Juan Manuel Karg. Editorial Futurock, Tapa Blanda, Edición 1 En Español	Juan Manuel Karg
MLU1044629576	encargo	no	Explicaciones De Fronteras Inexplicables, De Un Mundo Inmenso. Editorial Ediciones Peninsula, Tapa Dura En Español, 2024	Un Mundo Inmenso
MLU1044629630	encargo	no	¡sin Vueltas!nos Animamos A Hablar De Sexualidad	Hurrell, Silvia
MLU1044629634	disponible	si	Libro Pequeña Guia Verde Para Acompañar A Madres Y Niñxs, De Adriana Marcus, Vol. 1. Editorial Madreselva, Tapa Blanda	Adriana Marcus
MLU1044785818	encargo	no	Victor Hugo Los Miserables Alianza Editorial Nuevo	Hugo, Victor
MLU1045175530	disponible	no	Principito Mi Libro De Texturas, De Aa.vv. Editorial Panini Infantil En Español	AA.VV.
MLU1045422536	disponible	si	La Sabana Santa Una Trilogia A Traves Del Tiempo Y El Espac, De Liberge, Eric. Editorial Hachette, Tapa Dura En Español	LIBERGE, ERIC
MLU1045526506	disponible	no	Vínculos De Noc Y Nic A Nanda-i Y Diagnósticos Médicos, De [et Al.]. Editorial Elsevier España, S.l.u. En Español	[et Al.]
MLU1047180696	encargo	no	Viaje Intimo De La Locura, El, De Roberto Iniesta Ojea. Editorial El Hombre Del Saco En Español	ROBERTO INIESTA OJEA
MLU1047466790	encargo	no	Roberto Iniesta El Viaje Intimo De La Locura Extremoduro	ROBERTO INIESTA OJEA
MLU1064594742	encargo	no	Eduardo Mateo Razones Locas Música Uruguaya Esencial	DE ALENCAR PINTO, GUILHERME
MLU1067797720	disponible	si	Programa Lee Comprensivamente Guía Teórica: Sin Datos, De Bárbara Gottheil Y Otros. Serie Sin Datos, Vol. 0. Editorial Paidós, Tapa Blanda, Edición Sin Datos En Español, 2011	Bárbara Gottheil y otros
MLU1067798132	disponible	si	Mayor Y Menor 7	Chanti
MLU1067850460	disponible	si	Sarkany Moda Femenina Tendencias Y Creatividad Emprender	Ricky Sarkany
MLU1067876690	disponible	si	Obesidad Virginia Busnelli Guía Médica Para Bajar De Peso	Virginia Busnelli
MLU1068018280	disponible	si	Lee Comprensivamente Guía Teórica Lectura Escolar	Bárbara Gottheil y otros
MLU1068997808	encargo	no	Los Cinco Minutos Del Espíritu Santo Devocional	Fernández, Víctor Manuel
MLU1069010642	encargo	no	Cinco Minutos Del Espiritu Santo, Los	Fernández, Víctor Manuel
MLU1069036734	encargo	no	Con La Guía De Una Doula, De Gentile, María Julia. Editorial V&r, Tapa Blanda En Español, 2024	Gentile, María Julia
MLU1089769546	encargo	no	Vida Y Muerte Del Cartel De Medellín. Carlos Lehder. Editorial Debate En Español. Tapa Blanda	Carlos Lehder Rivas
MLU1089847750	encargo	no	Vida Y Muerte Del Cartel De Medellín Libro Droga Escobar	Carlos Lehder Rivas
MLU1090107148	encargo	no	Aprendiendo A Amarme Libro Autoestima Y Amor Propio	Espejo, Sara
MLU1090120090	encargo	no	Libro Aprendiendo A Amarme - Sara Espejo, De Espejo, Sara. Editorial Sara Espejo, Tapa Blanda (2025)	Espejo, Sara
MLU1093817880	encargo	no	La Sombra Sobre Innsmouth, De H.p. Lovecraft. Editorial Minotauro, Tapa Dura En Español	Lovecraft, H. P.
MLU1094438362	disponible	si	Se Los Dije..., De Salvador Borrego Ph D. Editorial Createspace Independent Publishing Platform, Tapa Blanda En Español	Salvador Borrego Ph D
MLU1096421868	encargo	no	Complete Mathematics For Cambridge Igcse Extended (6th./ed.)	Bettison, Ian
MLU1098917370	encargo	no	Libro Etica Para Amador	Savater, Fernando
MLU1099171454	encargo	no	Libro Cero Miligramos (con Detalles)	Santi Talledo y Diego Vago
MLU1180583926	encargo	no	Libro Estuche Mistborn 1 2 Y 3 Contiene Nacidos De La Bruma El Poz, De Desconocido, Vol. 1. Editorial B De Bolsillo (2025)	Brandon Sanderson
MLU1183016990	disponible	si	Exodo Y Extasis En Ignacio De Loyola - Agx	Javier Melloni Ribas, SJ
MLU1183041406	encargo	no	La Montaña Eres Tú, De Wiest, Brianna., Vol. 1. Editorial Diana, Tapa Blanda En Español, 2022	Wiest, Brianna
MLU1195243950	encargo	no	Piel Con Piel, De Mala, Irene. Editorial Lumen, Tapa Dura En Español, 2024	MALA, IRENE
MLU1199537518	encargo	no	Animascopio. Animales Domésticos Libro Tapa Dura Español Auzou	Passchier, Anne
MLU1200369890	disponible	no	Aprende A Dibujar. Una Casa De Locos, De Varios Autores. Editorial Hachette En Español	Varios autores
MLU1201280134	disponible	si	Los Creadores, De Zweig, Stefan. Editorial Ulises, Tapa Blanda En Español	Zweig, Stefan
MLU1201370428	disponible	no	Santa Envidia, De Brown Taylor, Barbara. Editorial Editorial Espacio Ronda, Tapa Blanda En Español, 2024	Brown Taylor, Barbara
MLU1201893378	disponible	si	Como Proteger El Ganado Con Perros, De Nieto Macein, David. Editorial Tundra Ediciones En Español	NIETO MACEIN,DAVID
MLU1205667076	disponible	si	Cuando Fuimos Los Peripateticos - Hector Lozano	HECTOR LOZANO
MLU1205761938	encargo	no	Knooking: Nueva Técnica Para Tejer A Ganchillo - Veronika Hug Libro	Hug, Veronika
MLU1205804492	encargo	no	Nuovo Espresso 4 Libro Studente Ejercicios Curso Italiano	MARIA BALI
MLU1205882426	disponible	si	Libro Narcoticos Anonimos: Narcotics Anonymous (spanish Edition), De Wso, Vol. 1. Editorial Narcotics Anonymous World Services; 6a Edición (15 Septiembre 2010), Tapa Blanda	Wso
MLU1220087772	disponible	no	La Semilla Del Abuelo, De Aguirre, Marina. Editorial Bookolia, Tapa Dura En Español	AGUIRRE, MARINA
MLU1220408952	disponible	si	Libro Recreos Cerebrales - Rosana Fernández Coto - Bonum	Rosana Fernández Coto
MLU1220693036	encargo	no	Pilchas Criollas Assuncao Usos Y Costumbres Gaucho	FERNANDO ASSUNCAO
MLU1220693038	encargo	no	Pilchas Criollas - Fernando Assuncao	FERNANDO ASSUNCAO
MLU1220693488	disponible	si	Familias, Parejas, Analistas	Gomel, Silvia
MLU1225045586	encargo	no	Pistis Sophia Ev. Valentino Textos Apócrifos Religión Gnosis	PISTIS SOPHIA
MLU1225099264	disponible	si	El Camino De Regreso A Ti	Ian Morgan Cron, Suzanne Stabile
MLU1225110556	encargo	no	Pistis Sophia . El Evangelio De Valentino	PISTIS SOPHIA
MLU1240711968	disponible	si	Libro La Disgrafía De López A. M. Tapa Blanda En Español	López, A. M.
MLU1240711974	disponible	no	Principito Caja Con Personajes, De Aa.vv. Editorial Panini Infantil En Español	AA.VV.
MLU1240867816	disponible	no	La Letra Con Humor Entra, De Profesor Don Pardino. Editorial B, Tapa Blanda En Español, 2024	Profesor Don Pardino,
MLU1240880782	disponible	no	Libro Pequeños Crímenes Ilustrados Modesto García Montena 2024	Modesto García
MLU1241823202	disponible	no	Libro Barbie Chef, De Varios Autores. Editorial Hachette Infantil, Tapa Blanda	Varios autores
MLU1241823224	disponible	si	Los Doce Pasos De Deudores Anónimos	Deudores Anónimos
MLU1242482484	disponible	si	Mr. Robot	Sam Esmail y Courtney Looney
MLU1242623644	disponible	si	Parejas En Recuperación Anónimas	Recovering Couples Anonymous
MLU1242623688	encargo	no	Lo Que El Viento Se Llevo	Margaret Mitchell
MLU1243831046	encargo	no	Libro - Un Año Diferente - Cande Molfese - Planeta	Cande Molfese
MLU1245271578	encargo	no	Test - Las Aventuras De Pata Negra	Louis Corman
MLU1245272738	encargo	no	Ejercicios Parramón Rostros Y Expresiones	Equipo Parramon
MLU1245414700	encargo	no	Libro - Dormir - Littlehales, Nick	Littlehales, Nick
MLU1248123790	encargo	no	Yo Soy Tu - Enric Corbera	Corbera, Enric
MLU1256029160	disponible	si	Libro Mi Vida Y Yo Autobiografía Michael Caine, De Michael Caine. Editorial Primer Plano, Tapa Dura ( 1993)	CAINE, MICHAEL
MLU1256029996	disponible	si	Fidel Y Raúl, Mis Hermanos	Juanita Castro Ruíz
MLU1256327692	encargo	no	Libro Diamantes En Bruto, Mosquera, Trauma Tlp Emdr Testimonial, De Dolores Mosquera. Editorial Independently Published, Tapa Blanda ( 2024)	Dolores Mosquera
MLU1258310814	encargo	no	Libro - El Lunes Dieta - Zumaquero, Pablo	Zumaquero, Pablo
MLU1258418416	encargo	no	Libro - Las Adicciones Tóxicas - Héctor López	HECTOR LÓPEZ
MLU1258432688	disponible	si	Van Gogh	VV. AA.
MLU1260470270	disponible	si	Living In The Countryside Vida Campo Inspirador	B. STOELTIE
MLU1260470788	disponible	si	Mis Amigos Capibaras Carpinchos Phidal Infantil Escolar	Varios autores
MLU1285132414	encargo	no	Rick Rubin El Acto De Crear Creatividad Inspiracion	Rick Rubin
MLU1285132416	encargo	no	Libro El Acto De Crear Edicion Especial, De Rick Rubin. Editorial Editorial Diana Planeta	Rick Rubin
MLU1285365438	disponible	si	Sarkany Moda Femenina Tendencias Y Creatividad Emprender	Ricky Sarkany
MLU1291994198	encargo	no	Adios A La Inflamacion - Sandra Moñino	SANDRA MOÑINO
MLU1300070150	disponible	si	Cuaderno Ejercicios Estimulacion Funciones Cognitivas España	Carmen Mª León Lopa
MLU1300499218	disponible	no	Soda Stereo - Signos (vinyl	
MLU1302839010	disponible	si	Edipo Gay	Reitter Jorge N
MLU1303983184	encargo	no	Libro Cabeza Corazón Manos Álvaro González Alorda Tapa Dura, De Álvaro González Alorda. Editorial Riverview, Tapa Dura ( 2023)	GONZALEZ ALORDA, ALVARO
MLU1304642506	disponible	si	La Ternura Del Padre En Los Vinculos Actuales Berasain L36	Berasain, Martin
MLU1314314594	disponible	si	La Niña Del Parche Silvia G. Guirado Tapa Dura Español Gamusetes	G. Guirado, Silvia
MLU1314327628	encargo	no	Violencia Domestica Divorcio Y Adaptacion Psicolog - Canton	José Cantón Duarte; M.ª del Rosario Cortés Arboleda; M.ª Dolores Justicia Díaz; David Cantón Cortés
MLU1315867904	encargo	no	El Hijo Del Ajedrecista Fernando Rodriguez Mondragon	Fernando Rodriguez Mondragon ·
MLU1315868588	encargo	no	El Carro Medio Panzer Iv Osprey Bryan Perrett	Perrett, Bryan
MLU1317084612	disponible	si	Trotamundos En 200 Ciudades, De Aa. Vv.. Editorial Libros Cupula, Tapa Blanda En Español / Castellano, 2024	AA. VV.
MLU1317344512	disponible	si	Ejercicios Para Potenciar La Memoria Y La Concentracion (edicion Exclusiva), De Cuadernos Rubio. Editorial Grijalbo, Tapa Blanda En Español	CUADERNOS RUBIO
MLU1317435288	disponible	si	Susaeta Mi Primera Comunión Recuerdo Infantil	Varios
MLU1317435290	disponible	si	Mi Primera Comunión (rosa), De Varios. Editorial Ediciones Suromex, Tapa Dura En Español, 2022	Varios Autores
MLU1317542790	encargo	no	Reglas Y Características Todos Los Deportes Silvia Ferretti	Ferretti Paolo
MLU1317543346	encargo	no	Chicharrón Vigil Constancio	VIGIL, CONSTANCIO
MLU1317657750	disponible	no	Piloto De Stukas, De Rudel, Hans-ulrich. Editorial Editorial Acervo, Tapa Blanda En Español, 2009	Hans-Ulrich Rudel
MLU1317658166	disponible	si	Test Citap De Habilidades Grafomotoras	JUAN ANTONIO GARCÍA NÚÑEZ Y ORFELIO LEÓN GARCÍA
MLU1317658258	encargo	no	Sumar Al Amor Manual De Habilidades Para Familiares	Carola Pechon, Gabriela Rodriguez Rey, Corrine R. Stoewsand, Pablo Gagliesi, Paula José Quintero
MLU1317658468	encargo	no	Noticias Sobre Antigüedades Indian De La Banda Oriental	Ameghino, Florentino
MLU1319579722	encargo	no	Transforma Tu Vida Con Los 72 Nombres De Dios	ALBERTO Lajas Antunez
MLU1319646698	encargo	no	Libro - De Analista A Trader - Jaime M. Juez	Jaime M. Juez
MLU1319996880	encargo	no	El Viaje De Merlin Túnel De La Sabiduría Lajas	ALBERTO LAJAS
MLU1319996884	encargo	no	Quimica Ii Con Enfoque Por Competencia Lembrino Perez	IMELDA LUZ LEMBRINO PEREZ, GEORGINA RIVERA ALVAREZ
MLU1330178002	disponible	si	Un Vuelo A Roma: Un Viaje Inesperado Hacia La Felicidad, De Martín Virasoro. Editorial Metropolis, Tapa Blanda En Español, 2025	Martín Virasoro
MLU1330190798	disponible	si	Amigos, Amantes Y Aquello Tan Terrible (bolsillo), De Perry, Matthew., Vol. 1. Editorial Contraluz Editorial, Tapa Blanda En Español, 2024	Perry, Matthew
MLU1330191560	disponible	si	Libro Club De Brujas - Mel Knarik / Ayelén Romano	Mel Knarik y Atelén Romano
MLU1330192396	encargo	no	Barbara O'neill Antiguos Remedios Caseros Botica: Coleccio, De Green, Anne. Editorial Holisticheals Publishers, Tapa Blanda En Español, 2024	Green, Anne
MLU1330205296	encargo	no	Barbara O'neill Antiguos Remedios Caseros Botica Hierbas	Green, Anne
MLU1333230130	disponible	si	Color By Numbres Travel	Varios autores
MLU1346572834	disponible	no	Azul Casi Transparente. Ryu Murakami. Anagrama	Murakami, Ryu
MLU1346573926	encargo	no	Libro El Profeta, De Jose Maria Zavala. Editorial B, Editorial, Tapa Dura	JOSE MARIA ZAVALA
MLU1346585778	disponible	si	Las 9 Claves De La Curacion Natural Del Cancer Y Otras Enfer	Tuner, Kelly A.
MLU1346588184	encargo	no	Leones Contra Gacelas: Manual Completo Del Especulador	Cárpatos, José Luis
MLU1346596014	disponible	si	Libro El Coraje Que Necesitamos: La Rabia Y El Orgullo. La Fuerza De La Razón (fuera De Colección), De Oriana Fallaci, Vol. 1. Editorial La Esfera De Los Libros, S.l., Tapa Blanda (2025)	Oriana Fallaci
MLU1346598872	disponible	si	9 Claves Curación Natural Cáncer Guía Bienestar	Tuner, Kelly A.
MLU1346600476	disponible	si	Libro Lo Hicimos Bien, Chico, De Anthony Hopkins, Vol. 1. Editorial Libros Cupula, Tapa Dura	ANTHONY HOPKINS
MLU1346613772	disponible	si	Libro Kit Memoria Cognitiva Vuelta Al Mundo Detalles	Varios autores
MLU1346613974	encargo	no	Leones Contra Gacelas - Carpatos,jose Luis	Cárpatos, José Luis
MLU1349705242	encargo	no	Tecnofeudalismo Varoufakis Capitalismo Tecnología Deusto	Yanis Varoufakis
MLU1349705244	encargo	no	Tecno Feudalismos: El Sigiloso Sucesor Del Capitalismo, De Yanis Varoufakis., Vol. 1. Editorial Ediciones Deusto, Tapa Blanda En Español, 2024	Yanis Varoufakis
MLU1362321178	encargo	no	En Cambio - Bachrach,estanislao	Bachrach Estanislao
MLU1371752580	encargo	no	Yo Pude Tu Puedes, De Margarita Pasos. Editorial Harper, Tapa Blanda, Edición 1 En Español, 2024	Margarita Pasos
MLU1383605434	disponible	no	Libro El Tao Del Amor Y El Sexo - Jolan Chang	Chang, Jolan
MLU1389467502	encargo	no	Cuando Todos Saben Que Todos Lo Saben	Pinker, Steven
MLU1392392680	disponible	si	Nuestro Mundo Polivagal Vínculos Y Trauma - Porges	Stephen W. Porges - Seth Porges
MLU1396920042	disponible	si	Ojos De Gaza, Los - Plestia Alaqad	Plestia Alaqad
MLU1398580938	disponible	no	Kensuke´s Kingdom - Egmont	Morpurgo
MLU1398581154	encargo	no	La Peninsula De Las Casas Vacias, De Ucles David. Editorial Siruela, Tapa Blanda En Español, 2024	Uclés, David
MLU1398855008	encargo	no	Yo Recordare Por Ustedes, De Forn, Juan. Editorial Seix Barral, Tapa Blanda En Español	Forn, Juan
MLU1410228842	disponible	si	Libro El Cirujano De Almas	Zueco, Luis
MLU1411048170	encargo	no	Gray's Sports Almanac Back To The Future	DISTRIBUIDORA ORKO
MLU1411048306	encargo	no	Fascículo 10 + Mig-29 Fulcrum Aviones De Combate Nº 10	Salvat
MLU1411048330	encargo	no	Avion D Combate Lockheed Martin F-35 Lightning Ii, Us Navy	Salvat
MLU1411052698	encargo	no	Libro Diario Abuelo, De Galilea Kids, Vol. 1. Editorial Galilea Kids, Tapa Blanda	Galilea Kids
MLU1411052964	encargo	no	Los Principios Que Nos Guìan Narcoticos Anonimos	Narcóticos Anónimos
MLU1412217698	disponible	si	Sanar Dentro De Nuestras Relaciones Alcohólicas	Grupos de Familia de Al-Anon
MLU1412217822	encargo	no	Aviones De Combate Salvat F-22 Raptor	Salvat
MLU1412217824	encargo	no	Llenando El Vacío Mosquera Tlp Personalidad	VV. AA.
MLU1412217982	disponible	si	Un Día A La Vez Alcoholismo Grupo Alanon Ed 50 Aniversario	AL-ANON
MLU1412218158	disponible	si	Libro Caminaré En Tu Presencia Señor 8, De Paulinas, Vol. 8. Editorial Paulinas, Tapa Blanda (2009)	Paulinas Editora
MLU1412218276	encargo	no	Libro Con Sonidos - La Granja De Zenón	Nova rhoman
MLU1412218384	disponible	si	Un Principio Espiritual Por Día Narcóticos Anónimos	Narcóticos Anónimos
MLU1412218416	disponible	si	Los Milagros Ocurren Na Narcoticos Anonimos	Narcóticos Anónimos
MLU1412218672	disponible	si	Esperanza Para Hoy Alanon Al Anon Alcoholismo	Grupos de Familia Al-Anon
MLU1413218594	encargo	no	Mi Estuche De Pictos Tarjetas Pictogramas	Editorial Geu
MLU1413218670	encargo	no	Audiocuento Granja De Zenón + Figura De Pato	ZENON
MLU1414076220	disponible	si	Libro - Trasnoche De Pablo De Santis	Pablo De Santis
MLU1416777648	encargo	no	Libro Murdoku 80 Acertijos De Lógica Y Asesinatos	Garand, Manuel
MLU1416777650	encargo	no	Libro Murdoku: 80 Acertijos De Lógica Y Asesinatos, De Garand, Manuel, Vol. 1. Editorial Temas Hoy, Tapa Blanda (2025)	Manuel Garand
MLU1418183454	disponible	si	Alemania Libro Antiguo Industria Autos Trenes En Frances	Pay Christian Cartensen, Hans Hitzer y Friedrich Richter
MLU1418743620	disponible	si	Mi Estuche De Pictos Animales Geu Editorial	Geu Editorial
MLU1419875062	disponible	si	Mi Estuche Pictos Conceptos Xl Conceptos Geu Pictogramas	Editorial Geu
MLU1420573720	disponible	si	Memento Mori - Recuerda Tu Muerte	Varios autores
MLU1420593616	encargo	no	Comprensión Lectora Estrategias Lectores Autorregulados	Andrés Calero
MLU1421304822	disponible	si	Libro Minas-lavalleja Inauguración Monumento Patrio, De Lit. La Razon. Editorial La Razon, Tapa Blanda (1902)	Lit. LA RAZON
MLU1421357000	encargo	no	Delphine De Vigan Nada Se Opone A La Noche Anagrama	Delphine de Vigan
MLU1421357002	encargo	no	Libro Nada Se Opone A La Noche - Delphine De Vigan	Delphine de Vigan
MLU1421447894	disponible	si	El Libro Negro De Gaza Testimonios De Un Genocidio	Gonzalo Delgado
MLU1421711638	disponible	si	Resuelvo Problemas 7 Geu Editorial	Geu Editorial
MLU1426280254	disponible	si	Tierra Uruguaya Orestes Araújo 1913 Tomo I Libro Antiguo	Orestes Araujo
MLU1426348166	disponible	si	Microtraumas: Reconoce Y Combate Los Devastadores Efectos De Las Pequeñas Herida S Cotidianas, De Dra. Meg Arroll. Editorial Grijalbo En Español	DRA. MEG ARROLL
MLU1428454126	encargo	no	Árbol - Aya Kda	Aya Kōda
MLU1429430814	disponible	si	El Libro Negro De Gaza Testimonios De Un Genocidio	Gonzalo Delgado
MLU1430311076	encargo	no	Libro Encontrar Un Hogar - Ponte, Rene, De Ponte, Rene, Vol. 1. Alienta Editorial, Tapa Blanda	PONTE, RENE
MLU1430311520	disponible	si	El Aviso Christine Watkins Profecías Católicas Libro	Christine Watkins
MLU1430337252	disponible	si	Inacabada ( Mapa De Las Lenguas )	Richards, Ariel Florencia
MLU1430338332	disponible	si	Alquimia Fulcanelli Retorno Brujos Hitler Ocultismo Libros	Fulcanelli, Pauwels, Bergier y Ravenscroft
MLU1430338516	disponible	si	Pachita Jacobo Grinberg Curaciones Chamanicas Zen Libro Cero	Grinberg-Zylerbaum y Deshimaru
MLU1430350798	disponible	si	El Aviso : Testimonios Y Profecias Sobre La Illuminacion ...	Christine Watkins
MLU1430376012	disponible	si	Inacabada Ariel Richards Identidad De Género	Richards, Ariel Florencia
MLU1430376928	disponible	si	Lote Energias Teluricas Sueños Conspiracion Acuario Libro	Fulcanelli, Pauwels, Bergier y Ravenscroft
MLU1430938920	encargo	no	Carson Dellosa Flash Cards Multiplication Tablas 1 A 12	Varios autores
MLU1430941926	encargo	no	Audiocuento - Granja De Zenon - Percherón - Libro + Figura	La granja de zenon
MLU1430942720	encargo	no	Libro - 200 Tareas En Terapia Breve [2 Edicion] - Beyebach M	Beyebach Mark / H
MLU1430944644	encargo	no	Libro Aviónes De Combate 50 F-14 A Tomcat Marina De Estados Unidos, De Salvat. Editorial Salvat	Salvat
MLU1431940402	disponible	si	Elden Ring Libros Del Saber Volumen Iii Shadow The Erdtree	Future Press
MLU1431941148	encargo	no	Libro La Sanación Viene Kampenhout Hellinger Constelaciones	Daan Van Kampenhout
MLU1431941546	encargo	no	Libro Cómo Analizar Los Estados Contables Para El Otorgamiento De Créditos, De Hugo Luis Sasso, Vol. 1. Editorial Macchi, Tapa Blanda	Hugo Luis Sasso
MLU1431946270	encargo	no	Libro: Manual Para Mecánicos Nico De Los Motores	Nico De Los Motores
MLU1431949100	encargo	no	Libro La Experiencia Starbucks, De Joseph A. Michelli, Vol. 1. Editorial Granica, Tapa Blanda (2007)	Michelli, Joseph A.
MLU1431949624	disponible	si	Libro Un Poco De Tiempo Para Mi, De Al-anon, Vol. 1. Editorial Al-anon, Tapa Dura (2023)	AL-ANON
MLU1435128154	disponible	no	Pulgas Y Garrapatas Guía Para Veterinarios - D. Gram -servet	Dunbar Gram
MLU1435128184	disponible	si	Mi Estuche De Pictos - Ropa Y Complementos	Geu Editorial
MLU1435969278	disponible	no	Mamá Tiene Una Enfermedad Invisible - Infantil	Tamara Pellegrini
MLU1435969294	disponible	si	Donde Esta El Abuelo?: 1 -candor	Mar Cortina
MLU1435969302	disponible	no	Kohlmeier Breviario Mitología Clásica 3 Tomos Tapa Dura	Michael Köhlmeier
MLU1435969324	disponible	si	Libro ¿cabezas De Chorlito?, De Lefebvre, Louis, Vol. 1. Editorial Lynx, Tapa Blanda (2025)	Lefebvre, Louis
MLU1438392032	disponible	si	El Gran Si Camino Integracion Rendicion Devocion Villalonga	Villalonga, Sofia
MLU1438405132	disponible	si	El Gran Si - Un Camino De Integracion, Rendicion Y Devocion, De Villalonga, Sofia. Editorial Metropolis, Tapa Blanda En Español, 2023	Villalonga, Sofia
MLU1438405520	encargo	no	Madre Mía Mercedes Morán	Moran Mercedes
MLU1438418464	encargo	no	Madre Mia - Moran Mercedes [libro]	Moran Mercedes
MLU1444639906	disponible	no	Mama Antula E28	Nunzia Locatelli, Cintia Suárez
MLU1444639920	disponible	si	Proust, De Beckett, Samuel. Editorial Tusquets México, Tapa Blanda En Español, 2013	Beckett, Samuel
MLU1445590282	encargo	no	Cómo Hacer Un Coche Con Poster Obsequio Aston Martin	Adrian Newey
MLU1445603352	encargo	no	Libro Pack Como Hacer Un Coche 2026, De Adrian Newey, Vol. 1. Editorial Libros Cúpula, Tapa Dura (2026)	Adrian Newey
MLU1446344526	disponible	si	Libro Te Busqué Te Luché Te Encontré Ainhoa Navarro	Ainhoa Navarro
MLU1447491564	disponible	si	Lote Folklore Martin Fierro Yupanqui Falu Cuartel Sabalero	Varios autores
MLU1448902686	disponible	si	Stefan Zweig, Cazador De Almas. E. Relgis Biog.	Eugen Relgis
MLU1448955902	disponible	si	Libros Afiches Feria Nacional Y Grabados Artesanias 2005	Varios autores
MLU1449711604	encargo	no	Por Que Dormimos Insomnio Walker Libro Sueño	Matthew Walker
MLU1452575802	disponible	si	Libro La Hija Que Fui, La Madre Que Soy, De Laborda, Yvonne, Vol. 1. Editorial Grijalbo, Tapa Blanda (2026)	LABORDA, YVONNE
MLU1452575868	encargo	no	El Acto De Crea De Rick Rubin Editorial Editorial Diana Planeta Tapa Dura En Español 2023	Rick Rubin
MLU1452588484	disponible	si	Al Andar Se Hace Camino, De González Vallés, Carlos. Editorial Sal Terrae En Español	González Vallés, Carlos
MLU1452588794	encargo	no	El Acto De Crear Rick Rubin Una Manera De Ser Tapa Dura	Rick Rubin
MLU1452588952	disponible	si	Libro: Quédate Contigo: 101 Reflexiones Para Mujeres El De A	Skye Reeds
MLU1452601476	encargo	no	Pack Libros Sensoriales Infantiles Baño Y Mar	Varios autores
MLU1453273882	disponible	si	La Hija Que Fui La Madre Que Soy Yvonne Laborda	LABORDA, YVONNE
MLU1455092016	disponible	si	Cuando Mama Lastima	RAYO GUZMAN (MARIA DEL RAYO GUZMAN CENGTENO)
MLU1461204286	disponible	si	Ranitas Libro Rock Uruguayo Nicolás Peruzzo Ninfa Comics	Nicolás Peruzzo
MLU1463192948	disponible	si	Guía De Intervención Logopédica Disfonías Schüller	TERESA SCHULLER MORENO
MLU1465759350	disponible	si	Psilocibina La Guía Definitiva Stephen Green	Stephen Green
MLU1465760502	disponible	si	Técnicas Reproductivas En Especies Animales Veterinaria	C. Pérez Marín, Lydia Gil Huerta y Luis Ángel Quintela Arias
MLU1467426412	disponible	si	El Otro Camino Parise Espiritualidad Desarrollo Personal	José Luis Parise
MLU1469917800	disponible	no	López Los Doce Trabajos De Hércules Mitología Infantil	Carlos Lopez
MLU1470735452	disponible	si	Springora El Nombre Del Padre Memoria Familiar	Vanessa Springora
MLU1472712116	disponible	si	Montagu El Tacto Y Las Relaciones Humanas	Ashley Montagu
MLU1472715344	disponible	si	Molina Tus Microtraumas Heridas Emocionales	Dra. Rosa Molina
MLU1473077522	encargo	no	El Camino Sufí Del Amor Enseñanzas De Rumi - Chittick	William C. Chittick
MLU1474529100	encargo	no	200 Soluciones Naturales Problemas Cotidianos Guía	Marina López
MLU1479589314	disponible	si	Martes Con Mi Viejo Profesor Albom Vida Y Amistad	Mitch Albom
MLU1480782758	disponible	si	Los Años Perdidos De Jesús 17 Años En Oriente	Elizabeth Clare Prophet
MLU1480784234	disponible	si	Libro Geometría Sagrada Ejercicios Y Autoconocimiento	Monique Dumoulin
MLU1488354450	disponible	si	Hago Lo Que Puedo Francisco Sola Coherencia Emocional	FRANCISCO SOLA
MLU1488612082	disponible	si	Muerte De La Naturaleza Merchant Ecología Feminismo	Carolyn Merchant
MLU1489004436	disponible	si	Fragmentos De Una Enseñanza Desconocida Gurdjieff Ouspensky	P D Ouspensky
MLU1489112982	disponible	si	Bufanda Roja,la - Schuff, Nicolas	Schuff,Nicolas
MLU1489845906	disponible	si	Fragmentos De Enseñanza Desconocida - Ouspensky - Gaia Libro	Ouspensky, P. D.
MLU1491205736	disponible	si	La Muerte De La Naturaleza - Carolyn Merchant, De Merchant, Carolyn. Editorial Siglo Xxi Editores, Tapa Blanda En Español	Merchant, Carolyn
MLU476019530	encargo	no	Libro: Karina & Marina - Estrellas En Nueva York- Exclusivo	Karina & Marina
MLU476019932	encargo	no	Karina & Marina -un Minuto Para Triunfar- Exclusivo	
MLU476020189	encargo	no	Karina & Marina - Listas Para La Party - Exclusivo	Karina & Marina
MLU476024579	disponible	si	Jugar - Un Derecho De La Infancia -	Jaume Bantulà - Andrés Payà
MLU476064526	encargo	no	Los Seis Pilares De La Autoestima	Branden, Nathaniel
MLU476064680	encargo	no	Jugar  - André Stern	Stern, André
MLU476404373	encargo	no	Willy El Tímido - Anthony Browne	Anthony Browne
MLU476644910	encargo	no	Educar En El Feminismo	Marañon, Iria
MLU476645130	encargo	no	Bésame Mucho - Criar A Tus Hijos Con Cariño Y Respeto	Carlos González
MLU476742915	encargo	no	No Quiero Dormir Sola!	Laura Sala Belda
MLU476743107	encargo	no	Tú Y Yo Hermanos - Elisenda Roca	Elisenda Roca - Guridi
MLU476743983	encargo	no	No Quiero Separarme De Mamá	DINAH LEVY
MLU476750604	encargo	no	Armas, Gérmenes Y Acero - Jared Diamond	Diamond, Jared
MLU476750627	encargo	no	El Temor De Un Hombre Sabio - Patrick Rothfuss	Rothfuss, Patrick
MLU476955226	encargo	no	Dormir Sin Lágrimas - Rosa Jové -	ROSA JOVE
MLU476999916	encargo	no	Canticuénticos En Papel - Noni-noni	Ruth Hillar
MLU476999954	encargo	no	Canticuénticos En Papel - ¿por Qué, Por Qué?	Ruth Hillar
MLU477000031	encargo	no	Canticuénticos En Papel - Quiero Para Mí	Ruth Hillar
MLU477113002	encargo	no	La Cola De Dragón - La Rabia - Colección Emociones	MIREIA CANALS/ SANDRA AGUILAR
MLU477113179	encargo	no	Mi Amiga Invisible - La Muerte - Colección Emociones	Canals Botines, Mireia
MLU477113260	encargo	no	Mis Padres Ya No Viven Juntos... Ahora Son Amigos	Elisa Soro - Carles Soro
MLU477113446	encargo	no	¿de Dónde Venimos?	Peter Mayle
MLU477239859	encargo	no	Un Amor De Hermanita	Astrid Desbordes - Pauline Martin
MLU477247364	disponible	no	El Desván De Las Letras - Aprende El Abecedario Con ......	Emma S. Varela - Elisenda Ripollès Vilaseca
MLU477254652	encargo	no	¡cómo Está El Clima! .....para Gestionar Las Emociones	Maria Mercè Conangla-Jame Soler
MLU477260894	encargo	no	Mamá - Anna Llenas	Anna Llenas
MLU477404314	encargo	no	Karina & Marina -listas Para La Party- Exclusivo	KYM
MLU477404387	encargo	no	Karina & Marina -estrellas En Nueva York- Exclusivo	Karina & Marina -Estrellas en Nueva York- Exclusivo
MLU477405012	encargo	no	Karina & Marina -rivales En El Instituto- Exclusivo	
MLU477508368	encargo	no	Creciendo Juntos - Carlos González	Carlos González
MLU477508649	encargo	no	¡hola Menstruación!	Yumi Stynes - Dra. Melissa Kang
MLU477564793	encargo	no	Minecraft - Bienvenidos Al Nether	Guía de novedades
MLU477564985	disponible	si	Vínculos Violentos En Familia - Domingo Caratozzolo	Domingo Caratozzolo
MLU477861921	encargo	no	Que Digo Cuando Digo Te Amo De Gabriel Cartañá Libro	CARTAÑA
MLU477877600	encargo	no	Jefa De Tu Vida - Charuca	CHARUCA
MLU477915075	encargo	no	Ni Rabietas Ni Conflictos - Rosa Jové	Jové Montañola, Rosa
MLU477973383	disponible	si	Todos A La Cama : Alvaro Bilbao Libro Sueño Infantil	BILABO, ALVARO
MLU478016095	encargo	no	Bailarina De Auschwitz La Libro Entrega Inmediata Gratuita	Eger, Edith
MLU478190078	encargo	no	El Síndrome De Tourette	Mary Robertson, Andrea Cavanna
MLU478190341	encargo	no	Superar Una Imagen Corporal Distorsionada	Lorraine Bell, Jenny Rushforth
MLU478190416	encargo	no	Programa Para La Intervención Psicológica Del Mutismo Select	José Olivares Rodríguez, Pablo J. Olivares Olivares
MLU478221896	disponible	si	Libro La Medicalizacion De La Infancia  Cecilia Rustoyburu	CECILIA RUSTOYBURU
MLU478256291	encargo	no	Todos En Círculo ¡el Libro Que Hace Fácil La Geometría!	Anna Cerasoli
MLU478256477	encargo	no	El Encarnizamiento Médico Con Las Mujeres	Juan Gervas, Mercedes Pérez-Fenández
MLU478260072	encargo	no	Libro Tiempo Para Valientes - Fabián Jalife	Fabián Jalife | Alejandro Melamed
MLU478295549	encargo	no	Guía Del Nacimiento	Ina May Gaskin
MLU478295624	encargo	no	La Asertividad: Para Gente Extraordinaria	Eva Bach, Anna Forés
MLU478295694	disponible	si	Feliz Feroz	El Hematocrítico
MLU478295929	encargo	no	¿hiperactividad Y Déficit De Atención?: Otra Forma De Preven	Heike Freire
MLU478296004	encargo	no	Vida De Clase. Cinco Años Con Mario Lodi Tonucci	Francesco Tonucci
MLU478296076	encargo	no	Tú Eliges Lo Que Comes	Carlos Casabona
MLU478296148	encargo	no	Los Buenos Tratos A La Infancia	Jorge Barudy
MLU478316314	encargo	no	Libro: Vidas Liberadas - Husmann - Chiale	Gloria Husmann, Graciela Chiale
MLU478316467	encargo	no	Psicobiología De La Violencia	Moya Albiol, Luis
MLU478316494	disponible	si	Enriquecimiento De Los Aprendizajes Matemáticos En Infantil	Jaime Martinez Montero,Concepcion Sanchez Cortes,
MLU478316573	encargo	no	Violencia Doméstica, Divorcio Y Adaptación Psicológica	José Cantón Duarte, María del Rosario Cortés Arboleda, María Dolores Justicia Díaz, David Cantón Cortés
MLU478802258	encargo	no	Periodismo. Instrucciones De Uso Reynaldo Sietecase	Sietecase Reynaldo
MLU478802520	encargo	no	Libro	Fradin, Natacha
MLU479179357	encargo	no	Apocalipsis Antroposofica Steiner Waldorf	Steiner, Rudolf
MLU479179437	disponible	si	El Dolor Psíquico Angustia Neurótica. Dolor Melancólico. Mas	Estela Eisenberg
MLU479210053	encargo	no	Manos Que Curan  El Libro Guía De Las Curaciones Barbara Ann	Barbara Ann Brennan
MLU479238208	encargo	no	Libro Alimentación Vegetariana En La Infancia Julio Basulto	BASULTO más 3 nutricionistas
MLU479281259	disponible	si	Adopciones: Análisis, Acciones Y Propuestas Concretas De Abo	Otero, Maria Federica
MLU479290713	disponible	no	Niñez, Adolescencia Y Género Herramientas Interdisciplinaria	Lucía Saavedra, Mónica Solís, María Eugenia Cuadra, Débora Tajer, Graciela Beatriz Reid, Mariana Gaba, Juliana Fernández Romeral, Alejandra Lo Russo, María Laura Lavarello, Rocío Fabbio, Susana De la Sovera DIRECTOR: Débora Tajer EDITORIAL: Noveduc
MLU479291334	encargo	no	La Bailarina De Auschwitz - Libro Entrega Inmediata	Eger, Edith
MLU479314344	encargo	no	Libro Freijo - Mal Educadas	FREIJO
MLU479314383	encargo	no	Libro Florencia Freijo  Mal Educadas	Florencia Freijo
MLU479397329	encargo	no	Libro  Mal Educadas  Freijo	Florencia Freijo
MLU479397334	encargo	no	Mal Educadas  Freijo	Florencia Freijo
MLU479413272	encargo	no	Libro 9 Meses Bajo La Lupa	Fradin, Natacha
MLU479428090	disponible	si	Para Selena, Con Amor (spanish Edition)	Chris Perez
MLU479486970	encargo	no	Libro	Emmi Pikler
MLU479519265	encargo	no	Los Cuatro Cerebros - Arantxa	Arantxa
MLU479551379	encargo	no	Teta Mamá Carolina Mora Libro Destete Respetuoso	LODR
MLU479700035	encargo	no	Niñez Trans Experiencia De Reconocimiento Y Derecho A La Ide	valeria pavan
MLU479700062	encargo	no	La Traición Progresista Autor: Alejo Schapire	Alejo Schapire
MLU479700091	encargo	no	¿quién No Usó Panal?	BINDER, WALTER  ¿QUIÉN NO USÓ PANAL?
MLU479795853	encargo	no	Libro ¿quien No Uso Pañal? Dejar Pañales	Walter Binder
MLU479901139	encargo	no	Libro Tomate Un Respiro Mario Alonso Puig	Puig
MLU480301095	encargo	no	Guia Del Explorador Psicodelico Fadiman	Fadiman James
MLU480348840	encargo	no	Karina & Marina-un Plan Top Secret	
MLU480423423	encargo	no	Libro Jefa De Tu Vida - Charuca	CHARUCA
MLU481000289	encargo	no	Libro - Niñez Trans - Valeria Pavan	valeria pavan
MLU481026184	encargo	no	Un Curso De Milagros  - Tapa Rustica Blanda	CURSO DE MILAGROS, UN
MLU481050147	encargo	no	9 Meses Bajo La Lupa	Autor: Natacha Fradin | Ilustrador: Ives Calarnou
MLU481077666	encargo	no	Karina&marina - Secret Stars-gemelas Y Estrellas - Exclusivo	Karina & Marina
MLU481089006	encargo	no	Ñam Ñam - Narda Lepes	Narda Lepes
MLU481089049	encargo	no	Ñam Ñam - Narda Lepes	Narda Lepes
MLU481089225	encargo	no	El Fin Del Amor Querer Y Coger Tamara Tenenbaum	Tamara Tenenbaum
MLU481161257	encargo	no	Cuanto Color! Raul Bermejo Nacho Uve	Bermejo Raul / Uve Nacho
MLU481229022	encargo	no	Libro - Yo Nena, Yo Princesa (2da Edición) - Mansilla, Gabri	MANSILLA GABRIELA
MLU600539003	encargo	no	Decide De Nuevo Aproximacion A Un Curso De Milagros Salvat M	Salvat, Marta
MLU600559020	encargo	no	Libro - Putita Golosa - Peker, Luciana	Luciana Peker
MLU600680222	encargo	no	Actuar, Jugar, Pensar - Bernard Aucouturier	Bernard Aucouturier
MLU600712408	encargo	no	Libro - El Mamboreta - Ruth Hillar Canticuenticos	Ruth Hillar
MLU600731901	encargo	no	Libro Educar En El 0-3.practica Reflexiva Inicial Maternal	QUINTO BORGHI, BATISTA
MLU600744900	encargo	no	La Formación Del Psicomotricista Ppa® - Bernard Aucouturier	Bernard Aucouturier
MLU600814043	encargo	no	Un Regalo Para Toda La Vida Dr Gonzalez, Carlos	González; Carlos
MLU600839928	disponible	si	Libro - Edipo Gay. Segunda Edición Ampliada - Reitter, Jorge	Reitter Jorge N
MLU600872481	encargo	no	Libro Lorena  Pronsky - Rota Se Camina Igual	Lorena Pronsky
MLU600878569	encargo	no	Edipo Gay. Segunda Edición Ampliada - Reitter, Jorge	Reitter Jorge N
MLU600915638	disponible	si	Elaine Aron-don De La Sensibilidad, El	Elaine Aron
MLU600959045	encargo	no	Libro Lorena  Pronsky  Rota Se Camina Igual Ed Hojas	Lorena Pronsky
MLU601070785	encargo	no	Educar En El Asombro L Ecuyer	CATHERINE ECUYER
MLU601070827	encargo	no	Yo Recordare Por Ustedes Forn Juan (papel)	VV. AA.
MLU601103370	encargo	no	Pack Litwak - Cómo Protegen Sus Activos + Paraísos Fiscale	Litwak Martin
MLU601109893	encargo	no	Summer. Finding Love 6 - Joss Stirling	Joss Stirling
MLU601129393	encargo	no	Diario De Pilar En China - Flavia Lins E Silvia	FLAVIA LINS E SILVIA
MLU601494209	encargo	no	Caída De Los Gigantes, La Follet, Ken	Ken Follett
MLU601507464	encargo	no	Libro - Anexo A Un Curso De Milagros	FOUNDATION FOR INNER PEACE
MLU601609182	encargo	no	Libro Ensambladas  - Violeta Vazquez	Violeta Vazquez
MLU601616179	encargo	no	Libro Azul De La Decodificación Biológica - Enrique Bouron	Bouron, Enrique
MLU601616211	encargo	no	Libro El Gran Surubí  Mairal, Pedro	Mairal, Pedro
MLU601635824	encargo	no	Libro	
MLU601648153	encargo	no	Ensambladas  - Violeta Vazquez	Violeta Vazquez
MLU601648758	encargo	no	Libro De Madres E Hijas Un Diálogo Abierto Sobre Los Vínculo	Julieta y Herrera Paula Imberti
MLU601661174	encargo	no	Libro Ensambladas  - Viole Vazquez	Violeta Vazquez
MLU601668380	encargo	no	Microcosmos Del Movimiento El Phil Unseld	Unsel, Phil
MLU601680748	encargo	no	Bouron Libro Azul De La Decodificación Biológica	Bouron, Enrique
MLU601733209	encargo	no	Libro - Dislexia: Una Forma Diferente De Leer - Rufina Pears	María Rufina Pearson
MLU601909449	encargo	no	Agenda 2022 - Año Del Tigre De Agua Ludovica Squirru Dari	
MLU601928947	encargo	no	Manifiesto Para Los Heroes De Cada Día - Sharma, Robin	Sharma, Robin
MLU602079605	encargo	no	Indomable - Glennon Doyle	Doyle, Glennon
MLU602144348	encargo	no	Libro - El Mito De Sisifo - Albert Camus	Albert Camus
MLU602155690	encargo	no	Todo Sobre Tu Vulva Tati Español Libro Tati Español	Tati Español
MLU602162173	encargo	no	Libro Gestionar Es Hacer Que Las Cosas Sucedan Blejmar	Bernardo Blejmar
MLU602168295	encargo	no	Un Año En El Jardín. Clara Billoch. Fotos De Angela Copello.	Billoch, Clara
MLU602187528	encargo	no	Educar Hasta La Ternura Siempre De Gabriela Magistris Libro	Gabriela Magistris
MLU602207175	encargo	no	Factfulness - Hans Rosling	Hans Rosling
MLU602259072	disponible	si	Niñez En Movimiento Del Adultocentrismo A La Emancipacion	Morales, Santiago
MLU602415276	disponible	si	Loczy, Una Insolita Atencion Personal - David, Myriam	Myriam David
MLU602493294	encargo	no	De 0 A 3 ¿nada De Pantallas? - Ramis, Anna	Ramis Anna
MLU602630663	encargo	no	Libro Decir Si A La Vida Garriga Joan	Joan Garriga
MLU602631760	disponible	si	De La Teta Al Plato - Piermarini, Lucio Destete Libro	Piermarini, Lucio
MLU602637201	encargo	no	A Solas: Silvia Congost Libro	Silvia Congost
MLU602656662	encargo	no	Libro  Trocca En Casa De Fernando Trocca	Fernando Trocca
MLU602728339	encargo	no	Libro Seis Años, Seis Casitas - Josep Gregori	JOSEP GREGORI
MLU602733671	encargo	no	Libro Sabrina Critzmann Comer Y Criar	Sabrina Critzmann
MLU602942785	encargo	no	Pokemon Guia Oficial Del Mitico Y Legendario Pokemon	Pokémon
MLU602950814	encargo	no	Libro Enseñar Distinto- Melina Furman	Furman, Melina
MLU602968756	encargo	no	Libro Infancia, La Edad Sagrada - Reichert, Evania	Reichert, Evania
MLU602968770	encargo	no	Pokemon Guia Oficial Del Mitico Y Legendario Pokemon	Pokémon
MLU602970469	encargo	no	Hacia El Jardin De Infantes Que Queremos Autora: Diana Jarvi	Autora: Diana Jarvis.
MLU602987101	encargo	no	Libro Las Escuelas Que Cambian El Mundo - Bona, Cesar	Bona Cesar
MLU602988294	encargo	no	Libro  Contra El Punitivismo Una Critica A Cesaroni Claudia	Cesaroni, Claudia
MLU603020260	encargo	no	Libro Lecuyer - Educar En La Realidad 3ra Ed	Catherine L´Ecuyer
MLU603032561	encargo	no	Libro - Títeres En Terapia - Elena Santa Cruz Y Marcelo Roch	Elena Santa Cruz Y Marcelo Rocha
MLU603034141	disponible	si	Libro Animate A Manifestar Tus Sueños Naty Franz	Naty Franz
MLU603052066	encargo	no	Libro - Prioridad: Tu Paz  - Marta Salvat	Marta Salvat
MLU603052069	encargo	no	Libro: Objetos Lúdicos. Elena Santa Cruz	Santa Cruz, Elena
MLU603059295	encargo	no	Libro Lecuyer - Educar En La Realidad - 3ra Ed	Lecuyer, Catherine
MLU603060093	encargo	no	Libro - Libro Pararte Y Dar Pelea - Rolo Sartorio Rolon	Rolo Sartorio
MLU603071570	encargo	no	Libro - Nacio Un Super Hermano	Utrera, Noelia
MLU603111513	encargo	no	Manos Que Curan: El Libro Guia De Las Curaciones Ann Brenan	BARBARA ANN BRENNAN , TRANSLATED BY  DIORKI, S. A.
MLU603173481	encargo	no	Libro Hablar Leer Y Escribir En El Jardin De Infantes Ortiz	ORTIZ BEATRIZ / LILLO MARIO
MLU603227596	encargo	no	Libro - Reina Roja Gomez Jurado	Gómez-Jurado, Juan
MLU603268185	encargo	no	Pero Querías Ser Doctor. Daniel Álvarez Yeomans	Daniel Álvarez Yeomans
MLU603268240	encargo	no	Libro La Ola Suzy Lee	Suzy Lee
MLU603275196	encargo	no	Libro Alumbra La Luna - Lu Gaitán	Browne, Anthony
MLU603294363	encargo	no	De Donde Venimos? - Peter Mayle	Peter Mayle
MLU603307196	encargo	no	Libro Sinsentido Comun,el - Borja Vilaseca	Borja Vilaseca
MLU603313767	encargo	no	Libro El Mundo De Indy. La Epidemia De Bullying	El mundo de Indy
MLU603319033	disponible	si	Luna - Oliver, Alison	Alison Oliver
MLU603325099	encargo	no	El Libro De Urantia. Revelando Los Misterios De Dios ...	
MLU603331787	encargo	no	Asuntos De Venus - Lu Gaitán	Lu Gaitán
MLU603416067	encargo	no	Fabrica De Tiempo Tecnicas Para Optimizar El Tesoro Mas	Martina Rua / Pablo M. Fernandez
MLU603435746	encargo	no	La Comida Como Aliada - Martín Viñuales	Viñuales, Martin
MLU603437310	encargo	no	Orejas De Mariposas - Luisa Aguilar	Luisa Aguilar
MLU603696963	encargo	no	Asesino De Brujas 3: Dioses & Monstruos Mahurin, Shelby	Mahurin, Shelby
MLU603741177	encargo	no	Un Inmueble Al Año No Hace Daño. Carlos Devis	Letra Fresca
MLU603898143	disponible	si	Promesas Incumplidas De La Inclusion  Las Untoiglich	Untoiglich, Gisela
MLU603950045	encargo	no	Luna Roja En El Trabajo Y Los Negocios, La  - Miranda Gray	Miranda Gray
MLU603956505	disponible	si	Libro - Celos Y Envidia - Boxaca, Soler Y Otros	BOXACA, SOLER y otros
MLU603986958	encargo	no	Libro Cuando Digo No, Me Siento Culpable - Smith, Manuel J.	Smith, Manuel J.
MLU604009657	disponible	si	Hacia El Jardin De Infantes Que Queremos  Diana Jarvis.	Diana Jarvis
MLU604138683	encargo	no	Libro - ¿la Rebeldia Se Volvio De Derecha? - Pablo Stefanoni	PABLO STEFANONI
MLU604227974	encargo	no	Libro Oxitocina La Hormona De La Calma El Amor Y La Sanacion	Uvnäs Moberg, Kerstin
MLU604228015	encargo	no	Libro Voy A Tener Un Hermanito - Mora, Carolina	
MLU604352759	encargo	no	Libro Extinción - Flavia Broffoni	Flavia Broffoni
MLU604456841	encargo	no	Libro - El Viaje Inútil - Sosa Villada, Camila	Sosa Villada, Camila
MLU604737371	encargo	no	Emdr - Francine Shapiro Entrega Inmediata Pocas Unidades	Francine Shapiro
MLU604833289	encargo	no	Vamos A Dormir Como Prevenir Y Solucionar Los Gruenberg	Gruenberg, Martin
MLU604857512	encargo	no	Libro Teo Y Los Animales Salvajes Violeta Denou	
MLU604862462	encargo	no	Estetica De La Creacion Verbal - Bajtin, Mijail	MIJAIL MIJAILOVICH BAJTIN
MLU604879605	encargo	no	Sentir Y Saber Antonio Damasio	Antonio Damasio
MLU604886392	encargo	no	Libro Somos Polvo De Estrellas Maza Sancho Jose Maria	Maza Sancho, Jose Maria
MLU604893054	encargo	no	Libro - Canteros - Clara Billoch	Billoch, Clara
MLU604900272	encargo	no	Libro El Pasillo Estrecho - Acemoglu, Daron/robinson, James	Acemoglu, Daron
MLU604901613	encargo	no	Libro El Error De Descartes - Damasio, Antonio	Damásio, António
MLU604907387	encargo	no	Libro El Método Ikigai. Héctor García Y Francesc Miralles	Héctor García y Francesc Miralles
MLU604943758	encargo	no	¿qué Me Está Pasando?  Peter Mayle De Donde Venimos Autor	Peter Mayle
MLU604992812	encargo	no	Libro El Mundo Amarillo - Espinosa, Albert	Espinosa, Albert
MLU605012107	encargo	no	Libro Theta Healing - Stibal, Vianna	STIBAL, VIANNA
MLU605013501	encargo	no	Soledad Barruti - Mala Leche	Soledad Barruti
MLU605042865	encargo	no	Libro La Nona - Roberto Cossa	Roberto Cossa
MLU605055682	encargo	no	Libro La Sensación De Lo Que Ocurre - Damasio, Antonio	Damásio, António
MLU605081608	encargo	no	Yo Doy La Teta - De Los Santos, Paola	Paola de los Santos
MLU605135496	encargo	no	Matilde Debe Morir: Cristian Acevedo Zona Centro Retira O En	Acevedo Cristian
MLU605181189	encargo	no	La Revolucion Epigenetica Nessa Carey Epigenetica Libro	Nessa Carey, Josep Sarret Grau, Nessa Carey, Josep Sarret Grau
MLU605191707	encargo	no	Libro No Amaras Lorena Pronsky	Lorena Pronsky
MLU605193037	encargo	no	Libro Sexteame - Luciana Peker	Luciana Peker
MLU605212111	encargo	no	Coger Y Comer Sin Culpa El Placer Es Feminista - Maria Ramó	María del Mar Ramón
MLU605230178	encargo	no	Inquebrantable Tu Guia Para Lograr La Libertad Tony Robbins	Robbins, Tony
MLU605269184	encargo	no	Libro Medjugorje - Garcia, Jesus	GARCIA, JESUS
MLU605269266	encargo	no	Metodo Silva De Control Mental (coleccion Espiritualidad)	Silva Jose / Miele Philip
MLU605282117	encargo	no	Como Ser Un Estoico - Massimo Pigliucci	Massimo Pigliucci
MLU605287437	encargo	no	Libro Filosofos Presocraticos - Kirk, Geoffrey S., Raven, Jo	KIRK, GEOFFREY S., RAVEN, JOHN EARLE, SC
MLU605348073	disponible	si	Mentalidad Mamba - Kobe/ King  Wesley Bryant	Bryant, Kobe
MLU605463961	encargo	no	Libro Hijo - Ariel Andrés Almada/ Sonja Wimmer	Ariel Andrés Almada
MLU605697910	encargo	no	La Quinta Disciplina En La Práctica - Peter Senge	Peter M. Senge
MLU605704618	encargo	no	Nunca Pares. Autobiografía Del Fundador De Nike. Phil Knight	Phil Knight
MLU605713382	encargo	no	Libro Manual De Supervivencia  Marta Salvat Curso Milagros	Salvat, Marta
MLU605717593	encargo	no	Libro La Conquista De América Contada Para Escépticos	Eslava Galán, Juan
MLU605736926	encargo	no	La Semana Laboral De 4 Horas : Timothy Ferriss	Bracken, Alexandra
MLU605808409	encargo	no	Libro Las Crónicas De Dune (pack Con: Dune | El Mesías De	Herbert, Brian
MLU605881976	encargo	no	Metodologia De La Investigacion Las Rutas Cuantitativa Cuali	Hernandez Sampieri Roberto / Mendoza Torres Christian Paulina
MLU605882379	encargo	no	La Regla De Oro De Los Negocios. Grant Cardone	Cardone, Grant
MLU605882516	encargo	no	Los 5 Lenguajes Del Amor. Gary Chapman Edicion Bolsillo	Chapman
MLU605887535	encargo	no	Las Malas - Camila Sosa Villada Entrega Inmediata	Sosa Villada, Camila
MLU605887849	encargo	no	Libro - Manual De Ganchillo - Sarah Hazell	SARAH HAZELL
MLU605888483	encargo	no	Cartas Sin Destino Edwin Vergara	Edwin Vergara
MLU605920304	encargo	no	Libro Estrellada - Cinwololo	Cinwololo
MLU605927436	encargo	no	Mi Amor De Wattpad - Ariana Godoy	Ariana Godoy
MLU605927442	encargo	no	Calendario 2022 Juan Solá + Cinwololo (de Pared)	SOLA CINWOLOLO
MLU605928004	encargo	no	Sólo Una Cosa. Gary Keller	Gary Keller
MLU605940555	encargo	no	Maus Ii 2  - Art Spiegelman	Art Spiegelman
MLU605965900	encargo	no	Libro - Se Tu Propio Biodescodificador - Pablo Vazquez Kunz	PABLO VAZQUEZ KUNZ
MLU606120250	encargo	no	Medico Medium: La Sanacion Del Tiroides Anthony William	MEDICO MEDIUM: LA SANACION DEL TIROIDES
MLU606225392	encargo	no	El Hombre Que Plantaba Arrboles Jean Giono	Jean Giono
MLU606237902	encargo	no	La Fiesta Del Chivo  Vargas Llosa Ed Limitada 80 Aniversario	Vargas Llosa, Mario
MLU606245205	encargo	no	Libro: Marina Ya No Quiere Llevar Pañales -  Linne Bie	BIE LINNE
MLU606257432	encargo	no	Baluarte - Elvira Sastre	Elvira Sastre
MLU606258431	encargo	no	El Desafio Poliamoroso: Vasallo Brigitte	VASALLO, BRIGITTE
MLU606263747	encargo	no	Libro Los Amores Urgentes Trilogía Marginal Juan Solá	Libro Los Amores Urgentes Trilogía Marginal Juan Solá
MLU606264094	encargo	no	Libro La Rana Rosita Canticuentos En Papel  Canticuenticos	Canticuentos En Papel
MLU606271251	encargo	no	Bajo Este Sol Tremendo - Carlos Busqued	Carlos Busqued
MLU606271332	encargo	no	Las Pruebas De Apolo La Torre De Neron Rick Riordan	Rick Riordan
MLU606284040	encargo	no	Amor A Cuatro Estaciones El Diario De Una Ilusion Nacarid	Arráez, Portal Nacarid
MLU606289214	encargo	no	Libro Un Papá Intermitente - Magela Demarco	Un Papá Intermitente - Magela Demarco
MLU606354563	encargo	no	Libro En Menos De 100 Palabras - Quelle, Juanma	Quelle, Juanma
MLU606354613	encargo	no	Libro - Pokemon: Guia Oficial De La Region Galar	Pokémon
MLU606393540	encargo	no	Estamos Ciegos. Jürgen Klaric	Jürgen Klaric
MLU606505202	encargo	no	Libro Walden   Thoreau, Henry David -	Thoreau, Henry David
MLU606758309	encargo	no	Libro : Psico Cibernetica (spanish Edition) Maxwell Maltz 97	Dr Maxwell Maltz
MLU606831001	disponible	si	Libro Los Elefantes No Vuelan David Montaldo  Español	Montalvo, David
MLU606848431	encargo	no	Libro : Way Of The Wolf Straight Line Selling Master The Art	JORDAN BELFORT
MLU606956348	encargo	no	Libro El Balcón En Invierno - Landero Duran, Luis	LANDERO DURAN, LUIS
MLU606975929	disponible	no	Cómo Aprendí A Entender El Mundo Hans Rosling Factfulness Au	Rosling, Hans
MLU607325185	encargo	no	Cómo Hacer Que Te Pasen Cosas Buenas - Marián Rojas	Rojas, Marian
MLU607466332	encargo	no	Libro Dios Emperador De Dune - Herbert, Frank	Frank Herbert
MLU607472673	encargo	no	Para Selena, Con Amor Chris Perez	Chris Perez
MLU607505590	encargo	no	Colección Ana La De Tejas Verdes 9 Tomos Completo Unicos	Lucy Maud Montgomery
MLU607628089	encargo	no	Libro De Comerciante A Empresario Guillermo González	Guillermo González
MLU607728801	encargo	no	Hija (little One) - Ariel Andrés Almada	Ariel Andrés Almada
MLU607730773	encargo	no	Libro - World Explorers 2 Class Book Entrega Inmediata	Phillips, Sarah
MLU607741431	encargo	no	El Gen Egoísta Extendido - Richard Dawkins	Richard Dawkins
MLU607741779	encargo	no	Este Dolor No Es Mío - Mark Wolynn	Mark Wolynn
MLU607787531	encargo	no	Una Heroica Cruzada Al Reino De Hadas  Dragones	Hania Czajkowski
MLU607830304	encargo	no	Libro Naruto Nº 14/72 - Kishimoto, Masashi	Kishimoto, Masashi
MLU607849406	encargo	no	Pokemon - La Guía Esencial Definitiva	Montena
MLU607849440	encargo	no	Libro La Canción De Aquiles - Miller, Madeline	Miller, Madeline
MLU607855618	encargo	no	Yolo Aventuras. La Mansión De Las Pesadillas	Yolo, Mariana, Nando, Panda
MLU607914877	encargo	no	El Árbol Rojo - Shaun Tan	Shaun Tan
MLU608040913	disponible	si	Hacia Un Feminismo Freudiano	Sofía Rutenberg
MLU608138712	encargo	no	Prácticas De Análisis Técnico De Los Mercados Financieros	John J. Murphy
MLU608157208	encargo	no	Varices Best Varicose Vein Treatments: Natural Remedies	Rudy S. Silva
MLU608157421	encargo	no	Global Stage 2   Language Book   Literacy Book And Language	Roisin O'Farrell
MLU608168149	encargo	no	Los Números No Mienten - 71 Historias Para Entender El Mundo	Smil, Vaclav
MLU608180695	encargo	no	Libro Kryon Viii - Cruzar El Umbral	CARROLL, LEE
MLU608182242	encargo	no	Todo Lo Que Somos Juntos, Deja Que Ocurra 2 - Alice Keller	
MLU608188645	encargo	no	Botánica Oculta Las Plantas Mágicas	Paracelso
MLU608239106	encargo	no	Libro Fé - Laín García Calvo	LAIN GARCIA CALVO
MLU608279455	encargo	no	Diabetes Sin Problemas - Frank Suárez	Frank Suarez
MLU608297786	encargo	no	Global Stage 4 - Language Book  Literacy Book	Mason, Paul
MLU608346430	encargo	no	Libro Emocionario - Cristina Nuñez Y Rafael Romero	Cristina Nuñez Y Rafael Romero
MLU608348759	encargo	no	Las 10 Leyes De La Biodescodificacion - Vazquez Kunz Pablo	PABLO VAZQUEZ KUNZ
MLU608348930	encargo	no	Libro La Pirámide Roja - Rick Riordan	Rick Riordan
MLU608387880	encargo	no	Sherlock Holmes Colección Completa - 8 Vols - Conan Doyle	Arthur Conan Doyle
MLU608391343	encargo	no	Análisis Técnico De Los Mercados Financieros - John Murphy	John Murphy
MLU608401134	encargo	no	Nada Es Tan Terrible - Rafael Santandreu	Rafael Santandreu
MLU608426006	encargo	no	Escritos Esenciales De Milton H. Erickson, Vol. I	Harry G. Procter
MLU608441610	encargo	no	El Hombre Que Quería Recordar - Andrea Ferrari	Andrea Ferrari
MLU608460062	encargo	no	Mereces Lo Que Sueñas - Cinwololo	Cinwololo
MLU608595652	encargo	no	¿qué Puedo Hacer Yo? - Castro Fumero	Castro Fumero
MLU608643222	encargo	no	Las Ratitas 4. Superaventura Entre Las Nubes	Las Ratitas
MLU608708385	encargo	no	La Cruz De Caravaca - Ediciones Obelisco	Anónimo
MLU609052482	encargo	no	El Dibujo Al Alcance De Todos - Andrew Loomis	Andrew Loomis
MLU609052529	encargo	no	El Dibujo De Figura En Todo Su Valor - Andrew Loomis	Andrew Loomis
MLU609071639	encargo	no	Inquebrantables - Daniel Habif	Daniel Habif
MLU609071889	encargo	no	Dibujo Tridimensional - Andrew Loomis	Andrew Loomis
MLU609078298	encargo	no	Dibujo De Cabeza Y Manos - Andrew Loomis	LOOMIS, ANDREW
MLU609334611	encargo	no	Las Claves Del Éxito De Toyota - Jeffrey K. Liker	JEFFREY K. LIKER
MLU609346099	encargo	no	Libro Tan Mal Si Salimos - Sofía Celeste Lewicki	Sofia Celeste Lewicki
MLU609421685	encargo	no	Libro: Gold Experience A2 Studet's Book 2nd Edition	Boyd, Elaine
MLU609421703	encargo	no	Matematicas Financieras 6/ed. - Héctor Manuel Vidaurri Aguir	Vidaurri Aguirre, Hector Manuel
MLU609466675	encargo	no	Luz Y Color - James Gurney Dibujo	James Gurney
MLU609466805	encargo	no	Abrazar Lo Inabrazable -  Pema Chödrön	PEMA CHODRON
MLU609498891	encargo	no	Mejores Directivos, Mejores Instituciones - Lewin, Laura	Laura Lewin
MLU609552990	encargo	no	Realismo Imaginativo - James Gurney	Gurney, James
MLU609565095	encargo	no	Baby - Led Weaning - Begoña, Sara	Prats, Begoña
MLU609565198	encargo	no	Un Paso Por Delante De Wall Street. Peter Lynch	Peter Lynch
MLU609571543	encargo	no	Todo Sobre El Baby Led Weaning - Leslie Schilling	Leslie Schilling y Wendy Jo Peterson
MLU609571576	encargo	no	Libro Un Mundo En Clave De Fa - Starobinsky Ezequiel	Starobinsky, Ezequiel
MLU609584809	encargo	no	Atlántida : El Origen Cósmico De La Humanidad	Kai Venegas Gorduño
MLU609587503	encargo	no	Destino De Las Almas - Dr. Michael Newton	Dr. Michael Newton
MLU609587518	encargo	no	Libro Ríe Chinito - Dolores Aguirre Y Mey!	Dolores Aguirre y Mey!
MLU609591481	encargo	no	Mal De Altura - Jon Krakauer	Jon Krakauer
MLU609613327	encargo	no	Libro Tú Eres Yo - Marta Salvat	Marta Salvat
MLU609625880	disponible	si	Casa Organizada Vida Feliz Guía Practica	Hajnal, Ingrid
MLU609626567	encargo	no	Descubriendo Tu Vocación - Cecilia M. Crouzel - Noveduc	Cecilia M. Crouzel
MLU609627113	encargo	no	El Libro De Las Sombras: Hechizos Y Conjuros	Brittany Nightshade
MLU609630386	encargo	no	Libro El Árbol De Los Recuerdos - Britta Teckentrup	Teckentrup, Britta
MLU609640763	encargo	no	Today 2! Students' Book - Brian Abbs	Brian Abbs
MLU609652187	encargo	no	Libro El Árbol Transgeneracional - Marta Salvat Balaguer	Marta Salvat Balaguer
MLU609664610	encargo	no	Guía Del Síndrome De Asperger : Tony Attwood	Tony Attwood
MLU609942461	encargo	no	Headway Intermediate  5th Edition.- Students Book	Liz Soars, John Soars, Paul Hancock
MLU609948548	disponible	si	Libro Enciende Tu Corazón - 77 Rituales De Cynthia Zak	Cynthia Zak
MLU609968705	encargo	no	Nanda - Diagnósticos Enfermeros 2021 - 2023	NANDA
MLU609981554	encargo	no	Lovely Ela Y El Libro Encantado	Lovely Ela
MLU610094895	encargo	no	Cuando La Comida Sustituye Al Amor - Roth Geneen	Roth, Geneen
MLU610097931	encargo	no	Comportamiento Organizacional 15/ed.	Stephen P. Robbins y Timothy A. Judge
MLU610113302	encargo	no	Mimosaurio - Pez Alberto (ilustrado)	Pez, Alberto
MLU610143688	encargo	no	Practice Tests Plus B1 Preliminary For Schools / Pearson	Pearson
MLU610171420	encargo	no	Libro Salir De La Jaula - Fabián Medina Flores - Grijalbo	Medina Flores, Fabián
MLU610190868	encargo	no	Libro Exhalación - Ted Chiang	Ted Chiang
MLU610196354	encargo	no	Los 100 Mandamientos Del Orden Y La Limpieza - Brenda Haines	Brenda Haines
MLU610236488	encargo	no	Libro El Camino Del Libertario - Javier Milei	Javier Milei
MLU610248729	encargo	no	Libro Una Cosa Sencilla - Stern, Eddie	Stern, Eddie
MLU610392305	encargo	no	Trauma Tiempo Espacio Y Fractales - St.just Anngwyn	St.just Anngwyn
MLU610398780	encargo	no	Trauma: Una Cuestión De Equilibrio - Anngwyn St. Just	Anngwyn St. Just
MLU610548353	encargo	no	Libro Basta De Dietas - Lic. Estefanía Beltrami	Lic. Estefanía Beltrami
MLU610560537	encargo	no	Libro Mamitis - Marta Prada	Marta Prada
MLU610567916	encargo	no	Libro La Pluma De Caly - Facundo Arana - Grijalbo	Arana, Facundo
MLU610606367	encargo	no	Libro Ortodoxia - G.k. Chesterton	G. K. Chesterton
MLU610625134	encargo	no	Libro Comienza Donde Estás - Pema Chödrön	PEMA CHODRON
MLU610670015	encargo	no	Libro Mujeres 5.0 No Somos Una Menopausia - Daniela Rago	Daniela Rago
MLU610674401	encargo	no	Libro Essentialism : Greg Mckeown	Mckeown, Greg
MLU610730042	encargo	no	Libro - Letramania 3. La Letra Cursiva - Johnson, Sally	Johnson, Sally
MLU610741856	encargo	no	Libro Born - María O'donnell	María O'Donnell
MLU610781099	encargo	no	Libro Teta Y Sueño - Vanina Schoijett	VANINA SCHOIJETT
MLU610781819	encargo	no	Libro Fisica (6 Edicion) Wilson Buffa Lou	Wilson / Buffa / Lou
MLU610801335	encargo	no	Libro Learn With Us 2 - Class Book	Mari Carmen Ocete
MLU610801345	encargo	no	Libro Wider World 4 Students' Book	Suzanne Gaynor
MLU610802382	encargo	no	Libro La Verdad De La Pandemia - Cristina Martín Jiménez	Cristina Martín Jiménez
MLU610802408	encargo	no	Libro Signos Opuestos O Complementarios? De Melina Laneri	Melina Laneri
MLU610930051	encargo	no	Libro Primera Vez Que La Pegué Con La Izquierda - Imanol I	Imanol Ibarrondo Garay
MLU610985205	encargo	no	Libro - Goût Gluten Free - Javier López	Javier López
MLU611081287	disponible	si	Libro - Libreniñez: Un Manifiesto -  Casanova	Marianela Casanova
MLU611120461	encargo	no	Libro- Viktor E. Frankl : El Sentido De La Vida- Elisabeth L	Elisabeth Lukas
MLU611121302	encargo	no	Libro - Políticamente Indeseable - Cayetana Alvarez De T.	Álvarez de Toledo, Cayetana
MLU611121793	encargo	no	Libros - Obras Completas 1 2 3 4 Jorge Luis Borges Tapa Dura	Jorge Luis Borges
MLU611151691	encargo	no	Libro -proyectos De Instalaciones Eléctricas De Baja Tensión	Maria Asuncion Leon Blasco
MLU611152145	encargo	no	Libro - Enciclopedia De Dinosaurios - Rob Colson	Rob Colson
MLU611153283	encargo	no	Libro - Códigos De Activación Pleyadianos - Membrive Vilas	Membrive Vilàs, Àngels
MLU611153819	encargo	no	Libro - Triunfo: Una Guía Para Alcanzar La Plenitud - Sharma	Sharma, Robin
MLU611153855	encargo	no	Libro - El Cementerio - Ed Warren, Lorraine Warren	Ed Warren, Lorraine Warren
MLU611158251	encargo	no	Libro - Liberalismo: Los 10 Principios Básicos - Rallo Juan	JUAN RAMON RALLO
MLU611164824	encargo	no	Libro - Atrapados En El Hielo - Alexander, Caroline	Alexander, Caroline
MLU611171237	encargo	no	Libro - Un Futuro Anterior - Mauro Libertella	Mauro Libertella
MLU611171822	encargo	no	Libro - Besar A Un Ángel - Phillips, Susan Elizabeth	Phillips, Susan Elizabeth
MLU611172062	encargo	no	Libro - Esto Te Va A Doler - Kay, Adam	Kay, Adam
MLU611177586	encargo	no	Libro - 200 Tareas En Terapia Breve [2 Edicion] - Beyebach M	Beyebach Mark / H
MLU611190467	encargo	no	Libro - El Gozo Intelectual - Wagensberg, Jorge	WAGENSBERG, JORGE
MLU611197653	encargo	no	Libro - Pre-suasión. Influir Y Persuadir - Robert Cialdini	Robert Cialdini
MLU611327222	disponible	si	Libro - La Potencia Grupal - Osvaldo Saidón	Losicer Eduardo, Pierri Andrea, Banfi Claudia, Briski Norman, Saidon Osvaldo
MLU611393316	disponible	si	Libro - Somos Lo Que Decimos - Charlie López	López, Charlie
MLU611399497	encargo	no	Libro - Generación Ofendida - Caroline Fourest	Caroline Fourest
MLU611411027	encargo	no	Libro - Finale ( Caraval 3 ) - Garber, Stephanie	Garber, Stephanie
MLU611411143	encargo	no	Libro - Palabrista Borges Visto Y Oido  - Peicovich Esteba	Esteban Peicovich
MLU611411162	encargo	no	Libro - Un Año Diferente - Cande Molfese - Planeta	Cande Molfese
MLU611746788	encargo	no	Libro - Nacimiento De La Biopolítica - Michel Foucault	Michel Foucault
MLU611748135	encargo	no	Libro - Saga Caballo De Troya Libro 1 Al 9 - Benitez Juan	Benitez, Juan Jose
MLU611761166	encargo	no	Libro - El Hombre En Busca Del Sentido Último - Viktor E.	Frankl, Viktor E.
MLU611767461	encargo	no	Libro - Encontrarnos Dentro De La Incubadora - Santos, María	María Soledad Santos
MLU611774003	encargo	no	Libres: Guía Ilustrada Para Infancias Rebeldes - Maniowicz	Maniowicz, Debbie
MLU611795939	encargo	no	Libro - Manual De Entrenamiento En Habilidades Dbt	Marsha M. Linehan
MLU611797278	encargo	no	Libro - Las Adicciones Tóxicas - Héctor López	HECTOR LÓPEZ
MLU611803861	disponible	si	Libro - Hijos Difíciles / Padres Desorientados - Eva Rotenbe	Eva Rotenberg
MLU611823185	disponible	si	Libro - Enunciación En La Infancia - La.rome, María	La.rome, María
MLU611841330	disponible	si	Libro - El Señor Tormenta - Alberto Pez Y Roberto Cubillas	Alberto Pez y Roberto Cubillas
MLU611849970	encargo	no	Libro - La Prueba Del Cielo - Eben Alexander	Eben Alexander
MLU611867000	encargo	no	Libro - Bach Por Bach. Obras Completas. Escritos Florales	BACH EDWARD DR.
MLU611885568	encargo	no	Libro - Diario De Pilar En Grecia - Flávia Lins E Silva	Flávia Lins e Silva
MLU611892057	encargo	no	Libro - Minimalismo - Fields Millburn, Joshua	Joshua Fields Millburn, Ryan Nicodemus
MLU611893175	encargo	no	Libro Señales Enviadas Desde El Cielo Virtue Doreen	Virtue Virtue
MLU611924621	encargo	no	Libro - Dormir - Littlehales, Nick	Littlehales, Nick
MLU611933416	encargo	no	Libro - Las Pedagogías Alternativas - Sylvain Wagnon	Wagnom Sylvain
MLU611937980	disponible	no	Libro - La Razón Por La Que Salto - Naoki Higashida	Higashida, Naoki
MLU611938304	encargo	no	Libro - Cartas A Lucilio - Seneca	Séneca
MLU611938402	disponible	si	Libro - El Nuevo Kama-sutra Ilustrado - Alicia Gallotti	Alicia Gallotti
MLU611946240	encargo	no	Libro - Administración Robbins Coulter Pearson -robbins, S	Robbins, Stephen
MLU611950977	encargo	no	Libro - Gafas De La Felicidad. Descubre Tu Fortaleza	Rafael Santandreu
MLU611951449	encargo	no	Libro -  El Patrón Bitcoin - Saifedean Ammous	Saifedean Ammous
MLU611957306	disponible	si	Libro - Liderar En Una Cultura De Cambio - Alicia Fuentes	Alicia Fuentes
MLU611970285	encargo	no	Libro - Los Cinco Mandamientos Para Tener Una Vida Plena	Ware, Bronnie
MLU611970675	encargo	no	Libro - Ingeniería Interior Guía Yogui Para La Alegría	Sadhguru
MLU611990450	encargo	no	Libro - Despertar Un Viaje Llamado Vida - Serna Nico	Serna Nico
MLU612002532	encargo	no	Perdidos  Planes Club Bilderberg Martin Jimenez, Cristina	MARTIN JIMENEZ, CRISTINA
MLU612003307	encargo	no	Libro Juicio A Los 70 ( Ed Revisada ) - Bárbaro Julio	Barbaro, Julio
MLU612003324	encargo	no	Libro - Técnicas De Patronaje De Moda Vol. 2 - Donanno Anton	Donnanno, Antonio
MLU612003728	disponible	si	Libro - Cúrate A Ti Mismo - Edward Bach	EDWARD BACH
MLU612003821	encargo	no	Libro - Todas Estamos En La Misma - Jimena Frontera	Jimena Frontera
MLU612009926	encargo	no	Libro - Manual De Gramática Del Español - Di Tullio, Ángela	Di Tullio Angela
MLU612028957	encargo	no	Libro - Pokemon Super Extra Delux Guía Esencial Def	THE POKEMON COMPANY
MLU612041575	encargo	no	Libro - Osiris. El Huevo De Obsidiana  - Serrano, Ana Silvia	SERRANO ANA SILVIA
MLU612057772	encargo	no	Libro - El Líder Que No Tenía Cargo - Robin Sharma	Robin Sharma
MLU612066290	encargo	no	Libro - Tracción: Obtén Control De Tu Negocio	Gino Wickman
MLU612068495	encargo	no	Libro - Jugar Es Cosa Seria - Baraldi, Clemencia	Baraldi, Clemencia
MLU612069440	encargo	no	Libro - Saltar De La Cuna - Gabriela Insua	Gabriela Insua
MLU612074455	encargo	no	Libro - El Camino Del Lobo - Jordan Belfort	Belfort, Jordan
MLU612075263	encargo	no	Libro - Modelos, Esquemas Y Grafos - Alfredo Eidelsztein	Alfredo Eidelsztein
MLU612082507	encargo	no	Libro - El Acompañamiento Terapéutico En Las Patologías Grav	Sergio Fernando Saliche, Susana Turati
MLU612094603	disponible	si	Libro - Las Adicciones En La Época - Levato Mabel	Levato Mabel
MLU612095849	disponible	si	Libro - Fundamentos Clínicos Del Acompañamiento Terapéutico	Pulice, Gabriel
MLU612096741	encargo	no	Libro - La Menopausia Consciente - Mónica Manso	MONICA MANSO
MLU612107176	encargo	no	Libro - Mi Camita - J. S. Pinillos	J. S. Pinillos
MLU612114283	encargo	no	Libro - No Patologizar La Adolescencia - Insua Gabriela	INSUA, GABRIELA
MLU612120290	disponible	si	Libro - Detrás Del Espejo -  Iuale Lujan	Lujan Iuale
MLU612136270	encargo	no	Libro - Hoy No Es Siempre - Sabrina Silvia Critzmann	Sabrina Silvia Critzmann
MLU612145823	encargo	no	Libro - Patologías Del Acto En La Adolescencia - Barrionuevo	Barrionuevo, Cibeir
MLU612191433	encargo	no	Libro - Decodificación Biológica Avanzada - Enrique B	Enrique Bourón y Laura Otero
MLU612402085	encargo	no	Libro - Discapacidad E Ideología De La Normalidad - Vallejos	Vallejos
MLU612420070	encargo	no	Libro - El Médico - Gordon, Noah	Gordon, Noah
MLU612433315	encargo	no	Libro - Kama-sutra. Las 101 Posturas Más Sensuales - Alicia	Alicia Gallotti
MLU612439472	encargo	no	Libro - Limpieza Hepática Y De La Vesícula - Andreas Moritz	Andreas Moritz
MLU612439562	encargo	no	Libro - Colorea Y Descubre Star Wars: 100 Dibujos Para Color	Hachette Heroes
MLU612451498	encargo	no	Libro - Metagenealogía - Alejandro Jodorowsky / Marianne C	Alejandro Jodorowsky; Marianne Costa
MLU612458242	disponible	si	Libro - Kama-sutra. Las 101 Posturas Más Sensuales - Mr	Alicia Gallotti
MLU612499014	encargo	no	Libro - Las Trampas Del Deseo - Daniel Ariely	Daniel Ariely
MLU612524465	encargo	no	Libro - Dirige Tu Vida - Forner Navarro	Pau Forner Navarro
MLU612525538	encargo	no	Libro - Cuando Cierro Los Ojos Te Puedo Ver - Ursula Franke	URSULA FRANKE
MLU612537840	encargo	no	Libro - La Fiesta Del Chivo - Mario Vargas Llosa	Mario Vargas Llosa
MLU612556086	encargo	no	Libro - El Libro Negro De La Persuasión - Alejandro Llantada	Alejandro Llantada
MLU612556822	encargo	no	Libro - Sentirse Bien - David D. Burns (edición Grande)	Burns, David D.
MLU612557402	encargo	no	Libro - Confesiones De Un Chef - Bourdain, Anthony	Bourdain, Anthony
MLU612559066	encargo	no	Libro - Cbd. El Cannabis Medicinal: Guía Para El Paciente	Leonard Leinow
MLU612564135	encargo	no	Libro - El Fin Del Autoodio - Virginia Gawel	Virginia Gawel
MLU612564161	encargo	no	Libro - Revolución Del Bienestar -  Yael Kritzer	Yael Kritzer
MLU612568174	encargo	no	Libro - Las 4 Disciplinas De La Ejecución - Sean Covey	Sean Covey
MLU612568254	encargo	no	Libro - Introduccion Al Budismo: Guesh K. Gyatso	Gueshe Kelsang Gyatso
MLU612569054	encargo	no	Libro - El Semen Mola - Anna Salvia	Anna Salvia
MLU612575280	encargo	no	Libro - The Storyteller - Dave Grohl	Grohl, Dave
MLU612575526	encargo	no	Libro - Manual De La Dieta Intuitiva - Evelyn, Elyse	Autores, Vários
MLU612600984	encargo	no	Libro - El Póquer Del Mentiroso - Lewis, Michael	Lewis, Michael
MLU612601183	encargo	no	Libro - La Empresa Consciente - Kofman Fredy	Kofman Fredy
MLU612601681	disponible	si	Libro - De Familias , Psicosis E Internación - Monica Fundin	Monica Fundin
MLU612607229	encargo	no	Libro - Nuestro Iceberg Se Derrite - John Kotter	John Kotter
MLU612646591	encargo	no	Libro - Minecraft. Manual De Combate - Mojang Studios	Mojang Studios
MLU612674187	encargo	no	Libro - Marihuana: Horticultura De Cannabis - Jorge Cervante	Jorge Cervantes
MLU612841153	encargo	no	Libro - Los Códigos Energéticos - Dra Sue Morter	Dra Sue Morter
MLU612841268	encargo	no	Libro - El Sueño Del Dj - Hernan Enrique Cattaneo	Hernan Enrique Cattaneo
MLU612867049	encargo	no	Libro - Y La Verdad Os Hara Libres - David Icke	Icke, David
MLU612945351	encargo	no	Libro - Hygge La Felicidad En Las Pequeñas Cosas - Meik Wiki	Wiking, Meik
MLU612951639	encargo	no	Libro - Cómo Triunfar En Cualquier Discusión - Daniel Tubao	Tubau, Daniel
MLU612951657	encargo	no	Libro - El Gran Libro De Los Artefactos De Harry Potter	Ernest Riera
MLU612955970	encargo	no	Libro La Sanación Viene Kampenhout Hellinger Constelaciones	Daan Van Kampenhout
MLU612990668	encargo	no	El Espejo En Casa De Mamá Papá - Separacion Divorcio	Amavisca Zacarias
MLU613003996	encargo	no	Libro - El Desarrollo Emocional De Tu Hijo - Guerrero Rafa	Rafael Olga
MLU613014107	encargo	no	Libro - Qué Son Las Constelaciones Familiares - Tiiu Bolzman	Tiiu Bolzmann
MLU613031183	encargo	no	Libro - El Asesinato De La Profesora De Lengua - Jordi S	Sierra I Fabra, Jordi
MLU613058123	encargo	no	Libro - El Millonésimo Círculo - Jean Shidona Bolen	Bolen, Jean Shinoda
MLU613063854	encargo	no	Libro - Astérix Tras Las Huellas Del Grifo	RENE/FERRI  JEAN-YVES GOSCINNY
MLU613071069	encargo	no	Libro - La Clave De La Concentración - Fernando Saccone	Saccone Fernando
MLU613071158	encargo	no	Libro - El Principio De La Presión - Dave Alred Mbe	Alred MBE, Dave
MLU613076787	encargo	no	Libro - El Pan - Hamelman, Jefrey	HAMELMAN, JEFREY
MLU613076844	encargo	no	Libro - Blacksad 1 Un Lugar Entre Las Sombras - Guarnido, J.	Guarnido, Juanjo;Díaz Canales, Juan
MLU613078902	encargo	no	Libro - Mas Respeto Que Soy Tu Madre - Hernan Casciari	Hernán Casciari
MLU613083053	encargo	no	Libro - Alguien Para Ti - Arcones, Juan	ARCONES, JUAN
MLU613083326	encargo	no	Libro - La Curación Por Las Flores - Bach, Edward	Bach, Edward
MLU613094651	disponible	si	Libro - Un Psicólogo En Tu Equipo - Emilio González	González Nosti, Emilio
MLU613107646	encargo	no	Libro - Codigo Federer, El : Stefano Semeraro	Semeraro, Stefano
MLU613201887	encargo	no	Libro - Nunete Dejó Los Pañales - Guadalupe Del Canto	Guadalupe del Canto, Ale Goñi
MLU613221375	encargo	no	Libro - ¿nacer Por Cesárea? - Enrique Lebrero, Ibone Olza	Olza / Lebrero
MLU613221599	encargo	no	Libro - Rascal Does Not Dream Of His First Love, Con Detalle	Kamoshida, Hajime
MLU613253924	disponible	si	Libro - Manifiesto Contra El Amor Romántico - Carla Castelo	Castelo, Carla
MLU613258878	encargo	no	Libro - Pubertad En Marcha - Calvo, Lynn Y Otro	Gloria A. Calvo, Camila Lynn
MLU613385951	encargo	no	Libro - Saga De Los Vikingos De Jóm - Javier Enrique Díaz	Javier Enrique Díaz Vera
MLU613434946	encargo	no	Libro - Todos Al Trabajo - Richard Scarry	RICHARD SCARRY
MLU613621266	encargo	no	Libro - Harry Potter: Hufflepuff Magic - Jody Revenson	Jody Revenson
MLU613628554	encargo	no	Libro - Cultivos Hidroponicos - 5b : Edicion	Howard M Resh
MLU613640767	encargo	no	Libro - Manual Del Café - Nicolás Artusi	Nicolás Artusi
MLU613647045	encargo	no	Libro - Libertad, Libertad, Libertad - Javier Milei	Javier Milei
MLU613648007	disponible	si	Libro - Amagi - Prakash Khatnani, Sagar	Prakash Khatnani, Sagar
MLU613658943	encargo	no	Libro - Adiós Reflujo - Maribel Melián	Melián, Maribel
MLU613665625	encargo	no	Libro - Enciclopedia Ilustrada De Mitología - Marisa B	Marisa Belmonte Carmona
MLU613666818	encargo	no	Libro - Diseñar El Desorden - Pablo Sendra Y Richard Sennett	Pablo Sendra - Richard Sennett
MLU613671843	disponible	si	Libro - Psicosis Y Lazo Social. Esquizofrenia, Paranoia	Quinet, Antonio
MLU613718682	encargo	no	Libro - Pandenomics - Javier Milei	Milei, Javier
MLU613728685	encargo	no	Libro - Elogio A La Lentitud - Carl Honoré	Carl Honore
MLU613773837	encargo	no	Libro - Yo, Negacionista -  Fernando López-mirones	FERNANDO LOPEZ-MIRONES
MLU613830047	encargo	no	Libro - Ares Y Sus Recuerdos Mágicos - Dafne Salinas	Dafne Salinas
MLU613865482	encargo	no	Libro - Open - Andre Agassi - Duomo	Agassi, Andre
MLU613908452	encargo	no	Libro - Trilogia Del Fuego 2 - Ciudades De Ceniza - Joana M	Joana Marcus
MLU613914411	encargo	no	Libro - Papel Pintado - Diego Giacomini	Diego Giacomini
MLU613959016	encargo	no	Libro - Trilogia De Fuego 1 - Ciudades De Humo - Joana Marcú	Joana Marcus
MLU614060508	encargo	no	Libro - Invicto: Logra Más, Sufre Menos - Marcos Vázquez	Marcos Vázquez García
MLU614131168	encargo	no	Libro - Las Siete Llaves - Álex Rovira	Álex Rovira
MLU614142908	encargo	no	Libro - Piensa Como Un Monje - Jay Shetty	Jay Shetty
MLU614440853	encargo	no	Libro - Metabolismo Ultra Poderoso - Frank Suárez	Frank Suarez
MLU614473449	disponible	si	Libro - Coordinando Grupos - Graciela Jasiner	Graciela Jasiner
MLU614492448	encargo	no	Libro - Estudio En Escarlata - Arthur Conan Doyle - Nogal	Estudio en escarlata
MLU614500076	disponible	si	Libro - Escuelas Día A Día - Actis, Beatriz	ACTIS, BEATRIZ
MLU614500382	encargo	no	Libro - Wabi Sabi. Sabiduría De Japón - Beth Kempton	Kempton, Beth
MLU614501499	encargo	no	Libro - Toda La Felicidad Del Universo - César Ndjocu	Ndjocu, Cesar Brandon
MLU614505494	encargo	no	Libro - Mujercitas -  Louisa M. Alcott	Louisa M. Alcott
MLU614505659	disponible	si	Libro - No Al Fracaso Escolar - Clara Jasiner	Clara Jasiner
MLU614518151	encargo	no	Libro - Las Mujercitas Se Casan Billiken - Louisa May Alcott	Louisa May Alcott
MLU614518883	encargo	no	Libro - La Trama De Los Grupos - Graciela Jasiner - Lug	Graciela Jasiner
MLU614532080	encargo	no	Libro - Pelajes Criollos (ilustrado) - Solanet Emilio	Solanet Emilio
MLU614534185	encargo	no	Libro - El Incal -  Alejandro Jodorowsky	Alejandro Jodorowsky
MLU614572476	encargo	no	Libro - Todo Se Puede Entrenar -  Toni Nadal Homar	Nadal Homar, Toni
MLU614572680	encargo	no	Libro - Los Tesoros De Harry Potter - Aa. Vv.	VV. AA.
MLU614583209	encargo	no	Libro - La Delicadeza - David Foenkinos	David Foenkinos
MLU614583224	encargo	no	Libro - Dueña De Tu Dinero - Helena Estrada	Helena Estrada
MLU614583269	encargo	no	Libro - La Creación Del Patriarcado - Gerda Lerner	Gerda Lerner
MLU614622075	encargo	no	Libro - Los Seis Pilares De La Autoestima - Branden N	Branden, Nathaniel
MLU614641822	encargo	no	Libro - Que Mi Gente Vaya A Hacer Surf - Chouinard, Yvon	CHOUINARD, YVON
MLU614654638	disponible	si	Libro - Lo Que Cuentan De Nosotros - Aguas, Iñigo	Aguas, Iñigo
MLU614667638	disponible	si	Libro - El Gran Libro De La Mitología Griega - Hard, Robin	Robin Hard
MLU614772296	encargo	no	Libro - El Ayuno Del Señor - Yiye Avila	Yiye Avila
MLU614778613	encargo	no	Libro - Ojo Del Pintor Y Los Elementos De La Belleza Loomis	Andrew Loomis
MLU614791433	encargo	no	Libro - Los Nexos Del Ser - Alex Grey	Allyson Grey
MLU614812521	encargo	no	Libro - Criando Criollos - 2da.edicion - Dowdall, Roberto C.	Dowdall, Roberto C.
MLU614825569	encargo	no	Libro - Todos Los Universos Posibles - Shua, Ana Maria	Shua, Ana María
MLU614844977	encargo	no	Libro - Pan De Garage - Germán Torres	Germán Torres
MLU614845695	encargo	no	Libro - Medicamentos Que Matan Y Crimen Organizado	Peter Gøtzsche
MLU614864568	encargo	no	Libro - Bruja Moderna -  Dalia F Walker	Dalia Walker
MLU614865389	encargo	no	Libro - Del Otro Lado - Ivanke Y Mey	Ivanke y Mey
MLU614869008	encargo	no	Libro - Técnicas Proyectivas Tomo I - Graciela Celener	Graciela Celener
MLU614871122	encargo	no	Libro - Hablando Con El Cielo - James Van Praagh	Van Praagh, James
MLU614871895	disponible	si	Libro - Pendulum - Gadini, Roberto Estuche (libro + Péndulo)	GADINI, ROBERTO
MLU614876140	encargo	no	Libro - Chakras Kit The Seven Doors Of Energy Laura Tuan	Laura Tuan
MLU614895360	encargo	no	Libro - Psicofarmacología Práctica 4ta Edicion - Jufe G.	Jufe, Gabriela
MLU614895468	encargo	no	Libro - La Batalla Cultural - Agustín Laje	Agustín Laje
MLU614895480	disponible	si	Libro - Amigas Para Siempre Diario 8 Años+	Los Editores De Klutz
MLU614954154	encargo	no	Libro - Revoltosa Recoletas En Busca De La Poción Morritos	Revoltosa Recoletas
MLU615103470	encargo	no	Libro - La Revolución De La Glucosa - Jessie Inchauspé	Inchauspé, Jessie
MLU615285492	encargo	no	Libro - El Gran Libro De Lucía, Mi Pediatra - Lucía Galán	LUCIA GALAN
MLU615469412	encargo	no	Libro - El Libro Troll - Rubius	Rubius
MLU615471063	encargo	no	Libro - Las Ratitas 1. Tres, Dos, Uno... ¡superpoderes!	Las Ratitas
MLU615482447	encargo	no	Libro - Deconstruyendo El Paladar - Vicky Murphy	VICKY MURPHY
MLU615488856	encargo	no	Libro - La Novena Revelacion - Redfield,  James - Vergara	Redfield, James
MLU615495461	encargo	no	Libro - Un Kilómetro Más - Cantilo, Sofi	Cantilo, Sofi
MLU615514990	encargo	no	Libro - Feminismos. Debates Pendientes - Rita Segato	Rita Segato
MLU615586907	encargo	no	Libro - El Código De La Emoción - Bradley Nelson - Gaia	Nelson, Bradley
MLU615587817	encargo	no	Libro - I Ching. El Libro De Las Mutaciones - Wilhelm, Richa	Wilhelm, Richard
MLU615636346	encargo	no	Libro - Medianoche Escalofriante En El Castillo De La Calave	Stilton, Geronimo
MLU615669074	encargo	no	Libro - Crisis, ¿estás Preparado Para Crecer? - Enric Corber	Corbera, Enric
MLU615770471	encargo	no	Libro - Gallardo Recargado - Diego Borinsky	Diego Borinsky
MLU615809379	encargo	no	Libro - Gallardo Monumental - Borinsky, Diego	Diego Borinsky
MLU615815920	encargo	no	Libro - Rostros Y Expresiones (ejercicios Parramon 23) - Vv.	Equipo Parramon
MLU615826650	encargo	no	Libro - Una Perfecta Confusión - América Rodas	América Rodas
MLU615888773	disponible	si	Libro - Teoría De La Música - Danhauser	Danhauser
MLU615892334	encargo	no	Libro - Arta En El Apocalipsis Maximo - Arta Game - Montena	ARTA GAME
MLU615892395	encargo	no	Libro - Mil Besos Prohibidos - Ónega, Sonsoles	Onega, Sonsoles
MLU615896827	encargo	no	Libro - Las Siete Leyes Espirituales Del Éxito - Chopra	Deepak, Chopra
MLU615924319	encargo	no	Libro - H De Harry - Darlis Stefany	Darlis Stefany
MLU615926432	encargo	no	Libro - Obras Completas De Jane Austen - Estuche Con 8 Libro	Austen, Jane
MLU615943630	encargo	no	Adivinación Con La Bola Cristal Y Misterios Clarividencia	JOHN MELVILLE
MLU615944088	encargo	no	Libro - Céntrate (deep Work) - Cal Newport	Newport, Cal
MLU615945844	encargo	no	Libro - El Casco Del Caballo - Rob Van Nassau	VAN NASSAU ROB
MLU615970070	encargo	no	Para Salvarte  Loring Catolico Catolicismo	Jorge Loring
MLU615977766	disponible	si	Libro - Enemigo Intimo - Gabriela Arias Uriburu	GABRIELA ARIAS URIBURU
MLU615995261	encargo	no	Libro - ¿qué Necesito Cuando Me Enfado? - Tania García	Tania García
MLU616013315	disponible	si	Libro - La Pluma Magica De Gwendy - Richard Chizmar	Chizmar, Richard
MLU616039209	encargo	no	Libro - Siempre Te Querré, Pequeñín, De Debi Gliori	Gliori, Debi
MLU616047906	encargo	no	Libro Desplegable - Caperucita Roja - Barroux	Barroux
MLU616052220	disponible	no	Libro - El Dominio Mundial - Baños Bajo, Pedro	Pedro Baños Bajo
MLU616052259	encargo	no	Libro - Los Cuerpos De La Habitación Roja - Iñigo Aguas	Aguas, Iñigo
MLU616058766	encargo	no	Libro - Manual De Sexología Y Terapia Sexual -  Francisco C.	Cabello Santamaría, Francisco
MLU616080289	encargo	no	Libro - Enciclopedia Del Espacio 4d	Sigmar
MLU616084759	encargo	no	Libro -  Wider World Starter Student Book - Pearson	Sandy Zervas - Catherine Bright
MLU616086779	encargo	no	Libro - Kit Creativo (tricotín Ó Ganchillo)	Naumann & Göbel
MLU616091219	encargo	no	Libro - El Destino De La Humanidad - Daniel Estulin	Daniel Estulin
MLU616130561	encargo	no	Libro - Construye Tu Caballo -  Equipo Susaeta	Equipo Susaeta
MLU616136653	encargo	no	Libro - Buscando S Dory. Percepción Espacial Y Lateralidad	Walt Disney Company
MLU616215906	encargo	no	Libro -  Único Harry Potter Maleta Animales Fantásticos	Salisbury, Mark
MLU616308529	encargo	no	Libro - Sanotes, Sanitos / Healthy, Happy - Garcia-orea	BLANCA GARCIA-OREA HARO
MLU616359381	encargo	no	Libro - Oraciones Que Derrotan A Los Demonios - John Eckhard	John Eckhardt
MLU616365466	encargo	no	Libro - Shogun. La Vida De Tokugawa Ieyasu - A. L. Sadler	SADLER, A.L
MLU616370855	encargo	no	Libro - De Analista A Trader -  Jaime M. Juez	Jaime M. Juez
MLU616371349	encargo	no	Libro - No Digas Nada Una Vida De Charly García	Sergio Marchi
MLU616383644	encargo	no	El Libro Magno De San Cipriano Tesoro Del Hechicero	S/D
MLU616423715	encargo	no	Libro - En Busca De Spinoza - Antonio Damasio	Damásio, António
MLU616423906	encargo	no	Libro - El Boson De Higgs -  Javier Santaolalla	Santaolalla, Javier
MLU616424300	encargo	no	Libro - La Relación Hurtada: En Busca Del Padre Gestalt	Francisco Peñarrubia López
MLU616424306	encargo	no	Libro - Gestalt Peñarrubia - El Oficio De Escuchar	Francisco PeñArrubia
MLU616430268	encargo	no	Libro - Bobicraft Y El Tesoro Poderoso	Bobicraft
MLU616432831	encargo	no	Libro - Carmel. La Investigación Definitiva García Belsunce	DUGGAN, PABLO
MLU616443346	encargo	no	Libro - Tres Veces Tú - Moccia, Federico	Moccia, Federico
MLU616445949	disponible	si	Libro - Infancias Publicas No Hay Derecho - Minnicelli M	Mecedes S. Minnicelli
MLU616449839	encargo	no	Libro - Narrativa Completa - Juan Jose Arreola	Juan Jose Arreola
MLU616456394	encargo	no	Libro - La Vía Rápida Del Millonario - M.j. De Marco	De Marco, M. J.
MLU616462776	encargo	no	Libro - Cautivar - Van Edwards, Vanessa	Vanessa Van Edwards
MLU616475852	encargo	no	Libro - Minutos De Sabiduria - C. Torres Pastorino	Pastorino, C. Torres
MLU616478218	encargo	no	Libro - Infancias En Estado De Excepción - S. Minnicelli	S. Minnicelli
MLU616490698	encargo	no	Libro - Manos Que Curan Barbara Brennan (edición Grande)	Barbara Ann Brennan
MLU616491589	encargo	no	Libro - A Veces Mamá Tiene Truenos En La Cabeza - Taboada	Beatriz Taboada
MLU616494343	encargo	no	Libro - Juliana En Italia - Juliana López May	Juliana López May
MLU616496722	encargo	no	Libro - Libro Las Ratitas 5 - Las Sirenas Existen	Las Ratitas
MLU616559509	encargo	no	Libro - Dancing With The Devil - Blair Nughes	Blair Nughes
MLU616566062	encargo	no	Estuche Una Familia Anormal Nuevas Ilustraciones + Poster -	Vallejos, Lyna
MLU616585790	disponible	si	Libro - Adicción A Las Personas Codependencia Y Recuperación	Mónica A. Pucheu, Ines Olivero
MLU616585928	encargo	no	Libro - Esquizoanalisis Crear Un Mundo Cada Vez - Bruno Luca	Bruno, Lucas
MLU616589697	disponible	si	Libro - Sonidos Del Silencio En El Abuso - Bettina Calvi	CALVI BETTINA
MLU616637255	encargo	no	Libro - Juliana Esencial - Lopez May Juliana	Lopez May, Juliana
MLU616637307	encargo	no	Libro - Las Cuatro Estaciones - Juliana López May	Juliana López May
MLU616781579	encargo	no	Libro - Educar Sin Culpa - De Barbieri	Alejandro De Barbieri
MLU616787982	encargo	no	Libro - 23 Razones (novedad) - Cinwololo	Cinwololo
MLU616788696	encargo	no	Libro - Tony Stark Iron Man 5 Ironman 2020 Parte 1 Dan Slott	Dan, Slott
MLU616801284	encargo	no	Libro - Cupcakes Y Corazones -karina & Marina Secret Stars	Karina & Marina
MLU616813505	encargo	no	Libro - El Mono Desnudo - Morris, Desmond	Morris, Desmond
MLU616813903	encargo	no	Libro - Krao Vs Italianini: El Desafío De La Mortadela	Krao
MLU616820328	encargo	no	Libro - Maestra Ascendida Kwan Yin - Santos Ávila Ruiz	Santos Avila Ruiz
MLU616820515	encargo	no	La Sanacion A Traves De Los Registros Akasicos	Howe, Linda
MLU616833159	encargo	no	Infancias Dignas  Descolonizarse - Liebel Colonialismo	Liebel Manfred
MLU616833286	encargo	no	Libro - Todo Lo Que Tienes Que Saber Sobre La Vida - Rojas E	Rojas, Enrique
MLU616838834	encargo	no	Libro - Plantas Medicinales - A. Lifchitz	A. LIFCHITZ
MLU616839611	encargo	no	Libro - Feroz... ¡feroz! - Liliana Cinetto	Liliana Cinetto
MLU616840016	encargo	no	Libro - Chris Venció El Cáncer - Chris Wark	Chris Wark
MLU616840473	encargo	no	Libro - Todas Tus Lunas Guia Ilustrada - Erica Noemí Facen	Facen, Erica Noemí
MLU616898542	encargo	no	Libro - Manual De Principios Quirúrgicos En Pequeños Animale	Stephene j baines
MLU616917519	encargo	no	Libro - El Legado - German Beder	Beder, German
MLU616949070	encargo	no	Libro - Biologia Celular Y Molecular Robertis 16ma Ed	DE ROBERTIS HIB
MLU616955628	encargo	no	Libro - Cómo Analizar A Las Personas - R. J. Anderson	R J Anderson
MLU616955634	encargo	no	Libro - Fundamentos De Guitarra Jazz - Son, David	Son, David
MLU617037858	encargo	no	La Granja, Animales Trabajadores - Libro + 3 Rompecabezas	El Gato De Hojalata
MLU617042943	encargo	no	Libro - Petit, El Monstruo - Isol	Isol
MLU617070006	encargo	no	Libro - Entrevistas Preliminares Y La Entrada En Análisis	ERNESTO S.
MLU617070489	disponible	si	Libro - Nací Para Ser Breve - Gabriela Massuh	Gabriela Massuh
MLU617096230	encargo	no	Libro - Cuestiones Cuánticas - Ken Wilber	Ken Wilber
MLU617132054	disponible	no	Libro - Comportamiento Organizacional La Dinamica Del Éxito	Chiavenato, Idalberto
MLU617157279	encargo	no	Libro - Test Del Dibujo De Familia Ampliado Con 103 Ilustrac	Corman, Louis
MLU617157686	encargo	no	Libro - De Maquinas Y Seres Vivos Autopoiesis Maturana Humbe	MATURANA Y VARELA
MLU617203684	encargo	no	Libro - Hanako-kun : El Fantasma Del Lavabo 1 - Aidairo	AidaIro
MLU617223216	disponible	si	Libro - Irresistible Error - Melissa Ibarra - Cosmo Editoria	Melissa Ibarra
MLU617229764	encargo	no	Libro - Contra El Fuego - Bombero Benjamín Reynal	Benjamín Reynal
MLU617236990	encargo	no	Libro - Brújulas Que Buscan Sonrisas Perdidas - Espinosa	Espinosa, Albert
MLU617243544	encargo	no	Libro - La Pandilla Perruna (las Aventuras De Lana) Vv.aa.	VV. AA.
MLU617274587	encargo	no	Libro - Resetea Tus Intestinos - Facundo Pereyra	Facundo Pereyra
MLU617293516	encargo	no	Libro - Qué Es Esto? - Cecilia; Lowy  Daniel Blanco	CECILIA; LOWY  DANIEL BLANCO
MLU617300015	encargo	no	Libro - Morir Antes, Suicidio Adolescente, Prevención	Francisco Villar Cabeza
MLU617300131	encargo	no	Libro - Organizaciones Exponenciales - Salim Ismail	Salim Ismail
MLU617380992	disponible	si	Libro - Asunto La Menstruacion Al Desnudo - Von Rebeur Ana	VON REBEUR ANA
MLU617397347	encargo	no	Libro - El Libro Negro Del Comunismo - Nicolas Werth	Werth Nicolas
MLU617416568	encargo	no	Libro - Stranger Things: The Official Coloring Book	NETFLIX
MLU617450926	encargo	no	Bontrager Manual De Posiciones Técnicas Radiológicas 10ª Ed	John P. Lampgnano; LESLIE E. KENDRICK
MLU617464369	encargo	no	Libro - Sigue Tu Pasión - Sivers, Derek	Sivers, Derek
MLU617464646	encargo	no	Libro - Como Sobrevivir En El Mundo De Stranger Things	Gilbert, Matthew J.
MLU617477066	encargo	no	Libro - Play Smart : Razonamiento Lógico. 4 Años	VV. AA.
MLU617497473	encargo	no	Como Ganar Amigos E Influir Sobre Las Personas (ed Revisada)	Carnegie, Dale
MLU617502383	disponible	no	Libro - La Francotiradora De Stalin - Lyudmila Pavlichenko	Lyudmila Pavlichenko
MLU617527966	encargo	no	Libro - Coaching Para Coaches -  Leonardo Wolk	Leonardo Wolk
MLU617547185	encargo	no	Libro - Mientras Te Olvido - Nacarid Portal Arraez	Nacarid Portal Arráez
MLU617662255	encargo	no	Libro - Reading Explorer 4  Split B With Code Online Wb	Douglas, Nancy
MLU617707685	encargo	no	Libro - Y, Viste Como Es 3 - Szoka	Szoka
MLU617716297	encargo	no	Libro - Inicie Su Propia Corporacion - Garrett Sutton	Garrett Sutton
MLU617730974	disponible	si	Libro - El Bosque No Se Vende - Maria Laura Dede	María Laura Dedé
MLU617801430	encargo	no	Libro - Pack Trilogía A Tres Metros Sobre El Cielo Moccia	Moccia, Federic
MLU617834568	encargo	no	Libro  -  Naruto Nº26/72	Kishimoto, Masashi
MLU617840504	encargo	no	Libro - Peñarrubia Circulo Centro Gestalt	Francisco Peñarrubia López
MLU617860643	encargo	no	Libro - Encuentro Con Nuestro Ser - Sayve, Carmen De/arellan	Sayve, Carmen De/Arellano, Jocelym
MLU617860837	encargo	no	Libro - Guía Completa Entrenamiento Suspension Trx - Español	Jay Dawes
MLU617860907	encargo	no	Libro - Decididas - María Florencia Freijo	María Florencia Freijo
MLU617885506	encargo	no	Libro - Educar Por Competencias Qué Hay De Nuevo?, Sacristán	Sacristan, J. Gimeno
MLU617891719	disponible	si	Libro - Stranger Things. Horrores De Hawkins - Matthew J	Gilbert, Matthew
MLU617892401	encargo	no	Libro - La Noche Estrellada - Jimmy Liao	LIAO, JIMMY
MLU617917716	encargo	no	Libro - Tengo Dos Mamas: ¿de Donde Venimos? - Olga Ibarra	OLGA IBARRA MORENO
MLU617930786	encargo	no	Libro - ¿existe La Muerte? - Carmelo, Anji	CARMELO, ANJI
MLU617937614	encargo	no	Libro - Coaching - Whitmore, John	Whitmore, John
MLU617937750	disponible	si	Libro - Entrá En Crisis - Violeta Vazquez	Violeta Vazquez
MLU617950424	encargo	no	Libro - Gaturro : Mundial Qatar 2022	Nik
MLU617963214	encargo	no	Libro - El Punto - Peter H. Reynolds	Reynolds, Peter H.
MLU617989032	encargo	no	Libro - Cartas A Lucilio - Séneca	Séneca
MLU618087729	encargo	no	Summa+ #191 - Lo Sagrado Y Lo Profano - Geometrías 4/22	Summa
MLU618122304	encargo	no	Audiocuentos La Granja De Zenon Kit X12 Figuras + Parlante	La granja de zenon
MLU618133953	encargo	no	Libro - Regreso A Reims - Didier Eribon	Didier Eribon
MLU618177781	encargo	no	Libro - Ami Regresa - Enrique Barrios	Barrios, Enrique
MLU618301431	encargo	no	Libro - Trading En La Zona - Mark Douglas	Mark Douglas
MLU618301729	encargo	no	Libro - El Largo Camino Hacia La Libertad - Nelson Mandela	Mandela, Nelson
MLU618311652	encargo	no	Libro - Perón El Fetiche De Las Masas - Nicolas Marquez	Marquez Nicolas
MLU618314748	encargo	no	Libro - Johan Cruyff  - 14. La Autobiografía	Johan Cruyff
MLU618321478	encargo	no	Libro - La Stoa - Max Pohlenz	Pohlenz, Max
MLU618321619	encargo	no	Libro - Spawn Volumen 2 [edicion Integral] (cartone)	McFarlane, Todd
MLU618331250	encargo	no	Libro - Análisis Técnico Mercados Financieros - J.j. Murphy	John J. Murphy
MLU618340580	encargo	no	Libro - Las Flores Del Alba - Bárbara Espeche	ESPECHE BARBARA
MLU618347470	encargo	no	Libro - Vida Cotidiana En El Antiguo Egipto (coleccion La Es	José Miguel Parra
MLU618355200	encargo	no	Libro - No Quiero Matarte - Wells, Dan	Dan Wells
MLU618372544	encargo	no	Libro - El Enigma Sagrado - Baigent, M./leigh, R./lincoln, H	BAIGENT, M./LEIGH, R./LINCOLN, H.
MLU618374014	encargo	no	Libro - Nada Mas Que Perder - Dan Wells	Dan Wells
MLU618407865	encargo	no	Libro - Inhibición Síntoma Angustia - Dafunchio (edb)	Nieves Soria Dafunchio
MLU618431484	disponible	si	Libro - Participacion Social Para Que - Menendez Eduardo L	MENENDEZ EDUARDO L / SPINELLI HUGO G
MLU618432040	encargo	no	Libro - La Pelota No Entra Por Azar - Ferran Soriano	Ferran Soriano
MLU618432692	encargo	no	Libro - Terapia De Aceptación Y Compromiso Para Parejas	Matthew Mckay y Avigail Lev
MLU618444680	encargo	no	Libro - Berta Convive Con El Coronavirus (mi Amiga Berta)	Schneider, Liane
MLU618445889	disponible	si	Libro - Despertar Al Infinito - De Sayve, Carmen	de Sayve, Carmen
MLU618447159	encargo	no	Patrones 417 - Diciembre 2020 - Avance Primavera	
MLU618457025	encargo	no	Libro - De Sujetos Saberes Y Estructuras - Eduardo Menendez	Eduardo Menendez
MLU618457621	encargo	no	Libro - Que Sea Mutuo O No Sea Nada - Bertiz Broll Paola	BERTIZ BROLL PAOLA
MLU618476702	encargo	no	Libro - Manual De Viticultura, Enología Y Cata - Lopez A	López Alejandre, Manuel
MLU618483050	encargo	no	Libro - El Engaño Populista - Axel Kaiser Y Gloria Álvarez	Axel Kaiser , Gloria Álvarez
MLU618483180	encargo	no	Libro - El Efecto Luna De Miel - Lipton, Bruce	Bruce Lipton
MLU618483282	encargo	no	Libro - De Haberlo Escrito Antes Coleccion Perfiles - Skliar	Skliar, Carlos
MLU618483294	encargo	no	Libro - La Seleccion (serie La Seleccion 1) /kiera Cass	Kiera Cass
MLU618484949	encargo	no	Libro - ¿padres O Pareja? -  Mauricio José Strugo	Mauricio José Strugo
MLU618489767	encargo	no	Libro - El Psicodiagnostico De Rorschach - Alicia M. Passala	A. PASSALACQUE
MLU618502677	encargo	no	Libro - Marihuana  Fundamentos De Cultivo - Jorge Cervantes	Jorge Cervantes
MLU618509277	disponible	si	Libro - El Tao Del Yiquan - Jan Diepersloot	DIEPERSLOOT , JAN
MLU618706260	encargo	no	Libro - Stranger Things N01: El Otro Lado	JODY HOUSER
MLU618725829	encargo	no	Libro - Stranger Things 2 Seis - Keith Champagne	Keith Champagne / Jody Houser / Edgar Salazar / Marissa Louise
MLU618743170	encargo	no	Libro - Un Mundo Donde Quepan Todes  - Gabriela Mansilla	Gabriela Mansilla
MLU618744687	encargo	no	Libro - Ser Adoptado. Reflexiones Y Herramientas Practicas	MATEO, Carmen
MLU618776776	disponible	no	Libro - Un Mundo Sin E-mail - Cal Newport	Newport, Cal
MLU618808357	encargo	no	Libro - Stranger Things Y Dungeons & Dragons	JODY HOUSER
MLU618808490	encargo	no	Libro - Next Move 3 - Student  + Myenglishlab	Fiona Wildman, Jayne; Beddall
MLU618821295	encargo	no	Libro - A Tres Metros Sobre El Cielo - Federico Moccia	Moccia, Federico
MLU618899745	encargo	no	Libro - Ynsa Craneopuntura De Yamamoto - Juan Hahn	HAHN , JUAN
MLU618900261	encargo	no	Libro - Orden Mundial - Kissinger, Henry	Henry Kissinger
MLU618900820	encargo	no	Libro - Las Costureras De Auschwitz - Lucy Adlington	LUCY ADLINGTON
MLU618904789	encargo	no	Libro Piloto Privado De Avión - De Santis, Augusto Javier/c	DE SANTIS, AUGUSTO JAVIER/CONFORTI, F.
MLU618913311	encargo	no	Libro - Historias De Terror - Tik Tak Draw	Tik Tak Draw
MLU618922270	encargo	no	Libro - Creepypastas - Hijo, Tomas	Hijo, Tomás
MLU618926245	encargo	no	Libro - Fundamentos De Branding - Javier Casanoves Boix	Casanoves Boix, Javier
MLU618930134	encargo	no	Libro - The Marzy 2. Sobreviviendo En Una Base Secreta	MARZY
MLU618930153	encargo	no	Libro -  Danza Primal El Camino Del Éxtasis- Daniel Taroppio	Daniel Taroppio
MLU618930879	encargo	no	Libro - Cuphead 1. Lances Cómicos Y Desatinos	ZACK KELLER
MLU618932304	disponible	si	Libro - Orden De Embargo Vladimir Putín - Bill Browder	Browder, Bill
MLU618932800	encargo	no	Libro - ¡detené La Diabetes! Pablo De La Iglesia  Y  Pablito	Martin Pablito / De La Iglesia Pablo
MLU618932965	encargo	no	Libro - Muerte De Las Cuatro Reinas - Scholte Astrid	ASTRID SCHOLTE
MLU618950578	encargo	no	Libro - La Hipótesis Del Amor - Hazelwood, Ali	Ali Hazelwood
MLU618951804	encargo	no	Libro - 9 Meses Desde Dentro- Eduard Gratacos Solsona	EDUARD GRATACOS SOLSONA
MLU618952836	encargo	no	Libro - Envolturas Psiquicas - Anzieu/houzel/missenard	DIDIER ANZIEU
MLU618954815	disponible	si	Libro - Crecer Agradeciendo - Fer Suppicich	Fer Suppicich
MLU618956247	disponible	si	Libro - The Marzy 1. Marzy Y Los Siete Reinos De Hydracraft	The MarZy
MLU618984118	encargo	no	Libros - Pack Mundo De Lyna + Un Vecino Anormal	Lyna Vallejos - Daniel Morro
MLU619016429	encargo	no	Libro - Red Hot Flea Acid Acido Children - Español	Flea
MLU619016465	encargo	no	Cadaver Exquisito - Premio Clarin 2017 - Agustina Bazterrica	Agustina Bazterrica
MLU619022784	encargo	no	Audiocuento Y Canciones La Granja De Zenón Nº2 Zenón	
MLU619022902	encargo	no	Libro - El Universo De Lo Sencillo - Pablo Arribas	PABLO ARRIBAS
MLU619062660	disponible	si	Libro - Sobre Tu Cadaver - Dan Wells	Dan Wells
MLU619081038	encargo	no	Libro - Trabajando En Profundidad Relacional - Cooper Mick	Cooper, Mick
MLU619114098	encargo	no	Libro - Pon El Cielo A Trabajar - Slatter Jean	SLATTER, JEAN
MLU619139873	disponible	si	Libro - Apuesta Por Ti / Betting On Yourself - Walter Dresel	Dresel, Walter
MLU619140002	encargo	no	Libro - No Soy Un Serial Killer - Dan Wells	Dan Wells
MLU619140044	encargo	no	Libro - Confesiones De Un Chef - Bourdain (edicion Grande)	Bourdain, Anthony
MLU619161646	encargo	no	Libro - El Libro Del Pueblo De Dios Tapa Flexible  San Pablo	FUNDACION PALABRA DE VIDA
MLU619187626	encargo	no	Libro - Quienes Construyeron El Rio De La Plata - Gandini	Maria Juliana Gandini
MLU619218559	encargo	no	Libro Guia Practica De La Curacion Por Flores De Bach Master	Dr. Götz Blome
MLU619341272	encargo	no	Libro -  Cinwololo, Loca Cosmica Y Otros Viajes	Cinwololo
MLU619347793	encargo	no	Libro - De Eso Sí Se Habla - Adí Nativ	Noelia Schulz, Ivana Raschkovan, Adí Nativ
MLU619542555	encargo	no	Libro -  Mi Lucha - Adolf Hitler	ADOLF HITLER
MLU619555540	encargo	no	Libro - Nada Es Tan Terrible - Rafael Santandreu	Rafael Santandreu
MLU619622934	encargo	no	Libro - Su Hijo Una Persona Competente - Juul, Jesper	Juul, Jesper
MLU619633719	encargo	no	Libro - El Síndrome De La Impostora - Cadoche	Cadoche y Anne de Montarlot, Elisabeth
MLU619633951	encargo	no	Libro - Seguir Con El Problema - Donna Haraway	Haraway, Donna Jeane
MLU619679030	encargo	no	Libro - Guia De Cannabis Para La Mujer ( Marihuana )	Nikki Furrer.
MLU619718473	encargo	no	Libro - Técnicas Del Bonsai - Naka, John Yoshio	NAKA, JOHN YOSHIO
MLU619804936	disponible	si	Libro - Conversaciones Con Steve Jobs, Steve Jobs	STEVE JOBS
MLU619829334	encargo	no	Libro - ¿como Habla Dios? - S. Collins, Francis	S. COLLINS, FRANCIS
MLU619837599	disponible	si	Libro - Dislexia En El Desarrollo Psiquico - Torras De Bea	Eulália Torras De Beá
MLU619842470	encargo	no	Libro - 2023 Agenda De Las Brujas	Llewellyn
MLU619842543	disponible	si	Sentir Y Crecer Infancia El Crecimiento Emocional	Sílvia Palou Palou Vicens
MLU619862050	encargo	no	Libro - El Hilo Rojo - Hood, Ann	HOOD ANN
MLU619862087	encargo	no	Libro - Infancias - Díez Navarro, Arnaiz Sancho	Díez Navarro Arnaiz Sancho
MLU619913490	encargo	no	Libro - El Cambio Psicológico - Bolinches, Antoni	Bolinches, Antoni
MLU620070205	encargo	no	Libro - Spawn Integral 1 - Todd Mcfarlane	Todd McFarlane
MLU620082462	encargo	no	Libro  El Fetichismo De La Marginalidad 2/ed. Cesar Gonzalez	GONZALEZ CESAR
MLU620083837	encargo	no	Libro - Caso De Cristo - Lee Strobel	Lee Strobel
MLU620090251	encargo	no	Libro - Curación A Través De Un Curso De Milagros - Corbera	Corbera, Enric
MLU620109191	encargo	no	Libro - Del Amor Propio Al Amor Al Otro - Sordo, Pilar	Sordo, Pilar
MLU620127883	encargo	no	Agenda Ikigai 2023 - Hector Garcia	Héctor García
MLU620128570	encargo	no	Libro - Comer Para Vencer Al Cáncer - Jimenez Fonseca, Paula	JIMENEZ FONSECA, PAULA/ALVAREZ, BELEN
MLU620128668	encargo	no	Virus Letal Maze Runner.  El Comienzo - James Dashne	Dashner, James
MLU620220093	encargo	no	Libro - La Respuesta Es Simple - Sonia Choquette	Choquette, Sonia
MLU620303283	encargo	no	Libro - El Último Francotirador - Lacz, Kevin	Lacz, Kevin
MLU620303708	encargo	no	Libro - Las Ratitas 8. El Bosque De Las Hadas Luminosas	Las Ratitas
MLU620316023	encargo	no	Libro - Un Dia En La Vida De Ivan Denisovich - Solzhenitsyn	Alexandr Solzhenitsyn
MLU620317542	encargo	no	Libro - ¡siempre Tengo Hambre! -  David S. Ludwig	S. Ludwig, David
MLU620317557	encargo	no	Libro - Cáncer Y Debilidad Del Sistema Inmunitario Hildegard	Dr. WIGHARD STREHLOW
MLU620387983	encargo	no	Libro - Todo Va A Mejorar - Almudena Grandes	Almudena Grandes
MLU620413566	encargo	no	Libro - Brazilian Jiu-jitsu	Itajahy, Almir
MLU620433777	encargo	no	Libro - Experimentos Para Principiantes	Nuria Penalva
MLU620434185	encargo	no	López Osornio: Manual De Trenzado Y Artesanías En Cuero	LÓPEZ OSORNIO, César S. / MEEKS, Francisco
MLU620434837	disponible	si	Libro - La Infancia Y Sus Bordes - Moreno, Julio	Moreno, Julio
MLU620434912	encargo	no	Libro Harry Potter Y La Piedra Filosofal  Ilustrado Rowling	JK Rowling (Ilustrador: Jim Kay)
MLU620446006	encargo	no	Libro - Luly Y Derank En Busca Del Gato Mágico	SrtaLuly
MLU620486458	disponible	si	Libro - Norte De Valeria Naya	VALERIA NAYA
MLU620531223	encargo	no	Libro -  La Mujer Multiorgasmica De Mantak Chia	Mantak Chia
MLU620557115	encargo	no	Libro - Karma Guía Yogui Para Crear Tu Destino - Sadhguru	Sadhguru
MLU620557194	encargo	no	Libro - Voy A Ser Mamá. Para Recuerdos Muy Especiales Varios	Varios
MLU620569502	encargo	no	Libro - Yo No Soy Un Hijo Roto - Separación Padres	Morata Sánchez, Mati
MLU620695212	encargo	no	Libro Un Elefante En El Living Juan Tonelli (con Detalles)	Juan Tonelli
MLU620695247	disponible	si	Libro - Caminaré En Tu Presencia, Señor! 8 (nuevo)	Paulinas Editora
MLU620708104	encargo	no	Libro - Sanar El Trauma Colectivo - Thomas Hubl	THOMAS HÜBL
MLU620713960	encargo	no	Libro - Consecuencias De Decir Te Quiero - Erena Manu	ERENA, MANU
MLU620738778	encargo	no	Libro - No Me Puedes Lastimar - David Goggins	David Goggins
MLU620764995	encargo	no	Libro - El Lunes Dieta - Zumaquero, Pablo	Zumaquero, Pablo
MLU620765391	encargo	no	Libro - El Monstruo De Colores -un Libro Pop-up - Anna Llena	Anna Llenas
MLU620771899	encargo	no	Libro - Bird Checklist - Horacio Matarazzo	Varios autores
MLU620784759	encargo	no	Libro - Federico Y Sus Familias	Mili Hernández
MLU620787028	encargo	no	Libro - Buenas Noches, Abuelo - R. - Peris  C. Bausà	R. / PERIS C. BAUSÀ
MLU620831125	encargo	no	Libro - Dibujo Creativo: Símbolos Y Geometría Sagrada	Ana Victoria Calderón
MLU620831252	encargo	no	Libro - Hada De Fresa. El Hada Que Nació Sin Alas - R. Label	R. Labella, Eva
MLU620909119	encargo	no	Libro - Pregrafimania - Mis Primeros Grafismos	Sara Ines Gomez Carrillo / Sally Johnson
MLU620923357	encargo	no	Libro - Memoria De Testigos, Manzanero Puebla, Pirámide	Antonio Manzanero
MLU620933510	encargo	no	Libro - Tres Lobitos Y El Cochino Feroz, Los - Vv.aa	EUGENIOS TRIVIZAS
MLU620943207	encargo	no	Libro - El Chakra Del Corazón - Isabelle Cerf	Isabelle Cerf
MLU620949614	disponible	si	Libro -  Mis Ganas Ganan Prometido - Huelva Elena	Huelva, Elena
MLU620986814	encargo	no	Libro - Así Me Cuido Yo - Marina Borensztein	Borensztein, Marina
MLU620988065	encargo	no	Libro - Cómo Piensan Los Campeones - Rotella, Bob. Tutor	Rotella, Bob
MLU621163182	encargo	no	Libro - Aunque Me Cueste La Vida De Stephan Hausner	Stephan, Hausner
MLU621182309	disponible	si	Libro -  Precariedad Precariada Patriarcado	Precariada
MLU621245745	encargo	no	Libro - Tras La Virtud. Macintyre, Alasdair - Espasa Calpe	Macintyre, Alasdair
MLU621248098	encargo	no	Adopción Construcción Feliz Paternidad Tomaello Russomando	Flavia Tomaello
MLU621258666	encargo	no	Libro - La Atentica Felicidad. Seligman, Martin Zeta Bolsill	Martin Seligman
MLU621258794	encargo	no	Libro - Contando Atardeceres - La Vecina Rubia	La Vecina Rubia
MLU621271743	encargo	no	Libro - Vuela Lejos -  Kristin Hannah	Kristin Hannah
MLU621284548	encargo	no	Libro -  10 Años De Masterchef	Shine RTVE
MLU621284585	encargo	no	Abundancia De Pensamiento, Palabra Y Obra, Marta Salvat	Marta Salvat
MLU621416187	encargo	no	Libro Parto Sin Dolor Laxmi Método	Aixa Laxmi
MLU621448277	encargo	no	Libro - Infancia Y Juventud De Fito Paez	Fito Páez
MLU621552639	encargo	no	Libro - La Avería (los Anotadores) -132 - Frie Durrenmatt	Dürrenmatt, Friedrich
MLU621560150	encargo	no	20 Casos Que Hacen Pensar En La Reencarnacion. Stevenson	STEVENSON, IAN
MLU621571836	disponible	si	Libro - Big Ben De Dúo Karma	Dúo Karma
MLU621581273	encargo	no	Libro - Al Baño Soy Mayor Cartone Con  Pestañas	THIERRY BEDOUET/ ALICE LE HENAND
MLU621618628	encargo	no	Libro - Todos Los Seres Vivos Somos Uno - Eckhart Tolle	Eckhart Tolle
MLU621619339	encargo	no	Libro - Maldita Caloria De Alejandro Garcia	Alejandro García
MLU621623764	disponible	si	Libro - La Dieta Antiinflamatoria: Haz Estos Cambios Simples	Michaels, Jason
MLU621636054	encargo	no	Libro - Relinchos Y Susurros Zlotnik - Caballos	Zlotnik, Anahi
MLU621651402	encargo	no	Libro: Hellboy 14 Mascaras Y Monstruos - Mignola / Robinson	MIGNOLA / ROBINSON
MLU621651839	disponible	si	Libro - Assassins Creed 8. Underworld	Bowden, Oliver
MLU621668159	encargo	no	Audiocuento - Granja De Zenon - Loro Pepe- Libro + Figura	La granja de zenon
MLU621674665	encargo	no	Audiocuento - Granja De Zenon - Percherón - Libro + Figura	La granja de zenon
MLU621682662	encargo	no	Libro - En Contacto Íntimo - Virginia Satir	Virginia Satir
MLU621682748	disponible	si	Libro - Camarasutra Postureo Influencers Rrss	PUTOSMODERNOS
MLU621726933	encargo	no	Libro - The Pragmatic Programmer : David Thomas	Thomas, David
MLU621734275	encargo	no	Libro - Las Cicatrices No Duelen - Anabel Gonzalez (español)	Anabel Gonzalez
MLU621734463	encargo	no	Libro - Imbatible - Tony Robbins	IMBATIBLE
MLU621739744	encargo	no	Libro - Tu Exito Es Inevitable - Maite Issa	Maite Issa
MLU621766054	encargo	no	Libro - El Amor Real Huele A Tostadas De Patricia Faur	Patricia Faur
MLU621766290	encargo	no	Libro - ...a Pesar De Todo, Decir Sí A La Vida Viktor E. F	...A pesar de todo, decir Sí a la vida
MLU621791983	encargo	no	Libro - La Pluma De Caly - Facundo Arana	Arana, Facundo
MLU621792227	encargo	no	Libro Alimentación Intuitiva - Tribole, Evelyn/resch, Elyse	TRIBOLE, EVELYN/RESCH, ELYSE
MLU621850957	disponible	si	Gemoterapia Curacion Por Esencias Minerales	Crea, Pedro
MLU621870399	disponible	si	Caballos En Movimiento Horse Motion (cartone) - Tapa Dura	Olavide
MLU621870646	encargo	no	La Dieta Keto Tu Plan De 30 Días Para Perder Peso	Axe, Josh
MLU621935049	encargo	no	Abejas Reinas Cria Rentable De - Continente	RODRIGUEZ FABIAN
MLU621947671	encargo	no	El Acontecimiento - Annie Ernaux	Annie Ernaux
MLU621947823	encargo	no	Pastoreo Racional Voisin Ganaderia Agricultura	PINHEIRO MACHADO, Luiz Carlos
MLU622071057	encargo	no	Bellas Para Morir. Estereotipos De Genero Y Violencia	Pineda, Esther
MLU622411888	encargo	no	Critica De La Vida Cotidiana Racedo, De Quiroga	Ana Quiroga Josefina Racedo
MLU622417818	encargo	no	Expert Ielts 7.5  Student's Resource Book With Key	Matthews, Margaret
MLU622444249	encargo	no	Mensajes De La Maestra Kwan Yin Simo, Guillermina	SIMO, GUILLERMINA
MLU622444917	encargo	no	Papillon - Charriere, Henri	Charrière, Henri
MLU622446280	encargo	no	Tolkien : Seres Mágicos De La Tierra Media	Alberto Santos Castillo
MLU622450144	encargo	no	Quién, No Cómo - Dan Sullivan, Benjamin Hardy	Sullivan, Dan
MLU622487971	disponible	si	El Amor De Tu Vida Compartida : Enriqueta Olivari	Enriqueta Olivari
MLU622488769	encargo	no	A Game Of Thrones : The Card Game Fantasy Flight Games	FANTASY FLIGHT GAMES
MLU622489955	encargo	no	Mirar Al Sol, Yalom, Irvin D.	Yalom, Irvin D.
MLU622537367	disponible	si	Psiquiatras, Psicólogos Y Otros Enfermos Muñoz Avia	Muñoz Avia, Rodrigo
MLU622539317	encargo	no	Caso Clínico. Macrae Burnet, Graeme. Impedimenta	Macrae Burnet, Graeme
MLU622547134	encargo	no	Secretos De La Gente Sana  Maria  Mateo Basulto	Mateo, Ma. José
MLU622550003	encargo	no	Enciclopedia De Tolkien - Nebreda, José María	Nebreda, José María
MLU622553598	encargo	no	El Ángel De La Muerte Charles Graeber Netflix	Graeber, Charles
MLU622587372	encargo	no	Exitos Latinos . Partituras Para Aficionados Al Piano	FERNANDEZ PEREZ MIGUEL ANGEL
MLU622635628	encargo	no	Curiosidades Con Mike. Sobrevive Al Fin Del Mundo	Curiosidades con Mike,
MLU622673494	encargo	no	Viaje Al País De Los Blancos - Umar, Ousman	Umar, Ousman
MLU622674295	encargo	no	El Castillo Ambulante - Wynne Jones, Diana	Wynne, Jones, Diana
MLU622688989	disponible	no	Canto Rebelde. La Cancion De Protesta En Argentina - Califa	Califa, Oche
MLU622693364	disponible	no	Siempre Estuve Ahí - Oliver Nash - Aguilar	Oliver Nash
MLU622695037	encargo	no	Audiocuento - Granja De Zenon - Bataraza - Libro + Figura	La granja de zenon
MLU622711392	encargo	no	Cuatro Acuerdos 48 Cartas - Ruiz Don Miguel	Ruiz, Don Miguel
MLU622727907	encargo	no	El Presidente Que No Quiso Ser De Silvia Mercado	Silvia Mercado
MLU622727948	encargo	no	Artemisia Anna Banti	Anna Banti
MLU622754327	encargo	no	Más Allá De Lo Que Ves La Persona Con Síndrome De Down	Eduardo Moreno Vivot
MLU622812515	encargo	no	Rafa Guerrero Apego Seguro Me Acompañas?	Guerrero, Rafa
MLU622851785	disponible	si	Reina De Corazones Diana Lady Di Tapa Dura	Heiland, Julie
MLU622877279	encargo	no	Arta Y La Invasión Máxima Game	ARTA GAME
MLU622890336	encargo	no	Manual De Costura. Faldas Y Pantalones Patrón Anna De Leo	De Leo Anna
MLU623001248	encargo	no	Guía Del Club De Lectura Para Matar Vampiros	Hendrix, Grady
MLU623007771	encargo	no	Cine Libro 50 Aniversario Padrino Coppola	CASAS, QUIM/ECHAGUE, JAIME V./LOPEZ, JESUS ANTONIO
MLU623029514	encargo	no	La Vaca Sus Miedos Ataca, Lynch, Agustina	Lynch Agustina
MLU623029527	encargo	no	La Vaca Y La Espinaca, Maritchu Seitún	Lynch Agustina
MLU623031588	encargo	no	Llevaré Su Nombre. Dictadura	Analia Kalinec
MLU623033188	encargo	no	Cómo Hacer Un Coche Newey Automovilismo Formula 1 T Dura	Adrian Newey
MLU623106064	encargo	no	Doulas  Ross, Susan	Ross, Susan
MLU623147404	disponible	si	Los Limites, Un Mensaje De Cuidado. Gerstenhaber, Claudia	GERSTENHABER
MLU623149316	disponible	si	Las Madres Matriarcado Naranjo	ROBERT BRIFFAULT
MLU623150382	disponible	si	Cero A Uno Waldorf Antroposofia	Paulien Bom Y Machteld Huber
MLU623152165	disponible	si	Dislexia Definición E Intervención En Hispanohablantes	MATUTE, ESMERALDA
MLU623157197	disponible	si	Messi Para Armar Libro Con Rompecabezas 300 Piezas Únicos	Catapulta
MLU623165613	disponible	si	La Ternura Del Padre En Los Vínculos Actuales. Berasain, M	Berasain, Martin
MLU623165627	encargo	no	La Vida Va De Esto Lucia Galan Bertrand	Galán Bertrand, Lucía
MLU623195825	disponible	si	De La Crisis A La Creatividad Fabiana Eisemberg	FABIANA EISEMBERG
MLU623228073	encargo	no	Libertad Financiera, Sergio Fernandez	LIBERTAD FINANCIERA
MLU623234502	encargo	no	Las Trampas Del Deseo. Dan Ariely	Dan Ariely
MLU623280680	disponible	no	Las Señoritas Maestras Eeuu Sarmiento	Laura Ramos
MLU623289145	encargo	no	Life Of Pi : Yann Martel	Martel, Yann
MLU623291978	encargo	no	Stranger Things . Mundos Del Reves	Gina Mcintyre
MLU623326270	encargo	no	Las Pequeñas Virtudes, Natalia Ginzburg	Natalia Guinzburg
MLU623335651	encargo	no	Empatía (serie Inteligencia Emocional) - Harvard Business	Harvard Business Review
MLU623358155	disponible	no	Los Cuatro Altares Rio Alonso Ayahuasca	del Río, Alonso
MLU623358786	encargo	no	Estuche Five Nights At Freddy's En Español 3 Libros	Cawhton, Scott
MLU623411714	encargo	no	Baraja De Las Piedras Que Curan - Galiana, Helena	Galiana, Helena
MLU623411785	encargo	no	Comer Amar Mamar, Carlos Gonzalez	Carlos González
MLU623437021	encargo	no	A Traves De La Lluvia - Ariana Godoy	Ariana Godoy
MLU623502709	encargo	no	Todo Es Politico [ilustrado] Tute (papel)	Tute
MLU623502724	encargo	no	Surrender Bono U2 Rock	Bono
MLU623515643	encargo	no	Chocolate, Osvaldo Gross	Osvaldo Gross
MLU623519965	encargo	no	Hermanos Tremending 2. Atrapados En La Red	Hermanos Tremending
MLU623522022	encargo	no	Los Chicos Del Cementerio, Thomas, Aiden	Thomas, Aiden
MLU623535018	encargo	no	El Caballo - Cria Y Manejo - Enzo Berner	Enzo Berner
MLU623540911	encargo	no	Estuche Stranger Things: A Oscuras En La Ciudad Y Mentes Pel	Adam Christopher
MLU623547159	encargo	no	Estuche La Fórmula De La Felicidad De Rafael Santandreu	Rafael Santandreu Lorite
MLU623547466	disponible	si	Enciende La Llama De Pablo Aragone	Pablo Aragone
MLU623554024	encargo	no	Péndulo Hebreo Cedro Radiestesia Kabalista Meraki	Sandra Meraki
MLU623555132	encargo	no	Equipos Ideales. Lencioni, Patrick. Empresa Activa	Patrick Lencioni; Patrick M. Lencioni, Martín Rodríguez-Courel Ginzo
MLU623555193	encargo	no	Monogamia Al Desnudo Critica Feminista	VV. AA.
MLU623555204	disponible	si	Generos Cuerpos Placeres Foucault Ayouch	Ayouch, Thamy
MLU623557749	encargo	no	Stranger Things Max La Fugitiva - Brenna Yvanoff	Brenna Yvanoff
MLU623585755	encargo	no	El Lobo De Wall Street - Belfort, Jordan	Belfort, Jordan
MLU623599520	encargo	no	Politica Del Riesgo - Riorda Mario, Fontana Silvia, Conrero	RIORDA MARIO / FONTANA SILVIA / CONRERO SOFIA
MLU623606001	encargo	no	Desigualdad - Atkinson, Anthony	Walker Atkinson
MLU623609118	disponible	si	El Trabajo Ya No Es Lo Que Fue, Alain Supiot	Alain Supiot
MLU623611895	encargo	no	La Generación De Cristal - Calvo, Sofía	Calvo, Sofia
MLU623615157	encargo	no	Ray Dalio Principios Tapa Dura Tela	Ray Dalio
MLU623619405	encargo	no	La Vida De Las Abejas, Maurice Maeterlinck	Maurice Maeterlinck
MLU623817070	encargo	no	Ladron Del Siglo, El - Luis Mario Vitette	Luis Mario Vitette
MLU623817650	encargo	no	El Clan Del Oso Cavernario Hijos De La Tierra - Auel,jean M	Jean M. Auel
MLU623836449	encargo	no	La Silla Vacía, Rabi Nachman De Breslau, Olañeta	R. de Bresleau
MLU623838619	disponible	si	Afrodisíacos Naturales: Guía De Nutrientes Que Favorecen	Sahelian Ray
MLU623853399	encargo	no	Los Arcangeles - Miller-russo	Miller-Russo, Linda
MLU623867858	encargo	no	Injusticia Epistèmica - Fricker, Miranda	FRICKER, MIRANDA
MLU623884566	encargo	no	Populismo Jesuita, Loris Zanatta	Loris Zanatta
MLU623918563	encargo	no	La Masoneria En La Edad Media - Eduardo Callaey	EDUARDO CALLAEY
MLU623970415	encargo	no	Itarte Vlogs Family Superaventura En Familia - Ratitas	Itarte
MLU623982270	encargo	no	El Día Que Mi Hija Me Llamo Zorra De Sara Desiree Ruiz	Sara Desiree Ruiz
MLU624041582	encargo	no	El Imperio Británico, Ferguson, Niall	Ferguson, Niall
MLU624042843	encargo	no	El Gran Mundo De La Aviación Militar - Newdick, Thoma	NEWDICK, THOMAS
MLU624086430	encargo	no	Técnicas De Dibujo. Dominio Del Bolígrafo, Lápiz De Grafito	Mateu-Mestre, Marcos
MLU624099327	encargo	no	Todo Lo Que He Aprendido. Luis Rojas Marcos	Luis Rojas Marcos
MLU624099346	disponible	si	Enhorabuena Por Tu Fracaso. Gonzalez-campos, Arturo.	González-Campos, Arturo
MLU624120854	encargo	no	Cómo Cultivar Hongos Psilocibios: La Guía Paso A Paso	Gordon L Atwell
MLU624123424	encargo	no	Las Aventuras De Peppa Pig	eOne
MLU624125733	encargo	no	Introduccion A La Obra De Melanie Klein, Hanna Segal	Hanna Segal
MLU624131785	encargo	no	El Baile De Las Mujeres Sabias - Clarissa Pinkola Estés	Clarissa Pinkola Estés
MLU624133291	disponible	si	Tu Angel Custodio - Felix,mago	Llaugé Dausà, Félix
MLU624155067	encargo	no	Ani Y Ona, 1. La Mochila Desaparecisisisísima	CARRILLO HENCHE, RUTH
MLU624156101	disponible	si	Nudel Herramienta Pericia Psicologica Delitos Sexuales	Nudel Cristina Rosa
MLU624156186	disponible	si	Conocimientos Básicos De Esterilización Hospitalaria	Fundación Garrahan
MLU624156373	disponible	si	Consciencia Y Sociedad Distópica Coronavirus	GRINSZPUN, RICARDO ANDRES
MLU624164917	encargo	no	Nacimiento De La Psiquiatria El - Esquirol / Haslam / Pinel	Esquirol / Haslam / Pinel / Reil
MLU624171078	encargo	no	Gardel En Imagenes - In Pictures (bilingüe)	Santoro, Walter
MLU624177202	disponible	si	Pack Crónica Del Rock - Guaitamacchi, Ezio	GUAITAMACCHI , EZIO
MLU624180754	encargo	no	Creciendo Con Amor Gonzalez Rena Ignacia	Ignacia González Rena
MLU624180789	encargo	no	Te Amo, Te Odio, Dame Más - Daniel Grinbak Rock Y Radio	DAniel grinbank
MLU624255444	encargo	no	Bien Que Te Gustó - Julieta Saulo - Parir Parto	Julieta Saulo
MLU624874012	encargo	no	Historias De Terror, De Tik Tak. Editorial La Esfera De Los Libros, Tapa Blanda En Español, 2019	Tik Tak
MLU624891884	encargo	no	La Joven Del Acantilado - Lucinda Riley	Riley, Lucinda
MLU624950735	disponible	si	No Me Juzgues - Juli Vazquez	VAZQUEZ
MLU624957257	disponible	si	Tu Droga Adicción Drogadicción Puentes Guía	Mario Miguel Puentes
MLU624957320	encargo	no	Las Ratitas 7. Cupcakes Con Sorpresa. Las Ratitas	Las Ratitas
MLU624970612	disponible	no	Las Cuatro Caras Del Héroe - Peñarrubia, Francisco	PEÑARRUBIA, FRANCISCO
MLU624972193	encargo	no	Manual Del Observador De Aves - Andrés Bosso	Tito Narosky
MLU624977438	encargo	no	El Test De La Golosina - Mischel, Walter	Mischel, Walter
MLU624983102	encargo	no	El Descubrimiento De Las Brujas - Harkness, Deborah	Harkness, Deborah
MLU624983840	encargo	no	Profanaciones -  Agamben Giorgio	Giorgio, Agamben
MLU624989999	encargo	no	Los Himnos Mágicos Del Rig-veda : Gustave Brunet	Basilio Norberto Tucci Romero
MLU624997437	encargo	no	Caligrafía. El Gran Libro De Lettering Y Diseño	SHEPHERD, MARGARET
MLU624997531	encargo	no	Extracciones Cannábicas -  Zarzuela - Marihuana	Javier Ruano Zarzuela
MLU625015526	encargo	no	Lirios Del Campo Y Las Aves Del Cielo, Los - Kierkegaard,...	Kierkegaard, Soren
MLU625022687	encargo	no	Cómo Ganar Amigos E Influir Sobre Las Personas -ed Grande	Dale Carnegie
MLU625042318	disponible	si	Nuestra Incierta Vida Normal - Rojas Marcos, Luis	Rojas Marcos, Luis
MLU625042599	encargo	no	Evangelio 2023 (bolsillo)	Álvarez Álvarez, Jorge Luis
MLU625048270	disponible	si	Dinosaurios Y Monstruos Prehistoricos Para Principiantes	VV. AA.
MLU625048835	encargo	no	The Walking Dead Vol 1 - Dias Pasados - Robert Kirkman	Kirkman, Robert
MLU625061051	disponible	no	Viviendo En El Futuro - Enrique Dans	ENRIQUE DANS
MLU625061065	encargo	no	Los Compas 8 - Los Compas Y La Aventura En Miniatura	Mikecrack
MLU625068523	encargo	no	Archipiélago Gulag I - Alexandr Solzhenitsyn	Alexandr Solzhenitsyn
MLU625074166	encargo	no	Yo Soy Plex, Epic Battle - Yosoyplex - Martinez Roca	Martínez Roca
MLU625074269	encargo	no	Yosoyplex En El Fin Del Mundo (las Aventuras De Plex 2)	YoSoyPlex
MLU625094580	encargo	no	Quiero Paz - Calap, Paz	Calap, Paz
MLU625100333	encargo	no	Coldplay Tributo Life Technicolor En Español	Croft, Malcolm
MLU625100948	encargo	no	Astrofísica Para Gente Con Prisas - Neil Degrasse Tyson	Tyson, Neil deGrasse
MLU625101134	encargo	no	Lineamientos Para El Cuidado Nutricional - Torresani	TORRESANI, SOMOZA
MLU625107059	encargo	no	Principe Caspian, El Las Cronicas De Narnia 4	Lewis, C. S.
MLU625113803	encargo	no	Jojo's Bizarre Adventure Parte 07: Steel Ball Run 01	Araki, Hirohiko
MLU625126045	encargo	no	Los Besos En El Pan- Almudena Grandes	Almudena Grandes
MLU625126217	encargo	no	Jojo's Bizarre Adventure Parte 07: Steel Ball Run 01	Araki, Hirohiko
MLU625160184	encargo	no	Radiestesia Integral - Ricardo Luis Gerula	Ricardo Luis Gerula
MLU625160249	encargo	no	Charly Queer - Todavia Sigo Siendo Anormal - Soto	Soto, Facundo R.
MLU625166448	disponible	no	Imaginar Un País. España En 2050	Instituto Cervantes
MLU625172833	encargo	no	El Mar, El Mar - Murdoch, Iris	Murdoch, Iris
MLU625173139	disponible	si	Instrumentos De La Critica De Maria Ines Gonzalez	Maria Ines Gonzalez
MLU625179758	encargo	no	La Anomalía - Hervé Le Tellier	Hervé Le Tellier
MLU625179773	disponible	si	Fracaso De La Derecha De Roxana Kreimer	Roxana Kreimer
MLU625186195	encargo	no	Republicas Del Nuevo Mundo De Hilda Sabato	Hilda Sabato
MLU625196884	encargo	no	El Mentiroso - Santiago, Mikel	Santiago, Mikel
MLU625205374	encargo	no	Así Que Esto Es Un Felices Para Siempre, F.t. Lukens	Lukens, F.T.
MLU625205396	encargo	no	Un Santo Para Cada Día - Moreno Ruiz, Antonio	Moreno Ruiz, Antonio
MLU625233750	encargo	no	Elegí Sentirte Bien - Dr. Luis María Delupi	Dr. Luis María Delupi
MLU625257911	encargo	no	Yosoyplex En La Pirámide Maldita (las Aventuras De Plex 1)	YoSoyPlex
MLU625290227	encargo	no	El Talking Manager, Álvaro González - Edición Bolsillo	González-Alorda, Álvaro
MLU625290384	encargo	no	Los Renglones Torcidos De Dios - Torcuato Luca De Tena	Luca de Tena, Torcuato
MLU625340538	encargo	no	Prácticas De Análisis Técnico De Los Mercados Financieros	John J. Murphy
MLU625354181	encargo	no	¿por Qué Como Si No Tengo Hambre? Marian Del Alamo	DEL ALAMO ROBLEDO, MARIA DE LOS ANGELES
MLU625360399	encargo	no	Hazlo Tú Mismo Con Maestros De La Costura - Shine/rtv	Shine RTVE
MLU625360472	encargo	no	Casa - Vivienda - Jardin - Neufert, Neff	NEUFERT, NEFF
MLU625373026	encargo	no	Un Curso De Milagros (segunda Edición Obra Completa), De Fundación Para La Paz Interior., Vol. 1. Editorial Foundation For Inner Peace, Tapa Pasta Blanda, Edición 1 En Español, 2019	FUNDACION PARA LA PAZ INTERIOR
MLU625376310	disponible	si	Bowen Siempre Nosotros Lgbt	Bowen, Sarina
MLU625386795	disponible	no	Todo Messi. Ejercicios De Estilo. Jordi Puntí.	Jordi Puntí.
MLU625393163	encargo	no	El Invernadero Semillero - Fecundacion Asistida Fiv	CRISTINA CORTES VINIEGRA / ZUZENE SEMINARIO MARTINEZ
MLU625393238	encargo	no	El Talking Manager - Gonzalez-alorda, Alvaro	González-Alorda, Álvaro
MLU625399727	disponible	si	El Dulce Y Alocado Verano De Mimi - Larocca, Rajani	LaRocca, Rajani
MLU625408344	disponible	si	Siete Años De Abundancia, Los - Etgar Keret	Keret, Etgar
MLU625424735	encargo	no	Hush, Hush 2. Crescendo - Becca Fitzpatrick	Becca Fitzpatrick
MLU625459807	disponible	si	Osho / El Libro Del Sexo	Osho
MLU625461900	encargo	no	El Economista Callejero - Axel Kaiser Barents-von Hohenhagen	Axel Kaiser Barents-von Hohenhagen
MLU625468417	disponible	si	Solo Es Vida Si Es Verdad - Isha Escribano	Isha Escribano
MLU625479166	encargo	no	Pekolj Cirugía Es Mucho Mas Que Operar	Juan Pekolj
MLU625487390	encargo	no	La Fragilidad De Un Corazón Bajo La Lluvia - Martínez, María	Martínez, María
MLU625497423	encargo	no	Cinco Destinos Oscuros - Kendare Blake	Blake, Kendare
MLU625510924	encargo	no	Sinverguenzas Expresión Corporal Y La Infancia M Penchansky	PENCHANSKY M
MLU625530114	encargo	no	Un Año Con Schopenhauer - Irving D. Yalom	Irving D. Yalom
MLU625677567	encargo	no	Tengo Una Mamá Y Punto	PARDI-BUCHER, FRANCESCA-URSULA
MLU625709595	encargo	no	Leotube 3. Aventura En El Lado Chungo	LeoTube
MLU625737002	encargo	no	Libro 10 Leyes Biodescodificación - Pablo Vazquez Kunz	PABLO VAZQUEZ KUNZ
MLU625745207	encargo	no	Mito De Sisifo - Camus Albert	Camus, Albert
MLU625745212	encargo	no	El Árbol Transgeneracional: Nuestro Sistema Familiar Y Sus Lealtades, De Marta Salvat Balaguer. Editorial Grupal, Tapa Blanda En Español, 2021	Marta Salvat
MLU625753008	encargo	no	Bratva - Gleen Black	Gleen Black
MLU625764162	encargo	no	Libro Los 4 Cerebros De Arantxa De Rafa Guerrero	Rafa Guerrero
MLU625768909	encargo	no	¡yo Sé De Verdad Cómo Se Hacen Los Bebés!. Monsieur Mouch	Mouch, Monsieur/Paz, Maria
MLU625770280	encargo	no	Se Busca Novio - Alexis Hall	Alexis Hall
MLU625772955	encargo	no	Alimentacion Vegetariana En La Infancia - Basulto, Julio	Varios autores
MLU625776918	encargo	no	One Piece 59, La Muerte De Portgas A. Ace - Eiichiro Oda	Eiichiro Oda
MLU625780535	encargo	no	¡es La Microbiota, Idiota! - Arponen, Sari	Arponen, Sari
MLU625781648	encargo	no	Biodescodificación - Nadia Giraudo	NADIA GIRAUDO
MLU625781709	encargo	no	Lencioni El Motivo Empresa Activa	Lencioni, Patrick
MLU625783078	disponible	no	Irrompible Cisco García Superación	García Vena, Francisco
MLU625783128	disponible	si	El Hombre Guionado . Principios De Analisis Transaccional	Patricia Francica / Mario Vazquez
MLU625783468	encargo	no	Libro - Dislexia: Una Forma Diferente De Leer - Rufina Pears	María Rufina Pearson
MLU625783473	encargo	no	Libro Tú Eres Yo - Marta Salvat	Marta Salvat
MLU625785975	encargo	no	Blockchain La Revolución Industrial De Internet - Preukschat	Alex Preukschat
MLU625788184	encargo	no	Biodescodificación - Nadia Giraudo (outlet, Con Detalles)	NADIA GIRAUDO
MLU625789099	encargo	no	Manual Creativo De Minecraft. Ab, Mojang. Harper Coll	Ab, Mojang
MLU625793155	encargo	no	Coco Chanel - Hess, Megan	Megan Hess
MLU625808755	encargo	no	La Cruz De Caravaca - Ediciones Obelisco	Anónimo
MLU625813791	disponible	no	Legalidad Y Legitimidad - Schmitt, Carl	Schmitt Carl
MLU625813802	encargo	no	El Sistema Inmunitario Por Fin Sale Del Armario Sari Arponen	Arponen, Sari
MLU625817794	encargo	no	Moyes, Jojo -  Sigo Siendo Yo	Moyes, Jojo
MLU625822973	disponible	si	Cannabis Consciente - Vergara,karina	Karina Vergara
MLU625822987	disponible	no	Cómo Explicarte El Mundo, Cris - Aberasturi, Andres	ABERASTURI, ANDRES
MLU625829141	encargo	no	Psicopatas Integrados - Pozueco Romero, Jose Manuel	José Manuel Pozueco Romero
MLU625829425	encargo	no	Metallica Back To The Front - Matt Taylor	Matt Taylor
MLU625829523	encargo	no	First For Schools Trainer  Six Practice Tests Without Ans	ELLIOT SUE / TILIOUINE HELEN / O\'DELL FELICITY
MLU625841326	disponible	si	Celos Y Envidia - Soler Sole	Boxaca, Lucas
MLU625860807	encargo	no	Asertividad La Expresion De Una Sana Autoestima - Castanyer	Olga Castanyer Mayer-Spiess
MLU625867085	encargo	no	El Genio En Sus Genes - Church, Dawson	Church, Dawson
MLU625931730	encargo	no	Angela Merkel. Lo Podemos Hacer Política	Angela Merkel
MLU625941661	encargo	no	El Verdadero Pablo Escobar Popeye Narco	Astrid Legarda
MLU625941729	encargo	no	Pide Y Se Te Dara - Hicks Esther , Hicks Jerry	Hicks, Esther / Hicks, Jerry
MLU625942603	encargo	no	Descalza - Cinwololo	Cinwololo
MLU625943693	encargo	no	Braiding Sweetgrass: Indigenous Wisdom, Scientific	Robin Wall Kimmerer
MLU625944816	encargo	no	San Martin , Rosas , Peron De Cristian Vitale	Cristian Vitale
MLU625958893	disponible	si	Cuerpos De Las Últimas Veces, Los - Iñigo Aguas	Aguas, Iñigo
MLU625964118	encargo	no	Venganza Sera Terrible 30 Años, La - Dolina, Alejandro	Alejandro Dolina
MLU625974170	encargo	no	Los Archivos Personales De Stanley Kubrick - Castle, Alison	Castle, Alison
MLU625983836	disponible	si	El Camino Del Corazon Enseñanzas De Yeshua Y Maria	Rose, Sophie
MLU625983905	encargo	no	Estas Para Mas De Daniela De Lucia	Daniela De Lucia
MLU625986980	disponible	si	Ejercicios Que Te Curan: Cómo Corregir Tu Postura Corporal	Dr. Jean Drouin
MLU625987138	encargo	no	Un Día Más En El Universo - Migue Granados / Lucas Fridman	Lucas Fridman
MLU625990153	encargo	no	Angela Merkel De Jesus Maria Silveyra Política	Jesús María Silveyra
MLU626000004	encargo	no	Cuidados Del Caballo : 100 Consejos Y Trucos Del Veterinari	Olivier Laude y Claude Lux
MLU626000076	encargo	no	La Hermandad De Los Astronautas - Ricardo Gil Lavedra	Ricardo Gil Lavedra
MLU626004296	encargo	no	El Sexo De Los Modernos - Eric Marti	Eric Marti
MLU626004827	encargo	no	Como Hacer Perfumes Con Aceites Esenciales - Ramírez	Wagner Ramírez
MLU626010569	disponible	si	Del Plata Al Niágara - Paul Groussac	Paul Groussac
MLU626105827	disponible	si	Emprendedor Quien Lo Lea - Oller, Euge	OLLER, EUGE
MLU626106222	encargo	no	Tesoro Escondido,el - Violet Oaklander - Gestalt	Oaklander, Violet
MLU626106316	encargo	no	Así Es La Puta Vida - Jordi Wild	JORDI WILD
MLU626109769	encargo	no	Libro El Cambio Está En La Mirada - Matías Muñoz - Az	Muñoz, Matías
MLU626109843	encargo	no	Libro We Love Billie Eilish	VV. AA.
MLU626112365	encargo	no	Sueños Y Existencia.terapia Gestaltica / Perls, Fritz	PERLS, FRITZ
MLU626112686	encargo	no	Música De Cine - Partituras Para Aficionados Al Piano	Miguel Angel Fernandez Perez
MLU626129243	encargo	no	El Cambio Está En La Mirada - Matías Muñoz	Matías Muñoz
MLU626131863	disponible	si	Las Mejores Tecnicas De Estudio -  Bernabé Tierno	Tierno, Bernabé
MLU626138414	disponible	si	Motivar A Estudiantes Dificiles  De Curwin Richard	Curwin, Richard
MLU626138603	encargo	no	Mika Sofi Boms 2 - Una Sorpresa Explosiva. Mika Sofi	Mika Sofi BOMS
MLU626143355	encargo	no	Escuchar, Leer & Tocar 1 Saxofon Alto Dehaske	JAAP KASTELEIN_MICHI
MLU626161759	encargo	no	Loserthink - Scott Adams Dilbert Productividad	Scott Adams
MLU626164256	encargo	no	Fuegos Enciende, Polvos Levanta. Solitude Of Alanna.	Solitude of Alanna
MLU626172916	disponible	si	Superar La Adversidad - Rojas Marcos, Luis	Rojas Marcos, Luis
MLU626179787	encargo	no	5 Revistas Comics  Don Nicola Cicuta Pochita Morfoni	Cicuta
MLU626263731	encargo	no	Ni Felices Ni Para Siempre - Newman, Clay Vilaseca	Newman, Clay
MLU626316847	encargo	no	Agua Y Jabón - Marta D. Riezu	Marta D. Riezu
MLU626329943	encargo	no	Estrecho De Bering, El - Carrére, Emmanuel	Carrère, Emmanuel
MLU626342684	encargo	no	¡por Fin Somos Abuelos! Cotinaud, Caroline	Cotinaud, Caroline
MLU626344547	encargo	no	Warren Buffet: Como Invertir Para Generar Riquezas	JAMES O LOUGHLIN
MLU626344554	encargo	no	El Doc En Casa De Diego Montes De Oca	Diego Montes de Oca
MLU626368649	disponible	si	Estuche Bilogía Salvaje Fernández, Bebi	Fernández, Bebi
MLU626374429	encargo	no	Hongos Comestibles - Lechner Bernardo	Bernardo E. Lechner
MLU626388261	encargo	no	Roson Conteo De Hidratos De Carbono 3ed/2016 Nue Env T/pais	Roson Maria Isabel
MLU626418214	encargo	no	El Necronomicón - Alhazred (tapa Dura) Aterciopelado	Abdul Alhazred
MLU626419372	encargo	no	Los Amos Del Mundo Estan Al Acecho - Cristina Martín	Cristina Martín Jiménez
MLU626437323	disponible	si	Jack El Destripador. El Mito Equivocado	Boíza López, Juan Carlos
MLU626442377	encargo	no	Nave Star Trek Romulan Warbird Nueva	ROMULAN WARBIRD
MLU626450486	encargo	no	Guía Para Invertir. Kiyosaki, Robert T	Kiyosaki, Robert T.
MLU626480170	encargo	no	Mundo De Pica Pau, El - Schenkel, Yan Tapa Dura	Yan Schenkel
MLU626484694	encargo	no	Discapacidad : Reflexiones Psicoanaliticas E Intervenciones	Jorge G. Cantis
MLU626591447	encargo	no	Jolly Phonics 2 - Pupil Book	Lloyd, Sue
MLU626637700	encargo	no	Learn With Us 5 Class Book	Ocete
MLU626643248	encargo	no	Esas Cosas Que Nos Pesan Occimorons	Occimorons
MLU626738118	encargo	no	Happy Earth 1 Class Book (new Edition) - Bowler Bill / Parm	Bowler Parminter
MLU626854956	disponible	si	Libro - Amagi - Prakash Khatnani, Sagar	Prakash Khatnani, Sagar
MLU626875782	encargo	no	Cria Del Caballo, Sangre Pura De Carrera: Cesar D. Valle	Cesar D. Valle
MLU626876543	encargo	no	Evangelio 2023 - San Pablo	EQUIPO SAN PABLO
MLU626972752	disponible	si	Nudos Con Paracord. 11 Proyectos Fáciles De Hacer	Drac
MLU626998001	encargo	no	My Little Island 2 - Activity with Songs and chants	Dyson, Leone
MLU627102301	encargo	no	Lo Que Hay - Sara Torres	Sara Torres
MLU627134694	encargo	no	Hierba - Gendry-kim, Keum Suk	Keum Suk Gendry-Kim
MLU627167116	encargo	no	Hijos Del Cielo. Cristina Martín Jiménez.	Cristina Martín Jiménez.
MLU627206359	encargo	no	Método 369. Nikola Tesla	Nikola Tesla
MLU627213203	encargo	no	Vive Tu Vida - Rojas, Enrique	Rojas, Enrique
MLU627251674	encargo	no	Evangelio 2023 Papa Francisco Bergoglio	Álvarez Álvarez, Jorge Luis
MLU627417226	encargo	no	Mereces Lo Que Sueñas - Rock Nacional Para Pintar - Cinwolol	Cinwololo
MLU627417853	encargo	no	Los 100 Mandamientos Del Orden Y La Limpieza - Brenda Haines	Brenda Haines
MLU627417868	encargo	no	El Camino Del Lobo, De Belfort, Jordan. Editorial Oceano, Tapa Blanda En Español	Belfort, Jordan
MLU627417882	disponible	si	Libro Un Psicólogo En Tu Equipo- Emilio Gonzalez	González Nosti, Emilio
MLU627417887	encargo	no	Libro - Invicto: Logra Más, Sufre Menos - Marcos Vázquez	Marcos Vázquez García
MLU627418736	encargo	no	Avatar De Estilo - Corine Fonrouge - Grijalbo	Corine Fonrouge
MLU627467791	encargo	no	La Bolsa O La Vida - Robin, Vicki Domínguez, Joe	DOMINGUEZ JOE ROBIN VICKI
MLU627482809	encargo	no	Libro Las Trampas Del Deseo	Ariely, Daniel
MLU627483608	encargo	no	Libro Avatar De Estilo - Corine Fonrouge - Grijalbo	Corine Fonrouge
MLU627540585	encargo	no	Mejores Directivos, Mejores Instituciones Educativas	Laura Lewin
MLU627541229	encargo	no	Comportamiento Organizacional 15/ed.	Stephen P. Robbins y Timothy A. Judge
MLU627541244	encargo	no	Libro Perdidos - Martin Jimenez, Cristina	MARTIN JIMENEZ, CRISTINA
MLU627541269	encargo	no	Libro Trilogía Fuego 1. Ciudades De Humo - Joana Marcús	Joana Marcús
MLU627541612	encargo	no	Fairy Oak 2 El Encanto De La Oscuridad - Elisabetta Gnone	Elisabetta Gnone
MLU627542502	encargo	no	Evolucion Humana - Cela Conde, Camilo Jose	Francisco J. Ayala
MLU627546969	encargo	no	La Piramide Roja (las Cronicas De Los Kane 1), De Riordan, Rick. Editorial Montena, Tapa Blanda En Español	Riordan, Rick
MLU627547984	encargo	no	Fairy Oak 2 El Encanto De La Oscuridad - Elisabetta Gnone	Elisabetta Gnone
MLU627577504	encargo	no	Spawn Integral 3 Todd Mcfarlane	Todd McFarlane
MLU627577947	encargo	no	Libro Cuando Digo No Me Siento Culpable	Smith, Manuel J.
MLU627578597	encargo	no	Libro Signos, Opuestos O Complementarios? - Melina Laneri	Melina Laneri
MLU627578602	encargo	no	Mi Camita - J S Pinillos - Destino - Libro	J. S. Pinillos
MLU627578613	encargo	no	Asesinato De La Profesora De Lengua - Sierra I Fabra,jordi	Sierra I Fabra, Jordi
MLU627578614	encargo	no	Libro Mas Respeto Que Soy Tu Madre Editorial Orsai De Hernan Casciari En Español	Hernán Casciari
MLU627583109	encargo	no	Botanica Oculta Las Plantas Magicas - Paracelso - Kier Libro	Paracelso
MLU627583831	disponible	si	Curate A Ti Mismo De Edward Bach	GRECCO EDUARDO
MLU627583839	encargo	no	El Gran Libro De Los Artefactos - Harry Potter - J. Revenson	Jody Revenson
MLU627584111	encargo	no	Por Qué Volvías Cada Verano - Belen Lopez Peiró	Belén López Peiró
MLU627589593	encargo	no	De 0 A 3 ¿nada De Pantallas? - Ramis, Anna	Ramis Anna
MLU627590263	encargo	no	Libro Proyectos De Instalaciones Electricas De Baja Tension	Maria Asuncion Leon Blasco
MLU627590275	encargo	no	Libro - Despertar Un Viaje Llamado Vida - Serna Nico	Serna Nico
MLU627590287	encargo	no	Libro El Póquer Del Mentiroso - Lewis, Michael	Lewis, Michael
MLU627590300	encargo	no	Libro Cultivos Hidroponicos - Reshm H.m.	RESHM H.M.
MLU627596686	encargo	no	Libro Las 4 Disciplinas De La Ejecucion - Mcchesney, Chris/c	MCCHESNEY, CHRIS/COVEY, SEAN
MLU627596706	encargo	no	Pan De Garage - Germán Torres	Germán Torres
MLU627597117	disponible	si	El Deportista Perfecto - Miguel Simon	Miguel Simon Costhanzo
MLU627602526	encargo	no	El Dibujo Al Alcance De Todos - Andrew Loomis	Andrew Loomis
MLU627603207	encargo	no	Libro El Código Federer - Stefano Semeraro - Córner	Stefano Semeraro
MLU627603211	encargo	no	Libro - Diseñar El Desorden - Pablo Sendra Y Richard Sennett	Pablo Sendra - Richard Sennett
MLU627603212	encargo	no	Libro I. Tecnicas Proyectivas De Graciela Celener	Graciela Celener
MLU627609495	encargo	no	Meditaciones Marco Aurelio Estoicos Tapa Dura	Marco Aurelio
MLU627609598	encargo	no	Judios Conversos Saban Antepasados Judias	Mario saban
MLU627722135	encargo	no	La Voz De La Madre De Silvia Arazi - Emecé	Silvia Arazi
MLU627726410	encargo	no	Guía Terapéutica En Intensivos Pediátricos (7ª Edición)	VV. AA.
MLU627742498	encargo	no	Viven Tragedia Andes Piers Read Uruguay	READ PAUL PIERS
MLU627767542	encargo	no	La Voz De La Madre De Silvia Arazi - Emecé	Silvia Arazi
MLU627774428	encargo	no	En El Cafe De Los Existencialistas - Sarah Bakewell	Bakewell, Sarah
MLU627775428	encargo	no	Cazadores De Sombras: Los Origenes - 3 Princesa Mecánica	Cassandra Clare
MLU627784752	encargo	no	Viven El Triunfo Del Espiritu Humano - Read Paul Piers	Piers Paul Read
MLU627862708	encargo	no	First Expert - Third Edition - Coursebook With Myenglishlab	Bell, Jan
MLU627903127	disponible	si	El Mesías De Las Plantas - Carlos Magdalena	Magdalena, Carlos
MLU627903142	encargo	no	Si Lo Crees,lo Creas - Brian Tracy	Brian Tracy
MLU627912678	encargo	no	Parte De La Felicidad - Dolores Gil	Dolores Gil
MLU627912698	encargo	no	Has Llamado A Sam - Dustin Thao - Kiwi	Dustin Thao
MLU627912701	encargo	no	Una Familia Anormal ( Pack ): Estuche Relanzamiento, De Lyna Vallejos. Una Familia Normal Editorial Altea, Tapa Blanda, Edición 2022 En Español, 2022	Lyna Vallejos
MLU627929142	encargo	no	Libro Alarga Tu Esperanza De Vida - David Sinclair - Random	David Sinclair
MLU627948583	encargo	no	Libro Mis Padres Ya No Viven Juntos... Ahora Son Amigos	SORO, ELISA/SORO, CARLES
MLU627968092	encargo	no	Doma , De Potro A Caballo - José M Peschiera Hemisferio Sur	PESCHIERA, J. M.
MLU627968123	disponible	si	Mesias De Las Plantas,el - Carlos Magdalena	Magdalena, Carlos
MLU627973154	encargo	no	Complete Business Studies For Cambridge Igcse & O Le	Brian Titley
MLU627974641	encargo	no	Alarga Tu Esperanza De Vida - Sinclair, David A. /d. Laplant	SINCLAIR, DAVID A./LAPLANTE, MATTHEW D.
MLU628008553	encargo	no	Querida Autora - Cecilia Pisos	Cecilia Pisos
MLU628031192	encargo	no	El Principio De La Presión. Dave Alred, Mbe	Alred MBE, Dave
MLU628031200	disponible	si	Coordinando Grupos Jasiner Graciela	Jasiner Graciela
MLU628031247	encargo	no	De Agua Y Espiritu - Some,malidoma	Somé, Malidoma
MLU628031491	disponible	no	Francotiradora De Stalin,la - Lyudmila Pavlichenko	Pavlichenko, Liudmila
MLU628031492	encargo	no	Libro ¿qué Necesito Cuando Me Enfado? - Garcia, Tania/apar	GARCIA, TANIA/APARICIO, NURIA
MLU628032142	encargo	no	Verano En Que Mi Madre Tuvo Los Ojos Verdes - Tibuleac Tati	Tibuleac, Tatiana
MLU628038426	disponible	si	Política Y Hospitalidad - Penchaszadeh, Ana Paula (papel)	Penchaszadeh, Ana Paula
MLU628040854	encargo	no	Pack Relanzamiento: Una Familia Anormal - Lyna Vallejos	Lyna Vallejos
MLU628043938	encargo	no	Deadpool Origen + Nº 1000ed Aumentada  Varios Autores	VV. AA.
MLU628044227	encargo	no	Tony Stark Iron Man 04 Los Planes De Ultron - Slott, Gage Y	Slott Gage Y Otros
MLU628044244	encargo	no	Con Mi Voz Y Tus Manos - Sandy Senes - Continente - Libro	SENES SANDY
MLU628044253	encargo	no	Libro: Pedagogías De Las Diferencias ( Carlos Skliar)	Carlos Skliar
MLU628044484	encargo	no	Libro Creepypastas	Hijo, Tomás
MLU628044485	encargo	no	Universo De Lo Sencillo,el - Arribas,pablo	Arribas, Pablo
MLU628044492	disponible	si	Libro De Cero A Uno Antroposófica Paulien Bom Y Machteld	Paulien Bom
MLU628047392	encargo	no	Buenos Presagios - Terry Pratchett	terry Pratchett
MLU628050665	encargo	no	Libro Pelajes Criollos De Emilio Solanet	Emilio Solanet
MLU628050700	encargo	no	Libro - La Revolución De La Glucosa - Jessie Inchauspé	Inchauspé, Jessie
MLU628091773	encargo	no	Libro Todas Tus Lunas - Facen, Erica Noemi	Facen, Erica Noemí
MLU628091793	encargo	no	Libro La Noche Estrellada - Liao, Jimmy	LIAO, JIMMY
MLU628092019	encargo	no	Costureras De Auschwitz, Las - Lucy Adlington	LUCY ADLINGTON
MLU628097787	encargo	no	¿ Y Vos Qué Pensás ? Viaje Filosófico - Florencia Sichel	Florencia Sichel
MLU628097946	encargo	no	Mimosaurio - Barco De Vapor Los Piratas	Pez, Alberto
MLU628097949	disponible	si	Duermete Lindo	AUTOR
MLU628097952	encargo	no	Cartas A Lucilio - Seneca	Séneca
MLU628097984	encargo	no	Tesoros De Harry Potter Ed.actualizada,los - Aa. Vv.	VV. AA.
MLU628098030	encargo	no	23 Razones (novedad) - Cinwololo	Cinwololo
MLU628098259	disponible	si	Nací Para Ser Breve: María Elena Walsh - Massuh, Gabriela	Massuh, Gabriela
MLU628098261	encargo	no	Toda La Felicidad Del Universo - Cesar Brandon Ndjocu	Ndjocu, Cesar Brandon
MLU628098274	encargo	no	Ser Adoptado. Reflexiones Y Herramientas Practicas	MATEO, Carmen
MLU628098275	encargo	no	Libro Del Amor Propio Al Amor Al Otro - Pilar Sordo	Pilar Sordo
MLU628098278	encargo	no	Un Elefante En El Living: Historias Sobre Lo Que Sentimos Y No Nos Animamos A Hablar, De Juan Tonelli., Vol. 1. Editorial Grijalbo, Tapa Blanda, Edición 1 En Español, 2021	Juan Tonelli
MLU628098282	encargo	no	La Silla Vacía, Rabi Nachman De Breslau, Olañeta	Rabi Nachman De Breslau
MLU628104628	encargo	no	Manual De Los Principios Quirurgicos En Pequeños Animales	BAINES, LIPSCOMB Y HUTCHINSON
MLU628104835	encargo	no	Brujulas Que Buscan Sonrisas Perdidas - Espinosa,albert	Espinosa, Albert
MLU628104836	encargo	no	Libro Caperucita Roja - Gilles Bizouerne / Barroux	Barroux
MLU628104852	encargo	no	Tesoro De Sammy, El	Menendez, Laura
MLU628104855	encargo	no	Teoría Y Técnica De Psicoterapias - Héctor J. Fiorini	Hector Juan Fiorini
MLU628104856	encargo	no	Los Arcangeles - Miller Russo - Obelisco - Libro	Linda y peter Miller-Russo
MLU628104858	disponible	si	Afrodisiacos Naturales Guia De Nutrientes Que Favorecen El	Sahelian Ray
MLU628106780	encargo	no	Los Doce Códigos Del Amor- Abril, Elva.	Abril, Elva
MLU628108399	encargo	no	Jojo's Bizzarre Adventure Parte 7: Steel Ball Run 02.	Araki, Hirohiko
MLU628130004	encargo	no	Cinco Mandamientos Para Tener Una Vida Plena,los Dbc - Wa...	Ware, Bronnie
MLU628130007	encargo	no	La Empresa Consciente. Cómo Construir Valor Fredy Kofman	Kofman Fredy
MLU628130068	encargo	no	Libro Cautivar	Van Edwards, Vanessa
MLU628130111	disponible	si	Graffiti Ninja - Zona Libre	Aguirre, Osvaldo
MLU628130348	encargo	no	Cuphead 1 Lances Comicos Y Desatinos - Zack Keller	ZACK KELLER
MLU628130349	encargo	no	Guía Práctica De La Curación Por Las Flores De Bach - Gotz B	Gotz Blome
MLU628130352	disponible	si	Libro: Mis Ganas Ganan. Nadie Nos Ha Prometido Un Mañana, Vi	Huelva, Elena
MLU628149491	encargo	no	Listas Para La Party - Karina & Marina,	Karina & Marina
MLU628149508	encargo	no	Libro La Trama De Los Grupos, De Graciela Jasiner. Lugar Editorial, Tapa Blanda	Graciela Jasiner
MLU628149593	disponible	si	Leonor De Aquitania	dupont-monod, clara
MLU628149594	encargo	no	Libro Encuentro Con Nuestro Ser - Sayve, Carmen De/arellano,	Sayve, Carmen De/Arellano, Jocelym
MLU628149812	disponible	si	Rectángulo Y Flecha - (camilo Blajaquis), Cèsar Gonzalez	Gonzalez Cesar (Camilo Blajaquis)
MLU628149822	encargo	no	Un Mundo Donde Quepan Todes - Esi Con Perspectiva Travesti	Gabriela Mansilla
MLU628149824	disponible	si	Pan De Campo De Germán Torres Editorial Planeta	Germán Torres
MLU628149825	encargo	no	Libro - Pon El Cielo A Trabajar - Slatter Jean	SLATTER, JEAN
MLU628149826	encargo	no	Todo Va A Mejorar - Almudena Grandes	Almudena Grandes
MLU628149829	encargo	no	Las Pequeñas Virtudes - Natalia Guinzburg	Natalia Guinzburg
MLU628149831	encargo	no	The Walking Dead Vol 32: Descansa En Paz- R. Kirkman	Kirkman - Adlard - Gaudiano - Rathburn
MLU628156011	encargo	no	Libro Exhalación - Ted Chiang	Chiang, Ted
MLU628156014	encargo	no	Nueve Lunas - Gabriela Wiener	Gabriela Wiener
MLU628156031	encargo	no	Creacion Del Patriarcado,la - Lerner,gerda	Lerner, Gerda
MLU628156342	encargo	no	Medianoche Escalofriante En El Castillo De La Cala - Stilton	Gerónimo Stilton
MLU628161513	encargo	no	Cuestiones Cuanticas - Ken Wilber	Wilber, Ken
MLU628161516	encargo	no	Libro - No Quiero Matarte - Wells, Dan	Dan Wells
MLU628161747	encargo	no	Libro Manual De Trenzado Y Artesanias En Cuero De Lopez Osor	Lopez Osornio
MLU628161748	encargo	no	Voy A Ser Mamá. Para Recuerdos Muy Especiales Varios	Varios
MLU628168011	encargo	no	Libro La Piel - Eva Rotenberg - Lugar Editorial - Lugar	Eva Rotenberg
MLU628168013	encargo	no	Libro Injusticia Epistèmica - Fricker, Miranda	FRICKER, MIRANDA
MLU628170035	disponible	si	Los Intercesores Del Opus Dei. Muñiz, Enrique. Rialp	Enrique Muñiz
MLU628195941	encargo	no	La Insumisa De Cristina Peri Rossi	Cristina Peri Rossi
MLU628207497	encargo	no	Los Doce Códigos Del Amor- Abril, Elva.	Abril, Elva
MLU628214839	encargo	no	El Libro Que Ojalá Tus Padres Hubieran Leído. Perry,	Perry, Philippa
MLU628306106	encargo	no	El Ruiseñor - Hannah, Kristin	Hannah, Kristin
MLU628331159	encargo	no	Leotube 4. El Gran Torneo Galáctico - Leotube	LeoTube
MLU628337520	disponible	si	108 Fórmulas Mágicas Para Tu Día A Día -  Swami Manuel	SWAMI MANUEL
MLU628417700	disponible	si	Cuando A La Gente Buena Le Pasan Cosas Malas- Kushner	Harold Kushner
MLU628430763	encargo	no	Sánate - Lepera, Nicole	LePera, Nicole
MLU628463146	encargo	no	Ejercicios Espirituales - San Ignacio De Loyola	Santo Ignacio de Loyola
MLU628478486	encargo	no	Ahora Que Lo Pienso / Martin Blasco	Martin Blasco Ximena Gracia
MLU628478526	encargo	no	Desde El Jardin (coleccionpactos 9) - Kosinski Jerzy	KOSINSKI, JERZY
MLU628486925	encargo	no	Jojo S Bizarre Adventure Parte 7: Steel Ball Run 3	Hirohiko Araki
MLU628506196	encargo	no	La Dieta De La Longevidad - Longo, Valter	Longo, Valter
MLU628506221	encargo	no	Yo, Claudio Robert Graves	GRAVES, ROBERT
MLU628756927	disponible	si	El Asunto - Von Rebeur Ana (libro)	VON REBEUR ANA
MLU628756930	encargo	no	El Libro Que Ojala Tus Padres Hubieran Leido (y Que A Tus...	Perry, Philippa
MLU628756958	disponible	si	Libro Motivar A Estudiantes Dificiles	Curwin, Richard
MLU628770055	encargo	no	Querida Autora - Torre De Papel Roja	Pisos, Cecilia
MLU628770085	encargo	no	Libro San Martin , Rosas , Peron De Cristian Vitale	Cristian Vitale
MLU628776534	encargo	no	Tecnica Bonsai - Naka,k.	NAKA, JOHN YOSHIO
MLU628776535	encargo	no	Libro Se Busca Novio - Alexis Hall - Molino	Alexis Hall
MLU628776569	encargo	no	Libro Agua Y Jabon - D. Riezu, Marta	D. RIEZU, MARTA
MLU628776570	encargo	no	Hongos Comestibles - Lechner, Bernardo E. (papel)	Lechner, Bernardo E.
MLU628776573	encargo	no	La Averia - Los Anotadores - La Estacion	Dürrenmatt, Friedrich
MLU628782798	encargo	no	Libro La Seleccion (serie La Seleccion 1) /kiera Cass	Kiera Cass
MLU628782800	encargo	no	Libro Creciendo Con Amor Antroposofica Papel Local	Gonzalez Rena Ignacia
MLU628782802	encargo	no	Sentir Y Pensar 1 - Sm	SM
MLU628782803	disponible	si	Sentir Y Pensar 3 - Sm	SM
MLU628782807	encargo	no	Libro Has Llamado A Sam - Dustin Thao - Kiwi	Thao, Dustin
MLU628782843	encargo	no	El Fetichismo De La Marginalidad - Cesar Gonzalez	GONZALEZ CESAR
MLU628795851	disponible	si	Libro El Dulce Y Alocado Verano De Mimi	LaRocca, Rajani
MLU628795852	encargo	no	Libro: Manual Creativo De Minecraft. Ab, Mojang. Harper Coll	Ab, Mojang
MLU628795853	encargo	no	Por Que Volvias Cada Verano - Belen Lopez Peiro	Belén López Peiró
MLU628795888	encargo	no	Pide Y Se Te Dará Hicks	Hicks, Esther
MLU628795890	encargo	no	Lineamientos Para El Cuidado Nutricional - Maria Ines Somoza	Maria Ines Somoza / Maria E. Torresani
MLU628795892	encargo	no	Quién, No Cómo	Sullivan, Dan
MLU628802467	encargo	no	Libro Guía De Cannabis Para La Mujer - Nikki Furrer- Ariel	Nikki Furrer
MLU628802470	encargo	no	Libro - Introducción A La Obra De Melanie Klein	Hanna Segal
MLU628802473	disponible	si	Sentir Y Pensar 2 - Sm	SM
MLU628802474	encargo	no	Libro - Tengo Una Mamá Y Punto	Pardi, Francesca
MLU628802475	encargo	no	Libro: ¡yo Sé De Verdad Cómo Se Hacen Los Bebés!. Mouch, Mon	Mouch, Monsieur/Paz, Maria
MLU628802477	encargo	no	Territorios Improbables - Torrijos Leon, Pedro	TORRIJOS LEON, PEDRO
MLU628802503	encargo	no	Libro Caligrafía. El Gran Libro De Lettering Y Diseño	SHEPHERD, MARGARET
MLU628802508	encargo	no	Maze Runner - Virus Letal - El Comienzo - James Dashner	Dashner, James
MLU628832173	encargo	no	Rivales En El Instituto - Karina & Marina	Karina & Marina
MLU628832176	encargo	no	Libro Coaching - Jhon Whitmore - Paidós	Jhon Whitmore
MLU628832178	encargo	no	Berta Convive Con El Coronavirus (mi Amiga Berta) - Schneide	Schneider, Liane
MLU628832180	encargo	no	Artemisia - Anna Banti	Banti, Anna
MLU628832185	encargo	no	Libro Jojo Bizarre Adventure Parte 7: Steel Ball Run 2	Hirohiko Araki
MLU628832221	encargo	no	Libro Descalza - Cinwololo - Sudestada	Cinwololo
MLU628838458	disponible	si	Conversaciones Con Steve Jobs - Jobs * Confluencias	STEVE JOBS
MLU628838462	disponible	si	Libro - Un Extraño A La Orilla Del Mar	Kii, Kanna
MLU628838463	encargo	no	Warren Buffet : Como Invertir Para Generar Riquezas - Profit	O'Loughlin, James
MLU628838465	encargo	no	Libro Parte De La Felicidad - Dolores Gil	Dolores Gil
MLU628838492	encargo	no	El Sexo De Los Modernos - Eric Marty - Libro Manantial	Eric Marty
MLU628838493	encargo	no	El Circo De Los Pueblos - Jose Ignacio Llados	José Ignacio Lladós
MLU628838494	encargo	no	¡por Fin Somos Abuelos! - Cotinaud, Caroline	Cotinaud, Caroline
MLU628838497	encargo	no	Coldplay: Life In Technicolor: Un Tributo A Coldplay, De Wild Debs. Editorial Cúpula, Tapa Dura En Español, 2018	Wild Debs
MLU628838498	disponible	si	Libro - Nuestra Incierta Vida Normal	Rojas Marcos, Luis
MLU628838500	encargo	no	Libro Los Renglones Torcidos De Dios - Torcuato Luca De Tena	Luca de Tena, Torcuato
MLU628838502	disponible	si	Precariedad - Montero, Diana - 2022 Editorial Martinez Roca	Diana Montero
MLU628844908	encargo	no	One Piece 59, La Muerte De Portgas A. Ace - Eiichiro Oda	Oda, Eiichiro
MLU628844909	encargo	no	La Dieta Keto: Tu Plan De 30 Dias Para Perder Peso, Equilibr	Josh Axe
MLU628851351	disponible	si	Libro Orden De Embargo - Bill Browder - Roca Editorial	Browder, Bill
MLU628851354	encargo	no	La Vaca Sus Miedos Ataca - Lynch / Barletta - Libro Ateneo	Agustina Lynch / Diego Barletta (ilustrador)
MLU628851355	encargo	no	La Vaca Y La Espinaca - Lynch Agustina	Lynch Agustina
MLU628851356	disponible	si	Libro Chibi - Varios Autores - Magazzini Salani	Varios autores
MLU628851361	encargo	no	Roson Conteo De Hidratos De Carbono 3ed/2016 Nue Env T/pais	Roson Maria Isabel
MLU628851363	encargo	no	Peschiera: Doma De Potro A Caballo	PESCHIERA, J. M.
MLU628851409	encargo	no	Libro Yo Soy Plex Y La Pirmide Mldita - Yosoyplex	Yo Soy Plex, Epic Battle -
MLU628859796	disponible	si	Todos Somos Estrellas. Meera Lee Patel	Patel, Meera Lee
MLU628903796	encargo	no	El Español Coloquial En Las Redes Sociales	Mancera Rueda, Ana
MLU628903838	disponible	si	Muerte No Existe, La - Sixto Paz Wells	Sixto Paz Wells
MLU628909901	encargo	no	Tierra En Llamas, La - Bernard Cornwell	Bernard Cornwell
MLU628929239	encargo	no	Tu Calma Empieza Aquí - Meera Lee Patel	Patel, Meera Lee
MLU629000374	encargo	no	Historias Amor Transgeneracionales Suimei Chung	Suimei Chung Bustos
MLU629105420	encargo	no	Enciclopedia Del Espacio 4d	Anónimo
MLU629112002	encargo	no	Melancolía De Izquierda - Enzo Traverso	Enzo Traverso
MLU629124796	disponible	si	Springfield Confidencial - Los Simpson Reiss	Mike Reiss
MLU629125153	encargo	no	Princesa De Cenizas - Laura Sebastian	Sebastian, Laura
MLU629163531	encargo	no	Hermanos Tremending 3. Estrellas De Hollywood	Hermanos Tremending
MLU629169836	encargo	no	Hermanos Tremending 1. El Efecto Mariposa (t.dura)	Hermanos Tremending
MLU629183674	encargo	no	Learn With Us 3 Class Book With Entry Book	Reilly, Vanessa
MLU629240572	disponible	si	Orsai 8 Valija De Messi Hernan Casciari	Orsai
MLU629312239	encargo	no	Palmeras En La Nieve - Gabás, Luz	Gabás, Luz
MLU629313692	encargo	no	Bitácora Astrológica - Vera Alimonda	Vera Alimonda
MLU629316525	encargo	no	Comer Y Adelgazar Se Puede, Karlos Arguiñano, Bainet	Karlos Arguiñano, Bainet
MLU629334807	encargo	no	Hágase La Luz Manos Que Curan 2. Bárbara Ann Brennan	Brennan
MLU629338112	encargo	no	La Biblioteca De La Medianoche - Matt Haig	Matt Haig
MLU629345840	encargo	no	El Quinteto De Nagasaki De Aki Shimazaki	Aki Shimazaki
MLU629364253	encargo	no	El Nuevo Orden Mundial - Martín Lozano	Martín Lozano
MLU629370965	encargo	no	Look 2 - A Reading Anthology For Young Learners	Wilson, Rachel
MLU629371277	encargo	no	Master The Markets. Tom Williams. ( Outlet )	Tom Williams
MLU629371931	encargo	no	Nikola Tesla El Hombre Que Invento El Siglo Xx	González Casas, Charo
MLU629402257	encargo	no	Combo Emociones: Te Quiero Siempre + El Día Que Mamá Dragón	Lopez Medus, Steverlynck
MLU629406865	encargo	no	¿ Que Comemos ? - Jorge Dotto	Jorge Dotto
MLU629415733	encargo	no	Freak The Mighty  Hb    20th Anniversary Edition	Philbrick, Rodman
MLU629439283	disponible	si	Mi Viaje Sin Ti: Lo Que Queríamos Ser Y No Fuimos	Alejandro Sequera
MLU629466049	encargo	no	Yo Soy Yo - Mira Lobe	Lobe, Mira
MLU629502251	disponible	si	El Camino Del Arquero. Coelho, Paulo/niemann, Christo	Coelho, Paulo/Niemann, Christoph
MLU629508637	encargo	no	Hyperfocus - Chris Bailey	CHRIS BAILEY
MLU629508699	encargo	no	Guía Bíblica 2023. Vv.aa.. Verbo Divino	VV. AA.
MLU629527859	encargo	no	Invasion, Plague And Murder: Britan 1066-1558. Curriculum	Wilkes, Aaron
MLU629529595	disponible	si	La Ciudad Perfecta  ( Nva Ed ) De Laura Escudero	Escudero, Laura
MLU629547125	encargo	no	Hola Menstruacion - Yumi Stynes	Stynes, Yumi
MLU629547143	encargo	no	Manifiesto Para Los Heroes De Cada Dia Robin Sharma	Robin Sharma
MLU629553212	encargo	no	Pip's Phonics 1 Student's Packs	RICHMOND PUBLISHING
MLU629554885	encargo	no	Un Minuto Para Triunfar - Karina & Marina	Karina & Marina
MLU629565847	encargo	no	Maus, De Spiegelman, Art. Editorial Sudamericana, Tapa Blanda, Edición 1 En Español, 2014	Spiegelman, Art
MLU629635962	disponible	no	Desde El País De Los Blancos Ousman Umar Tapa Dura	Umar, Ousman
MLU629643534	encargo	no	Generación Dopamina - Anna Lembke	LEMBKE, ANNA
MLU629649128	encargo	no	Decir El Mal. Carrasco-conde, Ana. Galaxia Gutenberg	CARRASCO-CONDE, ANA
MLU629649418	encargo	no	Geronimo Stilton 74 Hay Un Pirata En Internet - Stilton	Stilton, Geronimo
MLU629654727	encargo	no	Tus Celulas Se Van Viaje, Swami Manuel	MANUEL SWAMI
MLU629656091	disponible	si	El Ayuno Contra El Cáncer - Longo	Longo, Valter
MLU629659857	encargo	no	Introducción A Las Doctrinas Esotéricasdel Islam Burckhardt	Burckhardt
MLU629659881	encargo	no	Peces De Río De La Plata Guía Bolsillo Triptico Tizio Ecoval	Nicolas Tizio
MLU629667209	encargo	no	Manual Para Sentir Las Energias Swami Manuel	SWAMI MANUEL
MLU629674392	encargo	no	Personas Altamente Sensibles - Zegers, Karina	ZEGERS, KARINA
MLU629675120	encargo	no	Tus Proximas Cinco Jugadas - Patrick Bet-david	Bet-David, Patrick
MLU629688436	encargo	no	Premio Edebe 2015 Mentira - Santos Torres, Care	Santos Torres, Care
MLU629688656	encargo	no	Procrastinacion - Steel, Piers	PIERS STEEL
MLU629692519	encargo	no	Evolutio: 144 Formas De Descubrir Tu Energía Swami Manuel	SWAMI MANUEL
MLU629702150	encargo	no	Los Templarios - Jones, Dan	Jones, Dan
MLU629728326	encargo	no	Canciones Inolvidables. Letras Y Acordes. Piano Y Guitarra	Francisco Vazquez
MLU629748739	encargo	no	Funciones Ejecutivas. Introzzi, Isabel	Isabel Introzzi - Lorena Canet
MLU629748763	encargo	no	Personal Best B1+ Split 1b Intermediate - Sb + Wb	Scrivener, Jim
MLU629802940	encargo	no	Inmune Dettmer  Un Viaje Al Misterioso Sistema	DETTMER, PHILIPP
MLU629803428	encargo	no	Es Navidad, Stilton	Stilton, Geronimo
MLU629803534	encargo	no	Los Gigantes De Las Colinas Chocolate - Stilton Geronimo	Stilton, Geronimo
MLU629813732	encargo	no	La Reina. Polo Alonso, Ana. Esfera De Los Libros	POLO ALONSO, ANA
MLU629813834	encargo	no	Nunca Terminar 2do Libro Goggins Puedes Lastimar	David Goggins
MLU629815408	encargo	no	Coaching Nutricional - Fleta, Yolanda	Fleta, Yolanda
MLU629823028	encargo	no	Wider World 3 Students' Book & Ebook	Carolyn Barraclough
MLU629864074	encargo	no	Complete Preliminary For Schools Students Book Without Answ	Peter May
MLU629864764	encargo	no	Crumbs From The Table Of Joy (nhb Modern Plays)	Lynn Nottage
MLU629864846	encargo	no	Vidas En Positivo - Asensio, Ana	Asensio, Ana
MLU629872864	encargo	no	New Proficiency Testbuilder Pack With Key (4th.edition)	Harrison, Mark
MLU629877738	encargo	no	Geniotipo. Estruch, Tony. Descubre Genio	Estruch, Tony
MLU629891370	encargo	no	Collins A2 Key For Schools: 8 Practice Tests W/audio	Sarah Jane Lewis
MLU629901136	disponible	no	Charlotte S Web - Puffin **new Edition**	White, E. B.
MLU629928027	encargo	no	Inteligencias Multiples - Biblioteca Innovacion Educativa	Ibarrola López De Davalillo, Begoña
MLU629940069	encargo	no	Jugar Es Cosa Seria - Baraldi	BARALDI
MLU629940071	encargo	no	Saltar De La Cuna - Gabriela Insua	Gabriela Insua
MLU629940081	encargo	no	Libro Juliana Esencial / Juliana Lopez May - La Vuelta A Una	Lopez May, Juliana
MLU629940083	encargo	no	Las Cuatro Estaciones	Lopez May, Juliana
MLU629940087	encargo	no	Quienés Construyeron El Rio De La Plata ? - Juliana Gandini	Maria Juliana Gandini
MLU629940093	encargo	no	Libro 10 Aã¿os De Masterchef - Shine	Shine
MLU629940097	disponible	no	Libro Siempre Estuve Ahí - Oliver Nash - Aguilar	Oliver Nash
MLU629940105	encargo	no	Compas 8: Los Compas Y La Aventura En Miniatura - Mikecrack	Mikecrack
MLU629940115	encargo	no	Libro: Crisis, ¿estás Preparado Para Crecer?. Corbera, Enric	Corbera, Enric
MLU629940125	disponible	si	Emprendedor Quien Lo Lea - Oller, Euge	OLLER, EUGE
MLU629940137	encargo	no	Libro Generación Dopamina - Anna Lembke - Urano	Anna Lembke
MLU629940185	encargo	no	Harry Potter. Destroza Este Horrocrux	Potter, Harry
MLU629942545	encargo	no	Ferreira Romero: Alimente Sus Pastos Con Sus Animales	FERREIRA ROMERO, Nilo
MLU629952459	disponible	si	El Gran Libro De La Mitología Griega, De Robin Hard., Vol. 1.0. Editorial La Esfera De Los Libros, Tapa Blanda, Edición 2009 En Español, 2009	Robin Hard
MLU629952461	disponible	si	Enemigo Intimo - Gabriela Arias Uriburu - Libro Kier	ARIAS URIBURU GABRIELA
MLU629952463	encargo	no	Infancias En Estado De Excepcion	Minnicelli Mercedes
MLU629952473	encargo	no	Hada De Fresa El Hada Que Nacio Sin Alas - Eva R. Labella	R. Labella, Eva
MLU629952475	disponible	si	Los Límites, Un Mensaje De Cuidado - Gerstenhaber Claudia Es	Gerstenhaber Claudia Ester
MLU629952479	encargo	no	Epic Battle - Yosoyplex	YoSoyPlex
MLU629952481	encargo	no	Republicas Del Mundo - Hilda Sabato - El Experimento P	SABATO HILDA
MLU629952485	encargo	no	Ynsa Craneopuntura De Yamamoto 3a Edicion, De Juan Hahn	Juan Hahn
MLU629952491	encargo	no	La Generacion De Cristal - Calvo	Calvo, Sofia
MLU629952493	encargo	no	Libro Baile De Las Mujeres Sabias - Clarissa Pinkola Estés, De Clarissa Pinkola Estés., Vol. 1. Editorial Ediciones B, Tapa Blanda, Edición 1 En Español, 2022	Clarissa Pinkola Estés
MLU629952501	encargo	no	Libro La Venganza Sera Terrible - Dolina, Alejandro	Alejandro Dolina
MLU629952515	encargo	no	Melancolia De Izquierda	Traverso, Enzo
MLU629952519	encargo	no	Pips Phonics 1	Budgell, Gill
MLU629952521	encargo	no	Libro - Hay Un Pirata En Internet	Stilton, Gerónimo
MLU629952523	encargo	no	Collins A2 Key For Schools: 8 Practice Tests W/audio Online	"
MLU629964939	encargo	no	Libro Dibujo Tridimensional - Andrew Loomis	Andrew Loomis
MLU629964953	encargo	no	El Acompañamiento Terapeutico En Las Patologias Graves	Sergio Saliche / Susana Turati
MLU629964955	encargo	no	Cbd El Cannabis Medicinal Guía Para El Paciente - L. Leinow	Leonard Linow, Juliana Birnbaum
MLU629964957	encargo	no	Tiiu Bolzmann - Qué Son Las Constelaciones Familiares	Tiiu Bolzmann
MLU629964963	disponible	si	Libro Amigas Para Siempre (nueva Edicion) Un Libro Nuestro -	Los Editores De Klutz
MLU629964967	encargo	no	Gallardo Monumental - Diego Borinsky - Libro Aguilar	Diego Borinsky
MLU629964971	encargo	no	Esquizoanalisis - Crear Un Mundo, Cada Vez - Bruno -lv	Bruno, Lucas
MLU629964979	encargo	no	Libro - Play Smart : Razonamiento Lógico. 4 Años	VV. AA.
MLU629964993	disponible	si	Robert Briffault Las Madres Editorial La Llave Con Indice	Briffault Robert
MLU629964995	disponible	si	No Me Juzgues - Juli Vazquez	Vazquez, Juli
MLU629964997	encargo	no	Libro 4. Las Cronicas De Narnia De C. S. Lewis	C.S. Lewis
MLU629965003	encargo	no	Fundamentos De Branding - Javier Casanoves Boix	Casanoves Boix, Javier
MLU629965007	encargo	no	El Imperio Británico - Ferguson, Niall - *	Ferguson, Niall
MLU629965013	encargo	no	Libro Bratva - Gleen Black - Cosmo Editorial	Gleen Black
MLU629965017	encargo	no	Libro Sigo Siendo Yo [ Antes De Ti 3 ] Jojo Moyes	Jojo Moyes
MLU629965019	encargo	no	Libro Biodescodificacion De Dra. Nadia Giraudo	Dra. Nadia Giraudo
MLU629965035	encargo	no	Jolly Phonics 1 - Pupil Book	Lloyd, Sue
MLU629968857	encargo	no	Libro - Uno Y 7. Colección Buenas Noches - Gianni Rodari	Gianni Rodari
MLU630000701	encargo	no	Keep It Real A2 Students Book	AAVV
MLU630022450	encargo	no	El Ser Seductor - Matias Laca	Matias Laca
MLU630024551	encargo	no	Palabras Semilla Magela Demarco Caru Grossi	Caru Grossi
MLU630027466	encargo	no	Strange Case Of Dr Jekyll And Mr Hyde And Other Tales	Robert Louis Stevenson
MLU630034637	disponible	si	Pablo Va A Tener Un Hermanito De Marcela Czarny	Czarny
MLU630047153	encargo	no	Palabras Mágicas Para Tiempos Difíciles	Nuñez Pereira Cristina
MLU630074192	encargo	no	Querido Hermanito , Yo Te Enseñaré Vic Parsons	Parsons Vic
MLU630087652	encargo	no	Nuevos Magos Del Mercado. Trading Traders. Schwager.	Schwager, Jack D.
MLU630100002	encargo	no	Mahatma Gandhi Autobiografia Gandhi Nuevo	MAHATMA GANDHI
MLU630115982	encargo	no	En Contacto Intimo - Virginia Satir	Virginia Satir
MLU630175748	encargo	no	Las 5 Piezas Clave Del Puzzle De La Vida - Rohn, Jim	Jim Rohn
MLU630193918	encargo	no	Vidas Liberadas - Husmann, Chiale	Husmann, Chiale
MLU630201013	encargo	no	El Libro De Enoc	Anónimo
MLU630217399	encargo	no	Libro Blockchain: La Revolución Industrial De Internet	Preukschat, Alexander
MLU630259033	encargo	no	Cracking The Coding Interview - Gayle Laakmann	Gayle Laakmann McDowell
MLU630260256	disponible	si	El Fin Del Materialismo - Tart, Charles	Tart, Charles
MLU630262812	encargo	no	Curso Practico De Redacion Para Abogados 2ºed. - Marina Fuci	Fucito, Marina
MLU630271533	disponible	si	Primero Dormir Después Insomnio - Sonar Sanchez Nestor	NESTOR SANCHEZ , BERNARDO ORTIN
MLU630279426	disponible	si	A Mi No Me Va A Pasar - Estol, Conrado	ESTOL, CONRADO
MLU630299144	encargo	no	Fantastic Mr Fox Level 4 * Pearson Kids	Hopkins, Andrew
MLU630311211	encargo	no	Alimentos  Pequeñas Texturas - Imprenta Mayúscula	El Gato De Hojalata
MLU630365992	disponible	si	Ejercicios Que Restauran La Función Vocal 2ed Farias	Farias Patricia
MLU630366030	encargo	no	Ciudad De Las Bestias, La - Allende, Isabel	Isabel Allende
MLU630369222	encargo	no	Un Mundo Inmenso: Explicaciones De Lugares Inexplicables	VV. AA.
MLU630443629	encargo	no	Cómo Evitar El Insomnio Infantil	Richard Ferber
MLU630453288	encargo	no	Segunda Vida De Hitler, La - Abel Basti	Abel Basti
MLU630468195	disponible	si	El Déficit De Atención Sin Fármacos - Gladys Veracoechea	GLADYS VERACOECHEA TROCONIS
MLU630469343	encargo	no	Bartolome Descodificación Infertilidad Hijo	Patricia Bartolomé
MLU630492253	disponible	si	Psicopedagogía: Conceptos Y Problemas	Norma Filidoro
MLU630513125	encargo	no	El Método Bullet Journal: Examina Tu Pasado	Examina Tu Pasado. Ordena Tu Prese
MLU630529575	encargo	no	Yo, Madre De Un Adicto	Desirée Bujanda
MLU630554477	encargo	no	El Apego En El Aula	Heather Geddes
MLU630554981	encargo	no	El Reflejo De Nuestras Emociones	ANGELES WOLDER HELLING
MLU630555189	encargo	no	El Libro Real Del Tango	Julián Graciano
MLU630758217	encargo	no	Libro El Método Ikigai - Héctor García Y Francesc Miralles	Héctor García y Francesc Miralles
MLU630800425	encargo	no	Paracelso Plantas Magicas	Paracelso
MLU630823027	encargo	no	Infancias Institucionalizadas Chain , Tardos Pikler	Elsa Chahin
MLU630846362	encargo	no	Advanced Expert Student's Resource Book Without Key	Bell, Jan
MLU630854789	encargo	no	En El Principio Era Ella Orígenes Griegos Diosa Mujer	Irigaray, Luce
MLU630856688	encargo	no	A2 Key For Schools Trainer 1 Cambridge [six Practice Tests	VV. AA.
MLU630858893	encargo	no	Familia Romana Lingua Latina I Italiano	Hans H. Orberg
MLU630863715	encargo	no	Hic Hipo Infantil Oferta	Mercedes García
MLU630865603	disponible	si	El Mundo Se Dio Vuelta Como Una Media Cuarentena	Sivak, Analia
MLU630868824	encargo	no	Open World First. Students Book Without Answers With	COSGROVE, ANTHONY / HOBBS, DEBORAH
MLU630947293	disponible	no	Movimiento Lenguajes Experiencia Sensoperceptiva Conciencia	GODOY
MLU630947691	encargo	no	Mis Ejercicios Anti Alzheimer	Larousse Editorial
MLU630995622	encargo	no	Libro: Mamá / Anna Llenas	Anna Llenas
MLU631034634	encargo	no	Libro Estrellas En Nueva York (karina & Marina 3)	Karina & Marina
MLU631036177	disponible	si	Matematicas. Investigacion, Innovacion Y Buenas Practicas	Núria Planas Raig y otros
MLU631050799	encargo	no	La Bolsa O La Vida - Dominguez Joe Robin Vicki	DOMINGUEZ JOE ROBIN VICKI
MLU631051989	encargo	no	Gatos Guerreros Los Cuatro Clanes Ii: Fuego Y Hielo	Erin Hunter
MLU631065520	encargo	no	Disciplina Positiva De La A A La Z Eraq Ed Revisada Y Actual	NELSEN, J. ET AL.
MLU631077794	encargo	no	Secretos Revelados - Lain Garcia Calvo	LAIN GARCIA CALVO
MLU631077939	encargo	no	La Experiencia Psicodélica	VV. AA.
MLU631116868	disponible	si	¿qué Puede Salir Mal? - Hiperactina	HIPERACTINA
MLU631127339	encargo	no	Media Training Comunicacion Politica Practico De Voceros	Daniel Colombo
MLU631141284	encargo	no	La Evaluación Formativa	MORALES LOBO, MARIANA
MLU631148424	encargo	no	Language Practice For Advanced - Macmillan	Michael Vince
MLU631182498	disponible	no	Kensuke's  Kingdom	Morpurgo
MLU631192090	encargo	no	Look 6: Combo Split A, 1st Edition	TBD
MLU631210793	encargo	no	Diamantes En Bruto 2 Mosquera	MOSQUERA, DOLORES
MLU631221458	encargo	no	Complete Mathematics For Cambridge Igcse Extended - 5th Ed	David Rayner
MLU631335095	encargo	no	Coco Y Pio Hermanos Infantil	Alexis Deacon
MLU631335893	encargo	no	Cómo Evaluar Desde Paradigma De La Complejidad. Evaluación	Norberto Boggino
MLU631346911	disponible	si	¡papá Es Mio!	Brenman, Ilan
MLU631359703	encargo	no	Libro Jefa De Tu Vida	CHARUCA
MLU631359709	encargo	no	Libro Comer Y Criar - Sabrina Critzmann - Editorial Planeta	Sabrina Critzmann
MLU631359867	encargo	no	Pagan Lenormand ( Libro + Cartas ) Oracle Cards	Sin Autor
MLU631372523	encargo	no	Mi Felicidad Eres Tu	Heinz Janisch
MLU631389435	encargo	no	101 Cosas Que Deberias Saber Sobre Los Barcos Y Puertos	Marga Llarena
MLU631401505	encargo	no	Ortografia Escolar De La Lengua Española	Real Academia Española
MLU631402379	encargo	no	Hazte La Cama William H. Mcraven	William H. Mcraven
MLU631402405	encargo	no	Come Chocolate Y No Discutas Con Idiotas Jessica Gomez	Jessica Gomez
MLU631414969	encargo	no	El Largo Camino Hacia La Libertad Mandela	Mandela, Nelson
MLU631427013	encargo	no	Toc Toc Quien Esta Ahi Ir Baño Infantil	Nick Pierce
MLU631427101	disponible	si	Observando A Los Bebes	Oiberman
MLU631427727	encargo	no	Madrechillona Bauer, Jutta Madre Real Mala Madre	Jutta Bauer
MLU631430091	encargo	no	Nadie Tiene Que Saberlo Excepto Tù Madame G. Rouge	Madame G. Rouge
MLU631430365	encargo	no	Mujercitas Preciosa Edicion Ilustrada Alcott Cartone	Louisa May Alcott
MLU631440191	encargo	no	Libro: Charles Dickens	Charles Dickens
MLU631442839	encargo	no	Roger Federer : The Biography	René Stauffer
MLU631443307	encargo	no	La Parábola De Pablo Escobar Libro De La Serie Narco	Alonso Salazar
MLU631478760	encargo	no	Arta Contra El Alien Maximo Arta Game 3, Arta Game	ARTA GAME
MLU631505307	encargo	no	Letramania 1	Kel
MLU631530481	disponible	si	Me Hacés Mal Damián Quilici	Quilici, Damian
MLU631542030	encargo	no	Libreta Para Mi Nueva Etapa Ganesha Te Abrirá Camino, Swami	SWAMI MANUEL
MLU631542306	encargo	no	La Verdad Sospechosa - Juan Ruiz De Alarcón	Juan Ruiz de Alarcón
MLU631555349	encargo	no	Ser Director 4 Enseñanza Y Evaluacion De Aprendizajes	Romero, Claudia (Comp.)
MLU631600563	disponible	si	El Mundo Infantil Según Oesterheld	FONCUEVA, MIGUEL ANGEL
MLU631660413	disponible	si	La Metamorfosis De Una Madre, De Acosta Rodríguez, Mgtr Ana Amp. Editorial Independently Published, Tapa Blanda En Español	Acosta Rodríguez, Mgtr Ana Amp
MLU631677267	encargo	no	El Eneagrama : Sistema Identificacion Tipos De Personalidad	Helen Palmer
MLU631677597	encargo	no	Fragmentos De Futuro - Hombre - Juan Sola	Juan Solá
MLU631715003	disponible	si	Sistema Consciente Tecnica Del Movimiento Fedora Aberastury	Fedora Aberastury
MLU631715169	disponible	si	Variación En El Aula  Lengua Linguistica Raiter Zullo	Raiter Zullo
MLU631735497	encargo	no	Libro Educar En El 0-3.practica Reflexiva En Los Nidi D'infanzia, De Quinto Borghi, Batista. Editorial Grao En Castellano	QUINTO BORGHI, BATISTA
MLU631739753	encargo	no	La Parte Que Falta Shel Silverstein	Silverstein, Shel
MLU631740485	encargo	no	Confines De La Psicosis Nieves Soria	Nieves Soria
MLU631741555	encargo	no	Estrategias Didacticas Mendez  Segui Intervencion Docente	María Fernanda Mendez de Seguí
MLU631748561	disponible	si	Libro Secuencias Didacticas - 30 Preguntas Y Respuestas - Taboada, De Taboada, Maria Beatriz. Editorial Ateneo, Tapa Blanda En Español, 2021	Taboada, Maria Beatriz
MLU631761257	encargo	no	El Péndulo : Kit Y Tablas ( Péndulo Incluido )	Markus Schirner
MLU631762465	encargo	no	Ni Rabietas Ni Conflictos, De Jové Montañola, Rosa. Editorial La Esfera De Los Libros, S.l., Tapa Blanda En Español	Jové Montañola, Rosa
MLU631773987	disponible	si	Madrid Cenzano: Analisis De Vinos Mostos Y Alcoholes	MADRID VICENTE
MLU631781243	encargo	no	Sati Ermería En Cuidados Intensivos 2019 ¡ !	SATI - Sociedad Argentina de Terapia Intensiva
MLU631786657	disponible	si	Oesterheld Una Cita Con El Futuro	MIGUEL ANGEL FONCUEVA
MLU631791758	encargo	no	Fisica Tipler Mosca Electricidad Y Magnetismo Vol 2	Paul Allen Tipler
MLU631791894	encargo	no	La Abundancia Esta Servida - Dora Gil	DORA GIL
MLU631793595	encargo	no	La Mujer Multiorgasmica Secretos Sexuales Mujer Deseo Placer	Chia, Mantak
MLU631799421	disponible	si	Las Mentiras Que Cuentan Verdades Muñoz Iturrieta	Pablo Muñoz Iturrieta
MLU631800679	encargo	no	La Vida Después Del Reseteo: Cómo Sostener Los Cambios Para Lograr Bienestar Todos Los Días, De Facundo Pereyra. Editorial El Ateneo, Tapa Blanda En Español, 2023	Facundo Pereyra
MLU631805054	encargo	no	La Clave De La Concentración Saccone, Outlet Con Detalle	Fernando Saccone
MLU631816302	encargo	no	Igcse Business Studies -  Student`s *5th Edition	STIMPSON,Peter & BORRINGTON,Karen
MLU631832333	encargo	no	Resetea Tus Intestinos -facundo Pereyra	Facundo Pereyra
MLU631839489	encargo	no	Libro Politicamente Indeseable - Cayetana Álvarez De Toledo	Álvarez de Toledo, Cayetana
MLU631843848	encargo	no	Los Mensajes Ocultos Del Agua, Masaru Emoto	Emoto, Masaru
MLU631858349	encargo	no	Pecados Placenteros 2: Lujuria - Libro 1 - Eva Muñoz, De Eva, Munoz., Vol. 2. Editorial Montena, Tapa Blanda En Español, 2023	Eva, Munoz
MLU631865581	encargo	no	Yo Doy La Teta - Paola De Los Santos - Grijalbo Rh	Paola de los Santos
MLU631882787	disponible	si	Number The Stars - Harper Collins Uk Kel Ediciones	Lois Lowry
MLU631882791	encargo	no	Etnopediatria: Infancia, Biologia Y Cultura, De Maria Jose Garrido. Editorial Ob Stare En Español	Maria Jose Garrido
MLU631882823	disponible	si	Cannabis Consciente Para Un Uso Medicinal De La Marihuana	Karina Vergara
MLU631883391	disponible	si	Cuerpos De Las Ultimas Veces,los - Iã¿igo Aguas	Aguas, Iñigo
MLU631883461	encargo	no	Asterix 27 - El Hijo De Asterix - Albert Uderzo	Albert Uderzo
MLU631883509	encargo	no	Dadme Libertad Rose Wilder Lane Unión Editorial	Rose Wilder Lane
MLU631883853	encargo	no	Libro Estás Para Más - Daniela De Lucia - El Ateneo	Daniela De Lucia
MLU631883887	encargo	no	Educar En El Asombro - Catherine Lecuyer - Plataforma Libro	Lecuyer, Catherine
MLU631908781	encargo	no	Libro - Trenzas Gauchas - Lopez Osornio Mario A.	Lopez Osornio, Mario A.
MLU631908791	disponible	no	Cómo Aprendí A Entender El Mundo - Rosling, Hans	Rosling, Hans
MLU631908879	disponible	no	Comportamiento Organizacional Chiavenato Mcgraw Hill	Chiavenato, Idalberto
MLU631908893	encargo	no	Una Sorpresa Explosiva, De Mika Sofi Boms. Editorial Montena, Tapa Blanda En Español	Mika Sofi BOMS
MLU631909431	encargo	no	Libro Estás Para Más (diario) - Daniela De Lucía - Ateneo	Daniela De Lucia
MLU631982607	encargo	no	Readaptación Tras Las Lesiones Deportivas	Jaime Salom Moreno
MLU631982647	encargo	no	Espagiria Alquimica Rubellus Petrinus	RUBELLUS PETRINUS
MLU631997999	encargo	no	Hechizos De Proteccion - Murphy Hiscock - Arkano - Libro	ARIN MURPHY-HISCOK
MLU631999043	encargo	no	No Me Puedes Lastimar	David Goggins
MLU632019611	encargo	no	Obsidiana, Piedra Sagrada De Sanacion	SERRANO ANA SILVIA
MLU632052443	encargo	no	Imperios Y Bárbaros Soto Chica, José	JOSE SOTO CHICA
MLU632056765	encargo	no	Libro La Casa-espejo O El Feng Shui En Occidente, De Antoine, Luc. Editorial Ediciones Obelisco, Tapa Blanda (2016)	Antoine, Luc
MLU632061375	encargo	no	El Libro Negro De La Persuasion, De Alejandro Llantada. Editorial Createspace Independent Publishing Platform, Tapa Blanda En Español	Alejandro Llantada
MLU632061447	encargo	no	Mañanas Milagrosas - Hal Elrod	Elrod, Hal
MLU632061789	encargo	no	Pregúntale A La Bruja, De Francesca Matteoni. Editorial Luciernaga, Tapa Blanda En Español, 2022	Francesca Matteoni
MLU632061833	encargo	no	The Pragmatic Programmer : Your Journey To Mastery, 20th ...	Thomas, David
MLU632061849	encargo	no	Libro Wine Folly : Edición Magnum - Madeline Puckette	Madeline Puckette
MLU632063151	disponible	si	Las Promesas Incumplidas De La Inclusion - Gisela Untoiglich	Untoiglich, Gisela
MLU632065319	encargo	no	Libro Spinetta - Sergio Marchi	Sergio Marchi
MLU632066209	encargo	no	Libro La Experiencia Psicodélica, De Leary, Timothy. Editorial Ediciones Obelisco, Tapa Blanda (2022)	Leary, Timothy
MLU632067679	encargo	no	Libro: El Sistema Inmunitario Por Fin Sale Del Armario. Sari Arponen	Sari Arponen
MLU632067735	encargo	no	Libro: Voces En La Oscuridad - Los Gatos Guerreros - Hunter	Hunter, Erin
MLU632068767	disponible	si	Libro Viaje De Luis,el	GIL ANTóN, JOSé MANUEL
MLU632078473	disponible	si	Nudel Herramienta Pericia Psicologica Delitos Sexuales Intra	Nudel Cristina Rosa
MLU632078525	encargo	no	Pepe & Mila: Pack De Buenas Noches (con Muñeco De Pepe En Pijama), De Yayo Kawamura. Editorial Sm Ediciones En Español	YAYO KAWAMURA
MLU632078551	encargo	no	Libro Discapacidad : Reflexiones Psicoanaliticas E Intervenc	Jorge G. Cantis
MLU632078571	encargo	no	Libro Tus Proximas Cinco Jugadas, De Patrick Bet-david. Editorial Sirio, Tapa Blanda En Español, 2022	Bet-David, Patrick
MLU632078575	disponible	si	Mbsr. El Programa De Reduccion Del Estres, De Meibert, Petra. Editorial Kairos En Español	Lehrhaupt, Linda
MLU632078579	encargo	no	Libro Vidas En Positivo - Asensio, Ana	Asensio, Ana
MLU632078597	encargo	no	Libro El Libro De Enoc Vvaa Tapa Blanda	Anónimo
MLU632080175	encargo	no	Cómo Evaluar Desde El Paradigma De La Complejidad (hs)	Boggino Norberto - Barés Enrique
MLU632080199	encargo	no	Libro Un Ambiente Alfabetizador - Silvia Hurrell - Lugar	Silvia Hurrell
MLU632081275	encargo	no	Deci Sí, Decir No, De Sin . Serie Unica, Vol. Unico. Editorial Nazhira, Tapa Blanda, Edición 1 En Español	Sin Autor
MLU632090257	encargo	no	El Psicodiagnotico De Rorschach Sistematizacion	A. PASSALACQUE
MLU632092727	encargo	no	Libro La Parabola De Pablo	Salazar J., Alonso
MLU632093881	disponible	si	Mon Petit Glouton - Karina Gao	Karina Gao
MLU632103949	encargo	no	En El Principio Era Ella, Luce Irigaray, La Llave	Irigaray, Luce
MLU632105433	disponible	si	Element,the: How Finding Your Passion Changes Everything Kel	Robinson, Ken
MLU632106399	encargo	no	El Diseño Industrial A-z (t.d) -bu, De Charlotte & Peter Fiell. Editorial Taschen En Español	Charlotte
MLU632106401	encargo	no	Libro Francotirador,el	Kyle, Chris
MLU632106405	encargo	no	Convivencia Como Base De La Inclusion Escolar, La	Rocha, Marcelo
MLU632106421	encargo	no	Somos Un Puente - Jonathan Jimenez - Vergara - Libro	Jonathan Jiménez
MLU632106483	encargo	no	Las Siete Apologias	Paracelso
MLU632115287	encargo	no	Practice Tests Plus B1 Preliminary For Schools - New Edition	Pearson
MLU632116799	disponible	no	Libro Cuatro Caras Del Héroe, Las - Peñarrubia, Francisco	PEÑARRUBIA, FRANCISCO
MLU632116875	disponible	si	Ejercicios Que Restauran La Función Vocal Farias	Farias
MLU632116903	encargo	no	Libro Secretos Revelados - Lain García Calvo	LAIN GARCIA CALVO
MLU632119339	encargo	no	Alejandro Lodi - Quiron Y El Don De La Herida	ALEJANDRO LODI
MLU632119349	disponible	si	La Supervision Educativa 0en Un Mundo Cambiante - Aguerrondo	Ines Aguerrondo
MLU632190031	encargo	no	Corrientes Didacticas Contemporaneas, De Camilloni, Alicia W. Deet Al.. Editorial Paidos Argentina, Tapa Blanda En Español	Camilloni, Alicia W. deet al.
MLU632200099	disponible	si	Las Adicciones De La Época, De Levato Mabel. Editorial Letra Viva En Español	Levato Mabel
MLU632200813	encargo	no	En Contacto Íntimo, De Virginia Satir. Editorial Pax Mexico L.c.c.s.a., Tapa Blanda En Español, 2008	Virginia Satir
MLU632203657	encargo	no	La Madre Emocionalmente Ausente, De Jasmin Lee Cori. Editorial Sirio, Tapa Blanda En Español	Jasmin Lee Cori
MLU632269935	encargo	no	La Felicidad Comienza Cuando Decides Ser Tu Misma Lola Ortiz	Ortiz, Lola
MLU632274615	encargo	no	El Libro Magno De San Cipriano : Tesoro Del Hechicero - San	SAN CIPRIANO
MLU632274629	encargo	no	Libro El Metodo - Strauss, Neil	Strauss, Neil
MLU632318695	encargo	no	Warriors:  Dawn Of The Clans Box  1 To 6 Gatos Guerreros	Erin Hunter
MLU632431131	encargo	no	Caperucita Rebelde (con Causa)	
MLU632439337	encargo	no	Escuelas Agenda De Lectura Y Escritura En El Aula Actis	Beatriz Actis
MLU632457293	encargo	no	La Razón De Mi Vida - Perón Eva - Cs Ediciones	Peron, Eva
MLU632457299	disponible	si	Puro Sufrimiento - Mary Louise Roberts	Roberts, Mary Louise
MLU632470079	disponible	si	Escritos. Sistemas Consciente Para La Tecnica Del Movimiento	Fedora Aberastury
MLU632470081	encargo	no	Libro Arno Klocker H. Y El Pastoreo Racional, De Sabino, Hugo A. / Vanoni, Edgardo J.. Editorial Orientación Gráfica Editora, Tapa Blanda (2016)	SABINO, Hugo A. / VANONI, Edgardo J.
MLU632470083	encargo	no	El Joven Que Llego A Papa - Juan Pablo Ii	Álvarez Morales, Miguel
MLU632470087	encargo	no	Tecnica De La Entrevista Psicodinamica	Díaz Portillo, Isabel
MLU632470091	encargo	no	Los Filósofos Terrenales - Robert Heilbroner	Heilbroner, Robert L.
MLU632482485	encargo	no	Advanced Expert - Student´s Resource Book - Pearson	Bell, Jan
MLU632482489	encargo	no	Tomo Iv Enseñanza Y Evaluacion De Aprendizajes - Novedad	Romero, Claudia (Comp.)
MLU632482495	encargo	no	Espagiria Alquimica - Rubellus Petrinus - Alquimia	RUBELLUS PETRINUS
MLU632485563	encargo	no	3. Y , Viste Como Es, De Szoka. Editorial De La Flor, Tapa Blanda En Español	Szoka
MLU632495475	encargo	no	El Estrecho De Bering - Emmanuel Carrere	Carrère, Emmanuel
MLU632495477	encargo	no	Templarios,los - Jones, Dan	Jones, Dan
MLU632495481	encargo	no	Madrechillona - Jutta Bauer (cal)	Jutta Bauer
MLU632495499	encargo	no	Libro Sanar La Herida - Claudia Luchetti - Grijalbo	Claudia Luchetti
MLU632508307	encargo	no	Libro Via Rapida Del Millonario, La, De Demarco M. J.. Editorial Sirio, Tapa Blanda En Español, 2022	De Marco, M. J.
MLU632508317	disponible	si	Hidraulica Y Maquinas Hidraulicas (10ma. Edicion) Con 150 Pr	Facorro Ruiz, Lorenzo A.
MLU632508319	encargo	no	Te Quiero Hasta La Luna Y Las Estrellas - Warnes	Tim Warnes ; Amelia Hepworth
MLU632508329	encargo	no	Las Pequeñas Alegrías - Marc Augé	Marc Augé
MLU632520399	encargo	no	Cuando Las Profecías Fallan, De Festinger, Leon. Editorial Reediciones Anomalas En Español	Festinger, Leon
MLU632533221	encargo	no	Psicopedagogía: Revisión De Conceptos Y Problemas - Filidoro	Filidoro Bertoldi Y Otros
MLU632540979	encargo	no	La Fatal Arrogancia - Friedrich Hayek / Los Errores De Socia	Hayek, Friedrich
MLU632541009	encargo	no	Roba Como Un Artista - Austin Kleon - Editorial Aguilar	Austin Kleon
MLU632541429	encargo	no	Caos Magalí Tajes	Magali Tajes
MLU632574722	disponible	si	Calpurnia. Jacquelin, Kelly. Libre Albedrio	Jacquelin, Kelly
MLU632579979	disponible	si	Manifiesto Contra El Amor Romantico	Castelo, Carla
MLU632579983	encargo	no	Estudio En Escarlata Arthur C. Doyle Sherlock Holmes Libro	Estudio en escarlata
MLU632579989	encargo	no	Libro El Destino De La Humanidad - Daniel Estulin	Daniel Estulin
MLU632580097	disponible	si	Libro El Trabajo Ya No Es Lo Que Fue - Alain Supiot	Supiot, Alain
MLU632580181	disponible	si	Libro - Los Intercesores Del Opus Dei - Enrique Muñiz	Enrique Muñiz
MLU632580211	disponible	si	Libro Desde El País De Los Blancos - Umar, Ousman	Umar, Ousman
MLU632616583	encargo	no	El Mundo De Los Latentes - Kary Pintos	Pintos, Kary
MLU632616627	encargo	no	Periodismo Instrucciones De Uso - Caparros, O'donnell Y Otro	Sietecase Reynaldo
MLU632616691	encargo	no	Libro Rompecabezas - La Granja Animales Trabajadores	El Gato De Hojalata
MLU632616703	encargo	no	Libro Marzy 2. Marzy Y El Gran Raideo De Firecraft - Marzy	MARZY
MLU632678213	encargo	no	Pan Casero Sin Gluten Celiacos Celiaquia	Menendez Cogolludo, Juan Carlos
MLU632714273	encargo	no	Ami Regresa: Ami 2 Enrique Barrios	Enrique Barrios
MLU632819423	disponible	si	La Persona Tras El Deportista, De Carlos Bernabé. Editorial Émora En Español	Carlos Bernabé
MLU632820572	disponible	si	Hidraulica Y Maquinas Hidraulicas (10ma. Edicion) Con 150	Facorro Ruiz, Lorenzo A.
MLU632832191	disponible	si	Caballos En Movimiento Horse Motion (cartone) - De Olavide, De Olavide. Editorial Letemendia, Tapa Dura En Español	Olavide
MLU632845585	encargo	no	La Vida Mental, De Henri Wallon. Editorial Crítica, Tapa Blanda En Español	Henri Wallon
MLU632906223	encargo	no	El Héroe De Las Mil Caras, Joseph Campbell ( Mitologia )	Joseph Campbell
MLU632907438	encargo	no	Cómo Lograr La Competencia Acuática. Natación. Luis Pérez	Moreno Murcia, Juan Antonio, Ruiz Pérez, Luis Miguel
MLU632946161	encargo	no	Cartomancia Francesa  Laura Tuan	Anónimo
MLU632957933	encargo	no	Sentir Caballo Terapia Equinoterapia Corporal Zlotnik	Anahí Zlotnik
MLU632958794	encargo	no	Jolly Phonics 1 - Pupil Book	Lloyd, Sue
MLU632980425	encargo	no	Test Tdr Predictor De Habilidades Lectoras L Fonseca	Fonseca
MLU633008719	encargo	no	Libro Refranes, Proverbios Y Sentencias, De Jose Vales. Editorial Libsa, Tapa Dura	Jose Vales
MLU633008763	encargo	no	Libro Poda E Injerto De Frutales, De Vv. Aa.. Editorial Paraninfo	VV. AA.
MLU633062570	disponible	no	Abuela De Arriba Y Abuela De Abajo. Depaola, Tomie. K	Depaola, Tomie
MLU633145957	disponible	si	Eres Un Bicho Raro - Peterson, Kate	Peterson, Kate
MLU633171665	encargo	no	La Politica Del Riesgo, De Mario Riorda. Editorial La Crujia, Tapa Blanda En Español	Mario Riorda
MLU633183801	encargo	no	El Hombre En Busca Del Sentido De Viktor Frankl Tapa Blanda Editorial Herder	Viktor Frankl
MLU633193353	encargo	no	Medjugorje, De Jesús García Sánchez-colomer	Jesús García Sánchez-Colomer
MLU633216960	encargo	no	Albert Camus. Breviario De La Dignidad Humana	ELISENDA JULIBERT
MLU633232563	disponible	si	Libro Superar La Adversidad - Rojas Marcos, Luis	Rojas Marcos, Luis
MLU633232565	encargo	no	Me Acompañas?, De Rafa Guerrero. Editorial B De Blok En Español	Rafa Guerrero
MLU633245347	encargo	no	Libro Lo Último Que Me Dijo - Laura Dave	Dave, Laura
MLU633258218	encargo	no	Test De Relaciones Objetales  Phillipson Tro  Rorschach	Philipson, H.
MLU633266735	encargo	no	Embriologia Medica - José Hib	Hib
MLU633270661	encargo	no	Princesa De Cenizas (princesa De Cenizas 1), De Sebastian, Laura. Editorial Montena, Tapa Blanda En Español	Sebastian, Laura
MLU633288836	encargo	no	Estás Para Más Diario - Daniela De Lucía Tapa Dura	Daniela De Lucia
MLU633298650	encargo	no	La Molecula De La Felicidad Paul J. Zak	Zak, Paul
MLU633300730	encargo	no	Nace Un Papa - Matias Criado / Diego Pins	Criado Pins
MLU633322642	encargo	no	De Vuelta A Casa Kate Morton Tapa Dura	Kate Morton
MLU633322892	encargo	no	Corrientes Didacticas Contemporaneas Camilloni Único Ejmplar	Camilloni, Alicia W. deet al.
MLU633325079	encargo	no	De Madres E Hijas - Julieta Y Herrera Paula Imberti	Julieta y Herrera Paula Imberti
MLU633342588	encargo	no	Ashwagandha - Ferdinand Quinones M D (paperback)	FERDINAND QUINONES M.D
MLU633361575	encargo	no	Caida De Los Gigantes, La - Ken Follett	Ken Follett
MLU633393210	encargo	no	American Keynote 1 - Student's + Sticker Code Mykeynote Onli	Bohlke, David
MLU633397980	encargo	no	Libro Resetea Tus Intestinos - Facundo Pereyra - El Ateneo	Facundo Pereyra
MLU633400838	encargo	no	Dispositivo Del Hospital De Día En Adicciones	Trimboli, Alberto
MLU633400910	encargo	no	Ser Feliz Es Darse Cuenta - Reedicion - Bleuminette	Bleu Minette
MLU633445382	encargo	no	Willie Y Elaine Esperanza Para La Familia Adventista 7mo Día	Willie Y Elaine Oliver
MLU633445690	disponible	si	Así Fue Como Llegaste Donación De Espermatozoides	Silvia Jadur, Constanza Duhalde
MLU633446136	encargo	no	Asterix 27 - El Hijo De Asterix  - Albert - Goscinny, René U	Albert Uderzo
MLU633446426	encargo	no	Ana, La De Álamos Ventosos - L. M. Montgomery	AUTOR: L.M. MONTGOMERY
MLU633453146	disponible	no	La Patria Posible, Omar Lopez Mato	Omar López Mato
MLU633457612	disponible	si	Libro De Los Ositos, El. Para Mi Primera Comunión	María Eugenia Schindler
MLU633458306	disponible	si	Bendito Metabolismo - Alejandro Garcia	Alejandro García
MLU633458580	encargo	no	Actualización Del Test De Apercepción Temática: Una Lectura	Susana L. Torres De Lugea Susana Russo
MLU633466536	disponible	si	Libro De Los Ositos Rezamos A Mama Maria (cartone)	LUMEN ARGENTINA
MLU633483639	encargo	no	Quierete Mucho Maricon - Martin, Gabriel J (paperback	Martín Martín, Gabriel José
MLU633486012	encargo	no	López Osornio: Esgrima Criolla	Lopez Osornio, Mario A.
MLU633506450	encargo	no	Artistas De Lo Invisible - Allan Kaplan	Kaplan, Allan
MLU633601261	encargo	no	Otra Vida De Billy Fingers, La	Kagan, Annie
MLU633601913	encargo	no	El Tercer Ojo T. Lobsang Rampa	Rampa, T. Lobsang
MLU633613201	encargo	no	Nuevo Devocionario Espiritista Oraciones Escogidas Kardec	Kardec, Allan
MLU633675376	disponible	si	No Tan Terribles - Nativ, Raschkovan Y Otros	Nativ, Raschkovan y otros
MLU633677049	encargo	no	Dokkodo- Miyamoto Musashi	Luis Armando Gascon
MLU633756563	encargo	no	El Après-coup (problemáticas Vi) Jean Laplanche	Jean Laplanche
MLU633790924	encargo	no	21st. Century Reading 1 - Book + Ted Talks	Longshaw, Robin
MLU633923893	disponible	si	Cronicas De Un Obstetra Humanista Ricardo H. Jones	RICARDO H. JONES
MLU633924071	disponible	si	Palabras Grávidas Carlos Semorile	Carlos Semorile
MLU633936279	encargo	no	Padres Manipuladores Isabelle Nazare - Aga	Isabelle Nazare-Aga
MLU633940585	encargo	no	Pastoreo Racional Voisin - Tecnologia Agroecologica	Luiz Carlos Pinheiro Machado
MLU633963215	encargo	no	Perspectivas Antropológicas Robbie Davis-floyd	Robbie Davis-Floyd
MLU633974603	encargo	no	¿ Dónde Están Las Monedas ? Joan Garriga	Garriga Bacardi Joan
MLU633975919	disponible	si	Distintas Miradas Alrededor De La Haptonomia Vincent Xambeu	VINCENT XAMBEU
MLU633999691	encargo	no	Libro - Esto Te Va A Doler - Kay, Adam	Kay, Adam
MLU634012855	encargo	no	Libro La Stoa - Max Pohlenz	Max Pohlenz
MLU634014207	disponible	si	Las Mamás Y Los Bebés Primero	Szejer Caumel Dauphin
MLU634017685	disponible	si	Hazte Rico, Vende Humo  P. Modernos Creativos	VV. AA.
MLU634155669	encargo	no	El Monstruo De Colores Doctor De Emociones	Anna Llenas Serra
MLU634194928	encargo	no	La Sanacion Viene Desde Afuera - Daan Van Kampenhout	Daan Van Kampenhout
MLU634207311	encargo	no	El Primer Viaje A La Luna Rohatsch Magdalena	Rohatsch, Magdalena
MLU634211275	encargo	no	A Todo Tapping Franz Naty	Naty Franz
MLU634214401	encargo	no	Gps Emprendedor Goldstein Luciana	Klinko, Joy / Goldstein, Luciana
MLU634260000	encargo	no	Tabla De Alimentos Para Diabeticos - Hispano-europea	FRITZSCHE DORIS
MLU634260050	encargo	no	Las Siete Apologías Paracelso	Paracelso
MLU634276469	encargo	no	Nocturno Recetario De Sueños : Isol	Isol (Misenta, Marisol)
MLU634276787	encargo	no	Solo Quiero Que Me Quieran Sexo Sexualidad	MENARGUEZ CARREÑO, MICAELA
MLU634285512	encargo	no	365 Días Para Ser Mas Culto - Kidder, David S.	David S. Kidder
MLU634285876	encargo	no	Tormenta Cerebral - Siegel, Daniel J	Daniel J. Siegel
MLU634288356	encargo	no	La Fuerza De La Vida - Tony Robbins	Robbins, Tony
MLU634289033	encargo	no	Margaret Thatcher Usado Hugo Young	Hugo Young
MLU634289317	encargo	no	El Método Warren Buffett Robert G. Hagstrom	Hagstrom, Robert G.
MLU634296243	encargo	no	Huszar. Arritmias : Guía Práctica	Keith Wesley
MLU634296381	encargo	no	Tea Alejandra González	González, Alejandra
MLU634311642	disponible	no	Márquez: Mariposas Porteñas - Paisaje Y Biodiversidad Urbana	Fabio Márquez ; Jorge Freitas
MLU634314428	disponible	si	La Docencia De Apoyo Para La Inclusion Y La Accesibilidad Ed	Sanmartin, Gabriela
MLU634314472	disponible	si	Tres Oleadas De Voluntarios Para La Nueva Tierra	DOLORES CANNON
MLU634315379	encargo	no	Madre Hermano Amante Jarvis Cocker	Cocker, Jarvis
MLU634322335	disponible	no	Vínculos De Noc Y Nic A Nanda-i Y Diagnósticos	Marion Johnson
MLU634335523	disponible	si	Hambriento Nach	Nach
MLU634341155	disponible	si	Casos Clínicos María Auxiliadora Robles Bello	ROBLES BELLO, MARIA AUXILIADORA
MLU634341187	disponible	si	Abecedario De Los Fonemas Elena Campo Martínez	Elena Campo Martínez
MLU634341197	disponible	si	Abecedario De Los Fonemas  Intervención Articulatoria	#N/A
MLU634354183	encargo	no	Solo Leveling # 06	Chugong
MLU634354195	encargo	no	El Engaño Que Aún Vive: Los Protocolos De Los Sabios	Ian Day
MLU634362083	encargo	no	Abuelo, ¡quiero Saber Todo De Vos	Galilea Kids
MLU634366881	disponible	si	Ayuno Intermitente Y Limpieza Hepática Chris Díaz	Chris Díaz
MLU634374107	encargo	no	Can Yaman Un Sueño Para Siempre	Rullo, Floriana
MLU634380339	disponible	si	Nuestro Utero Marcela Thesz Linaje Legado Mujer	Marcela Thesz
MLU634403219	encargo	no	Dragon Ball Super 19 Akira Toriyama	Toyotaro
MLU634414862	encargo	no	Te Quiero Hasta La Luna Y Las Estrellas (pequeñas Manitas)	Tim Warnes ; Amelia Hepworth
MLU634457955	disponible	no	La Última Encrucijada Jorge Liotti	Jorge Liotti
MLU634468305	encargo	no	Steve Jobs Isaacson Walter	Walter Isaacson
MLU634480963	encargo	no	Opus Nigrum Marguerite Yourcenar	Marguerite Yourcenar
MLU634513165	encargo	no	La Teoria Polivagal En Terapia	DEB DANA
MLU634571246	encargo	no	Vida Mental,  Henri Wallon, Desarrollo Psicomotor	Henri Wallon
MLU634601387	encargo	no	Star Wars El Libro De Los Sith Daniel Wallace	Daniel Wallace
MLU634633139	encargo	no	La Era Del Capitalismo De La Vigilancia Shoshana Zuboff	SHOSHANA ZUBOFF
MLU634633141	encargo	no	El Héroe Interior Carol S. Pearson Arquetipo	Pearson, Carol S.
MLU634684513	disponible	si	Déjalo Ir - John Purkiss	John Purkiss
MLU634684515	encargo	no	El Derecho A La Sexualidad Masculina Frank Suarez	Frank Suarez
MLU634743383	encargo	no	1001 Días Que Cambiaron El Mundo Peter Furtado	Peter Furtado
MLU634753139	encargo	no	Reglas Y Características Todos Los Deportes Silvia Ferretti	Ferretti Paolo
MLU634756357	disponible	si	Pequeño Gran Libro Cancer La Torre, Jimena	Jimena La Torre
MLU634756359	encargo	no	La Alquimia Explicada Sobre Sus Textos Clásicos	Eugène Canseliet
MLU634756433	encargo	no	Gramática De Uso Del Español Luis Aragonés Fernández	Luis Aragonés Fernández
MLU634767381	encargo	no	Siempre Tengo Hambre - S Ludwig,david	S. Ludwig, David
MLU634779333	encargo	no	Terapia Gestalt Sánchez Gavete Franciscoterapia Guia Trabajo	Francisco Sánchez Gavete
MLU634804731	encargo	no	La Crónica De Akakor, Karl Brugger (indigenas Precolombinos)	Karl Brugger
MLU634830726	encargo	no	La Lunología En Acción, Yasmine Boland	YASMINE BOLAND
MLU634833710	encargo	no	Descartes Tomo I - Grandes Pensadores - Gredos	Descartes
MLU634845176	encargo	no	Elon Musk. El Empresario Que Anticipa El Futuro - Ashlee Van	Ashlee Vance
MLU634883329	encargo	no	Curame Lorena Pronsky	Lorena Pronsky
MLU634982421	encargo	no	Cleopatra En El Espacio 2: El Ladrón Y La Espada	Maihack, Mike
MLU634998145	encargo	no	Como Analizar Los Estados Contables Otorgamiento De Creditos	Hugo Luis Sasso
MLU635021549	encargo	no	El Hombre Que Calculaba Tahan Malva Matematicas	Tahan, Malba
MLU635023995	disponible	si	Regreso Al Eden Jethro Kloss	Jethro Kloss
MLU635032523	disponible	si	Metodologia De La Investigacion Bundle Edicion 2023	Hernandez
MLU635055796	encargo	no	Look 2a Combo Split / National Geographic	National Geographic
MLU635070461	encargo	no	Fleabag: The Scriptures Guines Serie Britanica	Phoebe Waller-Bridge
MLU635074455	disponible	si	Los Secretos De Las Plantas David Burnie	Burnie, David
MLU635109401	encargo	no	Avion D Combate Lockheed Martin F-35 Lightning Ii, Us Navy	Salvat
MLU635135433	encargo	no	Fascículo 10 + Mig-29 Fulcrum Aviones De Combate Nº 10	Salvat
MLU635227451	encargo	no	Cartas De Oraciones Marta Salvat	Salvat
MLU635246399	encargo	no	Elige Tu Propia Aventura R.a. Montgomery	Montgomery, R. A.
MLU635269597	disponible	si	Un Paso Adelante En Defensa De Los Animales Oscar Horta	Horta Alvarez, Oscar
MLU635274113	encargo	no	Cartas Del Árbol Transgeneracional	Marta Salvat Balaguer
MLU635286284	disponible	si	Gestionar  Diversidades  Aulas, Instituciones Y Territorios	Sanchez, Sandra
MLU635286927	encargo	no	Por Que Los Hombres No Escuchan Y Las Mujeres No...	Pease, Allan
MLU635325551	encargo	no	Outlet : La Alquimia Explicada Sobre Sus Textos Clasicos	Canseliet Eugene
MLU635325577	encargo	no	Buenas Noches Luna!, De Margaret Wise Brown. Editorial Corimbo En Español	Margaret Wise Brown
MLU635334405	encargo	no	Aviones De Combate Salvat N° 40 A-7e Corsair Ii Eeuu Blanco	
MLU635345383	encargo	no	La Fatal Ignorancia : La Anorexia Cultural Kaiser Axel	Axel Kaiser
MLU635358421	encargo	no	El Viajero Sagrado Denise Linn	Linn, Denise
MLU635383955	disponible	si	Joaquin   El Chapo   Guzman Andrés López López	Andrés López López
MLU635384113	encargo	no	Paraisos Fiscales E Infiernos Tributarios Litwak Martin	LITWAK, MARTIN A.
MLU635397129	encargo	no	Tegui  Martitegui, German	Germán Martitegui
MLU635397609	encargo	no	Make Time: How To Focus On What Matters Every	Jake Knapp and John Zeratsky
MLU635397615	disponible	si	Construyendo Identidad Corporal Alicia Grasso	Grasso y Erramouspe
MLU635422837	encargo	no	Indio Solari Recuerdos Que Mienten Un Poco Redonditos	Indio Solari
MLU635435565	encargo	no	El Universo Elegante Brian Greene	Greene, Brian
MLU635435677	disponible	si	Hasta Que Deje De Doler Mar Petryk	Mar Petryk
MLU635448789	encargo	no	La Revolución De La Glucosa Jessie Inchauspé	Jessie Inchauspé
MLU635454743	encargo	no	Simpson Comics - Confidencial	Matt Groening
MLU635456581	encargo	no	Yo Soy Pusheen Claire Belton	Claire Belton
MLU635469649	disponible	si	El Enigma Garabandal Francisco Renedo Carrandi	Francisco Renedo Carrandi
MLU635534285	encargo	no	Serenidad Agenda Paulo Coelho 2024	Paulo Coelho
MLU635534393	encargo	no	El Negocio Del Crimen Marcelo Bergman	Marcelo Bergman
MLU635554125	disponible	si	Por Dónde Se Sale?, De González, Anabel., Vol. 0. Editorial Planeta, Tapa Blanda En Español, 2023	Gonzalez, Anabel
MLU635554127	encargo	no	Primavera Silenciosa, De Rachel Carson. Editorial Crítica, Tapa Blanda En Español	Rachel Carson
MLU635562367	disponible	si	Pack Bad Ash 1 Nav 22 Alina Not	Alina Not
MLU635567097	encargo	no	Libro Postales Studio Ghibli [ 100 Collectible Postcar ] Box	Ghibli
MLU635604441	encargo	no	¿ A Quién Mata El Asesino ? Silvia Tendlarz	TENDLARZ SILVIA ELENA / GARCIA CARLOS DA
MLU635604461	disponible	si	Democracia, Hora Cero : Actores, Políticas Y Debates	Claudia Feld / Marina Franco
MLU635616184	disponible	si	La Emoción De Educar - Manual Práctico Para Familias	Gonzalez Gonzalo
MLU635630343	encargo	no	Deja De Pensar Demasiado Nick Trenton	Nick Trenton
MLU635665478	encargo	no	Mujer Desnuda, La - Somers Armonia	Armonía Somers
MLU635723820	encargo	no	Las Enseñanzas Del Caballero De La Armadura Oxidada	Velasco, Carlos
MLU635734940	encargo	no	Sprint - El Método Para Resolver Problemas Y Testear - Knapp	Jake Knapp
MLU635735214	encargo	no	Nazis En La Costa Del Sol José Manuel Portero	José Manuel Portero
MLU635766220	encargo	no	Mrs. Dalloway (wordsworth Classics)	Woolf, Virginia
MLU635768553	encargo	no	No Le Muestres A Nadie Este Libro	Lena Strauch
MLU635768579	disponible	si	Mariposa Obsidiana De Juan Bolea	Bolea, Juan
MLU635781842	encargo	no	La Ganaderia Paralela .bases Para Una Ruralidad Avanza	Juan Dutra & Bruno Vasquetto
MLU635782158	encargo	no	Roba Como Un Artista El Diario - Austin Kleon	Austin Kleon
MLU635782386	encargo	no	Un Ambiente Alfabetizador De Silvia Hurrell	Silvia Hurrell
MLU635859162	encargo	no	Aproximación A Un Modelo De Pastoreo Intensivo	Ing. Agr. HILL SECCO, Walter
MLU636004994	encargo	no	Ríe Chinito - Dolores Aguirre	Dolores Aguirre
MLU636004998	disponible	si	El Señor Tormenta - Pez Y Cubillas * Sm	Pez, Alberto
MLU636005008	encargo	no	Confesiones De Un Chef (bolsillo) Bourdain Anthony	Bourdain, Anthony
MLU636005014	encargo	no	Todos Al Trabajo - Richard Scarry	RICHARD SCARRY
MLU636005024	encargo	no	Libro Negro Del Comunismo,el - Courtois, Stephane- Werth,...	COURTOIS, STEPHANE- WERTH, NICOLAS- PANN
MLU636005026	disponible	si	Programa Lee Comprensivamente - Paidós	Paidós
MLU636005030	encargo	no	Ami Regresa - Enrique Barrios	Enrique Barrios
MLU636005042	disponible	si	De La Crisis A La Creatividad - Fabiana Eisemberg -biblos	FABIANA EISEMBERG
MLU636005046	disponible	si	Instrumentos De La Critica Narrativa - Gonzalez - Colihue	Maria Gonzalez
MLU636005058	encargo	no	Baraja De Las Piedras Que Curan - Galiana, Helena: Tikal,...	Galiana, Helena
MLU636005064	encargo	no	Libro Te Amo, Te Odio, Dame Más - Daniel Grinbak - Planeta	Daniel Grinbak
MLU636005066	encargo	no	Libro El Invernadero Semillero, De Cortés Viniegra, Cristina, Vol. 0. Editorial Desclée De Brouwer, Tapa Dura (2022)	Cortés Viniegra, Cristina
MLU636005068	encargo	no	Crescendo - Fitzpatrick,becca	Fitzpatrick, Becca
MLU636005070	encargo	no	Las Claves De La Estrategia Del Oceano Azul Conseguir Un Crecimiento Rentable Mejorando La Propuesta De Valor Y La Estructura De Costes 2017	W. CHAN KIM
MLU636005074	disponible	si	Del Plata Al Niagara - Groussac, Paul	GROUSSAC, PAUL
MLU636005084	encargo	no	Libro Decir El Mal	CARRASCO-CONDE, ANA
MLU636011320	encargo	no	Proposito De Sri Prem Baba - Sri Prem Baba	Sri Prem Baba
MLU636030546	encargo	no	Descubriendo Tu Vocacion - Camino Practico Para Un Proyecto	Crouzel, Cecilia M.
MLU636030550	encargo	no	Teta Y Sueño	VANINA SCHOIJETT
MLU636030560	encargo	no	Gallardo Recargado - Diego Borinsky	Diego Borinsky
MLU636030568	encargo	no	Vida Cotidiana En El Antiguo Egipto La - Parra Jose Miguel -	Parra, José Miguel
MLU636030582	disponible	si	Viviendo Del Futuro - Dans, Enrique (paperback)	Dans, Enrique
MLU636030596	disponible	no	Como Explicarte El Mundo Cris - Aberasturi,andres	Aberasturi Ferrer, Andrés
MLU636030606	encargo	no	Libro Los Amos Del Mundo Están Al Acecho - Cristina Jimenez	Cristina Martin Gimenez
MLU636030618	disponible	si	Libro A Mi No Me Va A Pasar - Estol, Conrado	ESTOL, CONRADO
MLU636039661	encargo	no	Uno Siempre Cambia Al Amor De Su Vida Por Amalia Andrade Tapa Blanda	Andrade, Amalia
MLU636040249	encargo	no	Después Del Invierno Guadalupe Nettel	Nettel, Guadalupe
MLU636040259	encargo	no	La Isla Del Tesoro Robert Louis Stevenson	Robert Stevenson
MLU636056240	encargo	no	El Metodo Silva De Control Mental - Philip Miele	PHILIP MIELE
MLU636056248	encargo	no	Libro Salir De La Jaula - Fabián Medina Flores - Grijalbo	Medina Flores, Fabián
MLU636056254	encargo	no	No Patologizar La Adolescencia - Insua, Gabriela	INSUA, GABRIELA
MLU636056268	encargo	no	Enciclopedia Ilustrada De Mitología - Lexus Editores	Lexus Editores
MLU636056296	encargo	no	Como Construir Su Repertorio De Aperturas	GIDDINS STEVE
MLU636056300	encargo	no	Consecuencias De Decir Te Quiero, De Manu Erena., Vol. 0.0. Editorial Plan B, Tapa Dura, Edición 1.0 En Español, 2021	ERENA, MANU
MLU636056306	encargo	no	Mirar Al Sol, Yalom, Irvin D.	Yalom, Irvin D.
MLU636056310	encargo	no	Curiosidades Con Mike. Sobrevive Al Fin Del Mundo - Con M...	Curiosidades con Mike,
MLU636056316	encargo	no	Libro Yosoyplex En El Fin Del Mundo - Yosoyplex	YoSoyPlex
MLU636056322	encargo	no	Péndulo Hebreo: Radiestesia Kabalista (péndulo + Etiquetas	Sandra Meraki
MLU636056328	encargo	no	Libro We Love Billie Eilish	VV. AA.
MLU636056340	encargo	no	El Quinteto De Nagasaki - Aki Shimazaki	Aki Shimazaki
MLU636056342	encargo	no	Los Gigantes De Las Colinas Chocolate - Gerónimo Stilton	Gerónimo Stilton
MLU636056346	encargo	no	Curso Practico De Redacion Para Abogados 2ºed. - Marina Fuci	Fucito, Marina
MLU636069154	encargo	no	Osiris, El Huevo De Obsidiana - Ana Silvia Serrano	Ana Silvia Serrano
MLU636069156	encargo	no	Para Escribir Bien En Español, Maria Marta Garcia Negroni, Waldhuter	Maria Marta Garcia Negroni
MLU636069166	encargo	no	Libro Dueña De Tu Dinero - Helena Estrada	Helena Estrada
MLU636069170	encargo	no	Los Cuerpos De La Habitacion Roja - Aguas, Iñigo	Aguas, Iñigo
MLU636069172	disponible	si	Libro Los Sonidos Del Silencio En El Abuso De Bettina Calvi	Bettina Calvi
MLU636069200	encargo	no	Equipos Ideales	Lencioni, Patrick
MLU636069202	encargo	no	Hermanos Tremending 2. Atrapados En La Red	Hermanos Tremending
MLU636069206	encargo	no	Un Año Con Schopenhauer - Yalom , Irvin David	Yalom Irvin David
MLU636069234	encargo	no	Hermanos Tremending 1.	Vv.Aa.
MLU636069238	encargo	no	Personas Altamente Sensibles - Zegers De Beijl,karina	Zegers de Beijl, Karina
MLU636069240	encargo	no	Libro Geniotipos	ANTONI ESTRUCH Y FRANCESC MIRALLES
MLU636069242	encargo	no	Libro Coaching Nutricional - Fleta, Yolanda	Fleta, Yolanda
MLU636069244	disponible	si	Libro Santos Para Pecadores	Goodier, Alban
MLU636069248	encargo	no	Ashwagandha - Ferdinand Quinones M D (paperback	Ferdinand Quinones M D
MLU636071764	encargo	no	Hadas - Brian Froud/ Alan Lee/ David Lackin	Brian Froud
MLU636072597	encargo	no	Meet Taylor Swift : Inspirational Biographies	Poppy Wilder
MLU636075557	encargo	no	Amor Et Psyche Oracle	Rachel Paul
MLU636085153	disponible	si	Argumentos En Una Baldosa 10 Jugadas Filosoficas Para Pens	Claudio Cormick Valeria Edelsztein
MLU636085451	disponible	si	Pelos Por Todos Lados Jacqui Bailey	Jacqui Bailey
MLU636088299	encargo	no	La Fiv Que Cambiará Tu Vida	Rami, Dra. Lor
MLU636092325	encargo	no	La Mujer Invisible Caroline Criado Perez	CRIADO PEREZ, CAROLINE
MLU636105199	encargo	no	Las Reglas Del Destino Jazmín Riera	Jazmín Riera
MLU636105361	encargo	no	Hajime No Ippo Nº 03	Joji Morikawa
MLU636110945	encargo	no	Jürgen Klaric Pobre Rico Millonario Jorge Cano	Cano, Jo
MLU636117605	encargo	no	Hongos Mágicos : La Guía Completa Allan Trevor	Trevor, Allan
MLU636119066	encargo	no	Libro Atlántida, De Kai. Editorial Isthar Luna-sol, Tapa Blanda ( 2020)	Kai
MLU636119078	encargo	no	Pubertad En Marcha - Calvo, Lynn Y Otros	CALVO, LYNN y otros
MLU636119086	encargo	no	El Ojo Del Pintor Y Los Elementos De La Belleza	LOOMIS, ANDREW
MLU636119088	encargo	no	Legado, El, De Beder, German. Editorial Edic.autor En Español, 2021	Beder, German
MLU636119090	disponible	si	El Bosque No Se Vende - Abrazo De Letras - Serie Roja	Dede, Maria Laura
MLU636119096	encargo	no	Libro 9 Meses Desde Dentro	Gratacós Solsona, Eduard
MLU636119102	encargo	no	El Cambio Psicologico - Antoni Bolinches	Bolinches, Antoni
MLU636119114	disponible	si	Tres Jueces	Camilleri, Andrea; Cataldo, Giancarlo
MLU636119126	disponible	si	Enciende La Llama - Pablo Aragone	Aragone, Pablo
MLU636119144	disponible	si	Política Y Hospitalidad - Penchaszadeh, Ana Paula (papel)	Penchaszadeh, Ana Paula
MLU636119148	encargo	no	Leo Y La Copa - Ian Kin	Kin, Ian
MLU636119152	encargo	no	La Biblioteca De La Medianoche De Matt Haig Editorial Alianza	Matt Haig
MLU636144664	encargo	no	Un Papa Intermitente, De Magela Demarco. Editorial La Brujita De Papel En Español, 2021	Magela Demarco
MLU636144670	encargo	no	Un Mundo En Clave De Fa - Ezequiel Starobinsky	Ezequiel Starobinsky
MLU636144678	encargo	no	Patologias Del Acto En La Adolescencia - Barrionuevo, Cibeir	Barrionuevo Cibeira
MLU636144684	disponible	si	Lo Que Cuentan De Nosotros Iñigo Aguas Español 2022	Aguas, Iñigo
MLU636144686	encargo	no	Todos Los Universos Posibles - Shua, Ana Maria	Shua, Ana María
MLU636144688	encargo	no	Mil Besos Prohibidos	Onega, Sonsoles
MLU636144690	encargo	no	Libro Hazlo Tú Mismo Con Maestros De La Costura [ Original ]	Shine
MLU636144696	encargo	no	Peron El Fetiche De Las Masas - Nicolas Marquez	Nicolás Márquez
MLU636144698	encargo	no	Cáncer Y Debilidad Del Sistema Inmunitario Según Santa Hilde	Dr. WIGHARD STREHLOW
MLU636144706	encargo	no	Libro Libertad Financiera De Sergio Fernández Editorial Plataforma En Español Tapa Blanda	Sergio Fernández
MLU636144710	encargo	no	Luis Scola - El Abanderado - Mauricio Condocea, De Codocea, Mauricio. Editorial Basquet Plus Ediciones, Tapa Blanda En Español, 2021	Codocea, Mauricio
MLU636144716	encargo	no	La Anomalia - Herve Le Tellier	Le Tellier, Herve
MLU636144726	disponible	si	Psicoanalismo, El - Robert Castel	Robert Castel
MLU636144734	encargo	no	Cinco Destinos Oscuros - Tres Coronas Oscuras 4	Blake, Kendare
MLU636144742	encargo	no	Blockchain: La Revolución Industrial De Internet. Preukschat	Alex Preukschat
MLU636144744	encargo	no	Música De Cine - Partituras Para Aficionados Al Piano	FERNANDEZ PEREZ MIGUEL ANGEL
MLU636144762	encargo	no	9 Meses Desde Dentro - Gratacos Solsona, Eduard	Gratacós Solsona, Eduard
MLU636144764	encargo	no	Libro Inmune - Philipp Dettmer	Philipp Dettmer
MLU636153464	encargo	no	Palabra De Madre. Olza, Ibone	Olza, Ibone
MLU636157036	encargo	no	Nada Es Tan Terrible - Santandreu, Rafael	Santandreu, Rafael
MLU636157044	encargo	no	Libres: Guía Ilustrada Para Infancias Rebeldes - Maniowicz	Debbie Maniowicz
MLU636157052	encargo	no	Discapacidad E Ideologia De La Normalidad - Discapacidad	Rosato, Ana
MLU636157062	encargo	no	Piensa Como Un Monje De Jay Shetty Editorial Grijalbo	Shetty, Jay
MLU636157086	encargo	no	The Walking Dead - Vol. 1 - Dias Pasados - Robert Kirkman	Robert Kirkman / Tony Moore
MLU636157088	encargo	no	Libro La Vida De Las Abejas - Losada	Maeterlinck, Maurice
MLU636157090	encargo	no	Gardel En Imagenes - In Pictures (bilingüe)	Santoro, Walter
MLU636157092	disponible	si	Libro Qatar - Fonsi Loaiza	Fonsi Loaiza
MLU636157094	disponible	no	Todo Messi - Jordi Punti	Puntí, Jordi
MLU636157100	encargo	no	Ahora Que La Vida - Serrano Morón,ismael	Ismael Serrano Morón
MLU636157106	encargo	no	Libro Si Lo Crees, Lo Creas - Tracy, Brian	Tracy, Brian
MLU636157108	encargo	no	El Ruiseã¿or - Hannah, Kristin	Hannah, Kristin
MLU636157114	encargo	no	Libro Manos Que Curan 2 [ Hágase La Luz ] Barbara Brennan	Barbara Ann Brennan
MLU636252110	encargo	no	Por Que Enfermamos De Luis Chiozza	Luis Chiozza
MLU636252120	encargo	no	Que Digo Cuando Digo Te Amo Gabriel Cartaña Detalle Tapa	Gabriel Cartañá
MLU636252122	encargo	no	Te Quiero, Mamá !! Joanna Walsh - Judi Abbot	Joanna Walsh - Judi Abbot
MLU636302707	encargo	no	¡ Cuánto Color ! Raúl Bermejo Cabezas	MILÁN
MLU636328887	encargo	no	Revolution, Industry And Empire Aaron Wilkes	Wilkes, Aaron
MLU636354435	encargo	no	Aves Del Uruguay : Guía Completa Para Conocer	Gabriel Rocha
MLU636354487	disponible	si	Todo Lo Que Ganamos ¿y Si Después Es Nunca? - Emilia Huelva	EMILIA HUELVA
MLU636379910	encargo	no	Principito El Diviertete Jugando Y Pintando	Naumann & Göbel
MLU636380501	encargo	no	Con El Amor No Basta Beck Aaron	Aaron T. Beck
MLU636391896	encargo	no	Libro - Nimbus Una Nube De Emociones	NOEMI FERNANDEZ SELVA/EVA ZURITA
MLU636403981	encargo	no	Libro Encuentro Con La Sombra, De Zweig, C., Tapa Blanda (1997)	Zweig, C.
MLU636405695	encargo	no	La Experiencia Somática: Formación De Un Yo Personal, De Stanley Keleman. Editorial Desclée De Brouwer En Español	Keleman, Stanley
MLU636419511	encargo	no	Confesiones De Un Chef - Bourdain,anthony	Bourdain, Anthony
MLU636419751	encargo	no	Dios Salve A Pep	Marti Perarnau
MLU636431135	disponible	si	Borges : O La Coincidencia De Los Opuestos, De Estela Cédola. Editorial Eudeba En Español	Estela Cédola
MLU636445543	encargo	no	Blister Goma 430 4u Blister, De Milan. Editorial Luis Vives (edelvives), Tapa Dura En Español	MILÁN
MLU636445623	encargo	no	Aves Del Uruguay Guia Completa Para Conocer - Rocha Gab	Gabriel Rocha
MLU636445627	encargo	no	Paqueño Tratado Sobre La Amistad - Joana D´ Alessio	Joana D´alessio
MLU636455793	encargo	no	Constelaciones Familiares Por Sara Levita	Levita, Sara Gloria
MLU636456925	encargo	no	Chakras Kit The Seven Doors Of Energy Laura Tuan, De Laura Tuan. Editorial Lo Scarabeo	Laura Tuan
MLU636457655	encargo	no	La Crónica De Akakor, Karl Brugger, De Karl Brugger. Editorial Ediciones Chakravarti En Español	Karl Brugger
MLU636481757	encargo	no	Todo Sobre Tu Vulva (apuntes Sobre El Placer). Tati Español	Tati Español
MLU636484429	encargo	no	Las Reglas Del Boxeador - Jazmin Riera - Planeta - Libro	Jazmín Riera
MLU636506972	encargo	no	Mary Cassatt, Pintora Impresionista, Pollock Griselda	POLLOCK, GRISELDA
MLU636599429	encargo	no	Meet Taylor Swift, De Poppy Wilder. Editorial Blisshouse Publishing En Español	Poppy Wilder
MLU636616883	encargo	no	La Torah Los Cinco Libros De Mose	Anónimo
MLU636619587	encargo	no	Nacemos De Mujer Rich Adrienne	Adrienne Rich
MLU636619791	disponible	no	Sí Es Sí, No Es No, Y Siempre Lo Decido Yo Megan Madison	Megan Madison
MLU636632619	encargo	no	Hacia La Paz Interior Thich Nhat Hanh	Nhat Hanh, Thich
MLU636632851	disponible	no	Casos Clínicos Psicofarmacología Esencial De Stahl. Vol. 2	Stephen Stahl
MLU636639298	encargo	no	Pokémon. Pikachu Guía Esencial Definitiva. Nuevo/sellado	Montena
MLU636642537	encargo	no	El Hilo Invisible Patrice Karst	PATRICE KARST
MLU636667947	encargo	no	Beehive : Level 3 : Student Book With Online Practice	Helen Casey
MLU636669787	encargo	no	Cien Anos De Soledad Gabriel Garcia Marquez	Gabriel García Márquez
MLU636671305	encargo	no	Hasta Que Te Caigas Bien Elizabeth Clapés	Elizabeth Clapes
MLU636671327	encargo	no	Las Almas De Brandon César Brandon Ndjocu	Ndjocu, Cesar Brandon
MLU636674103	encargo	no	Ayurveda Doméstico María De Ezcurra	de Ezcurra, María
MLU636681225	encargo	no	El Libro Del Pan : Reflexiones E Innovaciones	Chad Robertson
MLU636684649	disponible	si	The adidas Archive. The Footwear Collection	Christian Habermeier
MLU636719999	encargo	no	Come Grasa Y Adelgaza Mark Hyman	MD Mark Hyman
MLU636720295	encargo	no	250 Curiosidades De Los Animales Susaeta	Equipo Susaeta
MLU636733859	encargo	no	El Mundo Azul Ama Tu Caos Espinosa	Espinosa, Albert
MLU636734445	encargo	no	Noticias Sobre Antigüedades Indian De La Banda Oriental	Ameghino, Florentino
MLU636741818	encargo	no	Aviónes De Combate 50 F-14 A Tomcat Marina De Estados Unidos	Salvat
MLU636880345	disponible	no	El Hilo Invisible Patrice Karst	PATRICE KARST
MLU636883981	encargo	no	Bright Ideas Starter Wb & Osp Pack - 2019-palin, Cheryl-oxf	Palin, Cheryl
MLU636887227	disponible	si	Psiquiatras Psicologos Y Otros Enfermos - Muñoz Avia,rod...	Muñoz Avia, Rodrigo
MLU636887231	disponible	si	La Odisea De Los Hombres Buenos De Albert Pla, De Albert Pla. Editorial Sudamericana En Español	PLA, ALBERT
MLU636888277	encargo	no	El Gran Libro De Lucía, Mi Pediatra - Lucía Galán Bertrand	Galán Bertrand, Lucía
MLU636892152	encargo	no	No + Palidas: Cuatro Actitudes Para El Exito Enrique Baliño	Baliño, Enrique
MLU636892199	encargo	no	Abraza Tus Partes Rotas María Ros	María Ros
MLU636896147	encargo	no	Una Vida Valiosa - Manuela O'connell	O'connell, Manuela
MLU636900261	encargo	no	Las Consignas De Enseñanza De La Lengua. Dora Riestra	Dora Riestra
MLU636901305	encargo	no	Pasta Grannies, De Bennison, Vicky. Editorial Ediciones Salamandra, Tapa Dura En Español	Vicky Bennison
MLU636901307	encargo	no	El Dia Que Mi Hija Me Llamo Zorra - Sara Desiree Ruiz	Sara Desiree Ruiz
MLU636910806	disponible	si	Nacimientos Bajo Control : El Parto En Las Edades Moderna	Sonia García Galán
MLU636913165	encargo	no	Libro Hacia La Paz Interior De Thich Nhat Hanh, Original	THICH NHAT HANH
MLU636913167	encargo	no	Compass 2 - Language Log	LI, Jennifer
MLU636914263	encargo	no	Lexicon Italiano . Italiano - Español Español - Italiano	X.X.
MLU636926005	encargo	no	Libro: La Torah. Vv.aa.. Obelisco Ediciones	Atías, Iom Tov
MLU636938887	disponible	si	Arteterapia. Colorea Y Enmarca. Princesas, De Vários Autores. Editorial Hachette, Tapa Blanda En Español	Varios autores
MLU636939973	encargo	no	Libro Guía Completa Del Entrenamiento En Suspensión Con El	Dawes, Jay
MLU636942619	encargo	no	Bebop And Friends 3 Students Book With Navio App +digital Sb	PEIMBERT, Lorena & MONTERRUBIO, Myriam
MLU636964803	encargo	no	Corro Porque Caminar Me Cansa - Turull,sergio	Turull Serratosa, Sergio
MLU636982953	encargo	no	El Metodo No Dieta Mónica Katz	Mónica Katz
MLU636989709	disponible	si	La Tribu Que Sana - Quim Mesalles	VV. AA.
MLU636989713	encargo	no	Mi Aventura Sin Gluten - Alejandra Temporini - Grijalb Libro	Alejandra Temporini
MLU637010469	encargo	no	Hellboy Integral 1 - Mike Mignola - Norma Tapa Dura	Mignola, Mike
MLU637049247	encargo	no	Una Vida Valiosa, De O'connell, Manuela. Editorial Ediciones B, Tapa Blanda En Español, 2018	O'connell, Manuela
MLU637053427	encargo	no	Metafísica, De Franz Hartmann. Editorial Kier En Español	Franz Hartmann
MLU637066339	encargo	no	Tú Me Amas, De Caroline Kepnes. Editorial Nocturna Ediciones En Español	Kepnes, Caroline
MLU637078361	disponible	si	Locos Egregios, De Juan Antonio Vallejo-nágera. Editorial Dossat En Español	Juan Antonio Vallejo-Nágera
MLU637323357	encargo	no	Ready For B2 First Student's With Key And Digital Student's	Roy Norris
MLU637325987	encargo	no	El Cansancio De Los Buenos Roberto Almada	Almada, Roberto
MLU637326091	encargo	no	A2 Key For Schools Trainer 1 For The Revised Exam From 2020	Varios autores
MLU637326343	encargo	no	Doom Patrol 1	Morrison
MLU637337409	disponible	no	En Continua Evolución Ginnobili Santiago	Ginnobili, Santiago
MLU637337415	disponible	no	500.000 Seguidores En 5 Meses	Víctor Heras
MLU637339329	disponible	no	Polémica Sobre La Conquista Española De América	Sebastián Quesada Marco
MLU637375193	encargo	no	De Tom Y Jerry A Las Supernenas Mauricio José Schwarz	Mauricio José Schwarz
MLU637375249	disponible	si	La Aguja Hueca: Descubre Las Historias Que Cambiaron La Vida	Maurice Leblanc
MLU637385771	encargo	no	La Riqueza De Las Naciones De Smith	Adam Smith
MLU637409425	encargo	no	Insectos, Anfibios Y Reptiles Jean-jacques Bignon	Jean-Jacques Bignon
MLU637419392	encargo	no	Vampire Academy. Bendecida Por Las Sombras, Richelle Mead	Richelle Mead
MLU637548910	encargo	no	Voces En La Oscuridad, Los Gatos Guerreros, Hunter	Hunter, Erin
MLU637625966	encargo	no	¡vaya Lío De Familia!, Pascale Francotte	Pascale Francotte
MLU637666831	encargo	no	Learn With Ollie 3 Student's Pack	Unknown Author
MLU637688735	encargo	no	Agenda 2024 - Palabras Semillas (td) - Brujita De Papel	Magela Demarco
MLU637698878	disponible	si	Un Super Papá Llamado	VV. AA.
MLU637698906	encargo	no	Walden Thoreau David Losada	Thoreau, Henry David
MLU637724784	disponible	si	Una Posibilidad Entre Mil, Cristina Durán	Durán Cristina y Giner Bou Miguel A
MLU637727761	encargo	no	Wider World 2 Students' Book & Ebook	Pearson
MLU637740163	encargo	no	Genocidio Y Resistencia Juan Pablo Artinian	Juan Pablo Artinian
MLU637772847	disponible	si	La Medicalización Del Sexo : El Viagra Femenino	Marta I. González García
MLU637773001	encargo	no	100 Veces Redondos Patricio Rey	Fernando García
MLU637773023	disponible	no	Talk That Talk Rihanna Estándar	
MLU637778860	encargo	no	Simón En Ya Llega La Navidad (coleccion Simón) Cartone	Pomés Leiz, Juliet
MLU637781488	encargo	no	Paw Patrol Patrulla Caninna Vehiculos Libro Sonidos	Dial Book
MLU637787841	encargo	no	Bright Ideas 4 Ab & Osp Pk	Charlotte Coville
MLU637800475	encargo	no	Transforma Tu Vida Con Ho Oponopono: Aprende La Técnica De Sanación Ancestral Hawaiana, De Nicandro Pereyra. Editorial Independently Published En Español	Nicandro Pereyra
MLU637813211	encargo	no	Pensar Lo Psicomotor, De Leticia González. Editorial Corporaediciones En Español	LETICIA GONZÁLEZ
MLU637815291	disponible	si	En Busca De La Ayahuasca Y Otros Desvios Paul Theroux	Paul Theroux
MLU637826437	encargo	no	Hongos Mágicos: La Guía Completa, De Allan Trevor. Editorial Independently Published En Español	Trevor, Allan
MLU637826747	encargo	no	Bright Ideas: Level 4 Pack	Cheryl Palin
MLU637839199	encargo	no	Dios Salve A Pep: Retrato De Una Coronación, De Marti Perarnau. Editorial Corner En Español	Marti Perarnau
MLU637841151	encargo	no	Dr. Sebi Dietas Alcalinas Antiinflamatorias Y Hierbas	Rehtse Trendie Ph.D
MLU637872892	encargo	no	Maravilloso Desastre (beautiful 1)	Jamie McGuire
MLU637876908	encargo	no	Krao Vs. Italianini 2, La Conquista Del Mundo, Krao.	Krao
MLU637878251	encargo	no	¿ Qué Hay Después De La Muerte ? Emilio Carrillo Benito	Carrillo Benito, Emilio
MLU637883456	encargo	no	Poda E Injerto De Frutales Vv.aa.	VV. AA.
MLU637883606	encargo	no	Laboratorio Uruguay - Estenssoro, María Eugenia; Naishtat, S	Estenssoro, María Eugenia; Naishtat, S
MLU637886216	encargo	no	Ratoncito Raton Perez Dientes	Meritxell Marti
MLU637887248	encargo	no	Verum Trilogia Nocte 2	Cole, Courtney
MLU637892946	encargo	no	Enciclopedia Ilustrada De Minerales, Rocas Y Fósiles	Carmen Martul Hernández
MLU637927049	encargo	no	100 Veces Redondos Jose Bellas Hay Stock	Bellas, Jose
MLU637927055	encargo	no	Que Hay Despues De La Muerte? - Carrillo Benito,emilio	Carrillo Benito, Emilio
MLU637927057	disponible	no	Primavera Silenciosa - Rachel Carson	Carson, Rachel
MLU637940037	encargo	no	El Género Y Nuestros Cerebros - Rippon, Gina	Rippon, Gina
MLU637940041	disponible	si	Libro La Espia De Cristal - Pere Cervantes	PERE CERVANTES
MLU637943634	encargo	no	Trenzas Gauchas, Lopez Osornio Mario A.	Lopez Osornio, Mario A.
MLU637967562	encargo	no	Registros Akashicos, Claudia Federica Zosi	Claudia Federica Zosi
MLU637967768	encargo	no	¿puedo Mirar Tu Pañal? - Van, Guido	VAN, GUIDO
MLU637991517	encargo	no	Yolo Aventuras 3 Y Los Impostores Del Espacio, De Yolo. Editorial Editorial Planeta Mexicana En Español	Yolo
MLU637991684	encargo	no	Miseria - Dolores Reyes	DOLORES REYES
MLU638002894	encargo	no	Que Es Esto? Cecilia Blanco Esi Sexualidad Infantil	Cecilia Blanco
MLU638011535	encargo	no	Estuche Trilogía De La Ciudad Blanca Eva Garcia	Eva García Sáenz de Urturi
MLU638039351	encargo	no	Helbling Readers Red Series 3 Adventures Of Tom Sawyer	VV. AA.
MLU638043119	encargo	no	Sidur Cabalístico, De Rabí Moshé Cordovero. Editorial Independently Published En Español	Rabí Moshé Cordovero
MLU638043139	encargo	no	Dr. Sebi Dietas Alcalinas, Antiinflamatorias Y Hierbas Medicinales, De Rehtse Trendie Ph.d. Editorial Independently Published En Español	Rehtse Trendie Ph.D
MLU638050485	encargo	no	El Hijo Del   Ajedrecista    Fernando Rodriguez Mondragon	Fernando Rodriguez Mondragon ·
MLU638050497	encargo	no	50 Cápsulas De Amor Propio Sara Espejo	SARA ESPEJO
MLU638063093	encargo	no	Sobre La Vida Feliz Lucio Anneo Seneca	Lucio Anneo Seneca
MLU638063113	disponible	si	Discapacidad Intelectual Miguel Ángel Verdugo Alonso	Miguel Ángel Verdugo Alonso
MLU638063323	encargo	no	Libros Trilogia De La Ciudad Blanca [ Original ] Estuche	Eva García Sáenz de Urturi
MLU638098401	encargo	no	Sobre La Muerte Y Los Moribundos Kubler Ross Elisabeth Usado	Kublerross, Elisabeth
MLU638098709	encargo	no	Libro Ayudarse A Si Mismo Lucien Auguer	Lucien Auguer
MLU638098945	encargo	no	Obstetricia 7ma. Edición Carlos Duverges Ricardo Fescina	Carlos Duverges Ricardo Fescina
MLU638122849	encargo	no	Obstetricia - 7ma Edicion - Deverges / Fescina / Schwarcz	Carlos Deverges / Ricardo Fescina / Ricardo Leopoldo Schwarcz
MLU638246773	encargo	no	Estilos Neuroticos	Shapiro David
MLU638260099	encargo	no	Discursos De La Servidumbre Voluntaria, De Étienne De La Boétie. Editorial Akal, Tapa Blanda En Español	Boétie, Étienne de La
MLU638261937	encargo	no	Guía De Bolsillo Del Dsm5 Abraham M. Nussbaum	Nussbaum, Abraham M.
MLU638261957	encargo	no	Cómo Ganar Dinero Con Las 27 Técnicas En Bienes Raíces	DANNY CCOICCA
MLU638277817	disponible	si	El Verdadero Yo : ¡ En Pie ! John Powell	John Powell, SJ
MLU638298985	encargo	no	Sólo Los Paranoides Sobreviven	Andrew S. Grove
MLU638300849	encargo	no	Neurodesarrollo En Neonatología Graciela Basso	Graciela Basso
MLU638300853	encargo	no	Espabila De Una Puta Vez José Montañez	José Montañez
MLU638311629	disponible	si	Cambridge Igcse Spanish As A First Language - Student`s Kel	PUENTE, Laura & PRIEGUE, Jacobo & VALBUENA, Ana
MLU638311631	encargo	no	First For Schools Trainer 2 Six Practice Tests Without Answe	No informa
MLU638324591	disponible	si	La Experiencia Contemplativa, De Fajardo, Olga. Editorial Kairós En Español	Fajardo, Olga
MLU638326323	encargo	no	Winnie Y Wilbur Los Piratas ( Coleccion Winnie Y Wilbur )	Korky Korky
MLU638326363	encargo	no	Libro Entre Mi Hijo Y Yo, La Luna Paez Carlos	Paez vilaró Carlos
MLU638342199	disponible	no	Polémica Sobre La Conquista Española De América, De Sebastián Quesada Marco. Editorial Unión Editorial En Español	Sebastián Quesada Marco
MLU638352251	encargo	no	Winnie Y Wilbur El Caballero Revoltoso ( Coleccion Winnie Y	Korky Korky
MLU638374270	encargo	no	El Caso Del Reloj De 1812 -un Libro De Aventuras Con Olores	FONSECA, JAVIER y GONZÁLEZ, JOAQUÍN (Ilustr.)
MLU638376899	disponible	si	Recuperación Zona, De Patrick J. Carnes. Editorial Gentle Path Press En Español	Patrick Carnes
MLU638506385	encargo	no	La Tinta De Mis Ojos	Ocaña, Aitana
MLU638515699	encargo	no	Mentalidad Mamba ( Con Detalle ) - Kobe King Wesley Bryant	King Wesley Bryant
MLU638518809	disponible	no	Sí Es Sí, No Es No, Y Siempre Lo Decido Yo, De Megan Madison. Editorial Penguin Kids En Español	Megan Madison
MLU638519735	disponible	si	Libro De Oraciones Y Decretos (t) . Meditaciones Diarias	GERMAIN SAINT
MLU638568983	encargo	no	Libro Los Puntos De Bordado Esenciales Atelier Fil	Atelier Fil
MLU638581391	encargo	no	Libro Sashiko 365: Un Nuevo Motivo Bordado Para Cada Día	Susan Briscoe
MLU638586727	disponible	si	Microtraumas: Reconoce Y Combate Los Devastadores Efectos	DRA. MEG ARROLL
MLU638595637	encargo	no	Dame Reggaetón, Platón Josep Soler	JOSEP SOLER
MLU638595855	encargo	no	Manual De Aplicación De Las 5 Leyes Biológicas Mark Ulrich P	MARK ULRICH PRISTER
MLU638602933	encargo	no	Libro Cambridge Igcse And O Level Global Perspectives Course	Keely Laycock
MLU638603663	encargo	no	Libro Bordado Sashiko Con Hilos Contados Keiko Sakamoto	Keiko Sakamoto
MLU638639571	encargo	no	Libro Grammar And Vocabulary For First And First For Schools	THOMAS, Barbara & OTHERS
MLU638641699	encargo	no	Los Guardianes Ser Enseñanzas Espirituales Eckhart Tolle	Eckhart Tolle
MLU638652041	encargo	no	Libro Palabras Semilla Magela Demarco Outlet Con Detalle	Magela Demarco
MLU638653845	encargo	no	Aprende A Hablar Con Los Animales - Clara Martin Cifredo	Clara Martin Cifredo
MLU638679339	encargo	no	Espabila De Una Puta Vez José Montañez Outlet Con Detalle	José Montañez
MLU638679369	encargo	no	Advanced Trainer Six Practice Tests Without Answers With Au	No Aplica
MLU638679395	encargo	no	Trabajar En Instituciones Los Oficios Del Lazo	Magela Demarco
MLU638701765	encargo	no	Dame Reggaetón, Platón - Josep Soler	JOSEP SOLER
MLU638939381	disponible	si	El Mensaje De Las Lágrimas, De Payàs Puigarnau, Alba., Vol. 1. Editorial Paidós, Tapa Pasta Blanda, Edición 1 En Español, 2024	Payàs Puigarnau, Alba
MLU638943459	encargo	no	Tratando El Trauma En Terapia Dialéctica Conductual	Edición clínica en castellano Paolo Pérez Luna y Pablo Gagliesi., Melanie S.
MLU638946337	disponible	si	Libro La Llegada Mas Esperada .guia Pediatrica De Montes De Oca Diego	Montes De Oca Diego
MLU638946363	encargo	no	Hacia Una Terapia Basada En Procesos (tbp) - Hayes / Hofmann	Steven C. Hayes / Stefan G. Hofmann
MLU638951735	disponible	no	Reinventar El Mundo Con Las Niñeces Magistris, Gabriela	Magistris, Gabriela
MLU638956397	encargo	no	Sumar Al Amor Manual De Habilidades Para Familiares	Carola Pechon, Gabriela Rodriguez Rey, Corrine R. Stoewsand, Pablo Gagliesi, Paula José Quintero
MLU638959397	disponible	si	Luis Miguel, El Gran Solitario... 24 Años Despues	Icaza, Claudia
MLU638959401	disponible	si	Libro Sin Barro No Crece El Loto	Nhat Hanh, Thich
MLU638964703	disponible	si	Luis Miguel, El Gran Solitario... 24 Años Después	Icaza, Claudia de
MLU638969627	encargo	no	New Close-up B1+ Student Book	Katherine Stannett, Ingrid Wisniewska
MLU638969635	encargo	no	Alguien Voló Sobre El Nido Del Cuco - Kesey Ken	Ken Kesey
MLU638990549	encargo	no	Matematicas Para La Computacion Jimenez Murillo	JIMÉNEZ MURILLO , José Alfredo
MLU638990553	disponible	si	La Llegada Mas Esperada Guia Pediatrica Montes De Oca Diego	Montes De Oca Diego
MLU638997343	encargo	no	Desbloquea Tu Próximo Nivel - Daniela De Lucia	Daniela De Lucia
MLU638998053	encargo	no	Libro La Red Infinita - Yayoi Kusama	Yayoi Kusama
MLU638998057	encargo	no	Aventuras De Ariancita, Un Viaje Con Sorpresa, Las, De Ariancita. Editorial Montena, Tapa Blanda, Edición 1 En Español, 2024	Ariancita
MLU639009103	encargo	no	Winnie Y Wilbur. La Casa Embrujada	Korky Korky, Valerie Thomas
MLU639017049	encargo	no	Espabila De Una Puta Vez, De José Montañez. Editorial Independently Published En Español	José Montañez
MLU639020935	disponible	si	Dbt Escuelas: Entrenamiento De Habilidades En Resolución	James J. Mazza Marsha M. Linehan
MLU639030055	encargo	no	Cómo Evitar El Insomnio Infantil, De Richard Ferber. Editorial Touchstone; Illustrated Edición En Español	Richard Ferber
MLU639047111	disponible	si	Think Tank Scholar 335 Tarjetas Flash De Matemáticas	Think Tank Scholar
MLU639187587	encargo	no	Manual De Evaluacion Y Entrenamiento De Las Habilidades Sociales, De Vicente E. Caballo. Editorial Siglo Xxi, Edición 1 En Español	Caballo, Vicente E.
MLU639277149	encargo	no	Manual De Evaluación Y Entrenamiento Caballo, Vicente E.	Caballo, Vicente E.
MLU639289551	encargo	no	La Doma Clásica Barry Marshall	Barry Marshall
MLU639450443	encargo	no	Libro: 1982 - Yofre	Yofre
MLU639454786	encargo	no	Basta De Amores De Mierda, Gonzalo Romero	GONZALO ROMERO
MLU639558952	disponible	si	Manual Para Tocar Guitarra, Ernie Jackson	Ernie Jackson
MLU639559065	encargo	no	Brock Biología De Los Microorganismos	Michael Madigan
MLU639559487	encargo	no	Urgencias Médicas Cabrera & Domínguez De Bolsillo	CABRERA & DOMINGUEZ
MLU639571386	encargo	no	Arno Klocker Y El Pastoreo Racional. Voisin  Vanoni	SABINO, Hugo A. / VANONI, Edgardo J.
MLU639572715	encargo	no	Solo Para Chicas, De Delmege, Sarah. Editorial Cottage Door Press, Tapa Dura En Español, 2021	Delmege, Sarah
MLU639598389	encargo	no	Solo Para Chicas Pubertad Crecimiento Adolescente	Sarah Delmege
MLU639611409	disponible	no	Piloto De Stukas Hans-ulrich Rudel	Hans-Ulrich Rudel
MLU639615986	encargo	no	Dulces Sueños!-cómo Lograr Que Tus Hijos Duerman Tranquilos	Berrozpe Martinez, Maria
MLU639637179	encargo	no	Vélez Ecg Handbook	Dr. Vélez Rodríguez
MLU639637361	encargo	no	Introducción A La Biología Celular +ebook	Alberts, Hopkin, Johnson, Morgan, Raff, Roberts, Walter
MLU639644286	disponible	si	La Persona Tras El Deportista, Carlos Bernabé	Carlos Bernabé
MLU639649775	disponible	si	Proust: Y Tres Diálogos Con Georges Duthuit - Beckett	Beckett, Samuel
MLU639657502	encargo	no	Los Dioses Del Cambio De Howard Sasportas	Howard Sasportas
MLU639658354	encargo	no	Evaluar... Enseñar... Evaluar... Ana María Kaufman	Ana María Kaufman, Gallo Adriana, Locascio Maximiliano, Marguery Marcela, Ortega Noemí, Rodríguez María Elena, Wuthenau Celina
MLU639759176	encargo	no	Hocus Pocus Hotel: Los Prisioneros Del Piso Trece	DAHL, MICHAEL
MLU639968965	disponible	si	Instrumentación Quirurgica Técnica Cirugia General Broto	Mónica Graciela Broto, Stella María Delor
MLU640019835	encargo	no	Basta De Amores De Mierda 6 Romero, Gonzalo	"El Pela" Gonzalo Romero
MLU640027199	encargo	no	Clave De La Enseñanza De Cristo De Parise Jose Luis	Parise, Jose Luis
MLU640057562	encargo	no	Núñez Bustos: Mariposas Ciudad De Buenos Aires Y Alrededores	Ezequiel Nuñez Bustos
MLU640099827	encargo	no	Libro Cruz De Caravaca Tesoros De Milagros Y Oraciones Kier	Anónimo
MLU640099829	encargo	no	Libro Cruz De Caravaca Tesoros De Milagros Y Oraciones	Anónimo
MLU640099929	encargo	no	El Efecto Compuesto. Multiplica Tu Éxito De Forma Sencilla	Darren Hardy
MLU640123074	encargo	no	Lo Que Queda De La Infancia Zanel, Jardín, Inicial	ANTELO, REDONDO
MLU640126643	disponible	si	Libro Máquinas,  Cálculos De Taller,  Casillas, 40° Edición	A. L. Casillas
MLU640137226	encargo	no	Wider World 3 Students Book +  Ebook	Barraclough, Carolyn
MLU640139623	disponible	si	Libro Máquinas. Cálculos De Taller - A. L. Casillas	A. L. Casillas
MLU640177495	encargo	no	El Efecto Compuesto Multiplica Tu Éxito De Forma Sencilla Darren Hardy Spanish Taller Del Éxito Tapa Blanda 2021	Darren Hardy
MLU640178645	encargo	no	Mono Que Llevamos Dentro,el - Frans De Waal	Waal, Frans de
MLU640191599	encargo	no	El Mono Que Llevamos Dentro - Frans De Waal - Ancestros	Waal, Frans de
MLU640218609	disponible	si	Comprensión Negativa - Monroy - Congnitiva, Fonoaudiología	Raquel Monroy
MLU640253833	encargo	no	Libro: Nacidos Para Correr. Mcdougall, Christopher. Debate	McDougall, Christopher
MLU640254031	disponible	no	Libro Fabricacion De Embutidos, De Effiong Essien. Editorial Acribia, Tapa Blanda	Effiong Essien
MLU640257499	encargo	no	Terapia Vincular Familiar - Claudia Messing	Messing, Claudia
MLU640279767	encargo	no	Libro: Nacidos Para Correr. Mcdougall, Christopher. Debate	McDougall, Christopher
MLU640292493	encargo	no	Libro Las Profecías De Nostradamus - En Español	Michel Nostradamus
MLU640292649	disponible	no	Fabricacion De Embutidos, Principios Y Práctica - Essien	Effiong Essien
MLU640380263	disponible	si	Curso Básico De Prp Y Plasma Gel : Capacitación En Estética Facial, Plasma Rico En Plaqu..., De Ing Hanz Flechas. Editorial Independently Published, Tapa Blanda En Español	Ing Hanz Flechas
MLU640393213	encargo	no	Guía Practica Uso De Secuencias Numéricas - Grigori Gravoboi	Grigori P Grabovoi
MLU640393259	disponible	si	Curso Básico Prp Y Plasma Gel Estética Facial, Gel Cirugía	Ing Hanz Flechas
MLU640431829	encargo	no	Libro Compartir La Naturaleza - Cornell, Joseph	Cornell, Joseph
MLU640457637	encargo	no	Guia Practica Del Uso De Secuencias Numericas	Grigori P Grabovoi
MLU640506730	disponible	si	Comprensión Con Pictogramas: El Centro Comercial	Ayelo, Rosa Mª
MLU640541271	encargo	no	Libro Coordenadas Para La Psicosis Ordinarias De Jean Claude	Jean-Claude Maleval
MLU640554231	encargo	no	Libro Coordenadas Para La Psicosis Ordinarias De Jean Claude	Jean-Claude Maleval
MLU640556540	encargo	no	C1 Advanced Trainer 2. Six Practice Tests With Answers	VV. AA.
MLU640590999	disponible	no	Libro: Pop-up. ¿dónde Está? El Espacio	Dawn Sirett
MLU640605735	encargo	no	Estuche André Gide Diario 1887-1950	André Gide
MLU640617219	encargo	no	El Ruido De Las Cosas Al Caer - Juan Gabriel Vásquez	Vasquez, Juan Gabriel
MLU640628787	encargo	no	Libro: De Cero A Uno - Peter Thiel - Blake Masters - Gates	Peter Thiel
MLU640706553	disponible	si	Cuaderno Ejercicios Estimulacion Funciones Cognitivas España	Carmen Mª León Lopa
MLU640720473	encargo	no	Curación Cuántica: Las Fronteras De La Medicina Mente-cuerpo, De Deepak, Chopra. Editorial Gaia Ediciones, Tapa Blanda, Edición 1 En Español, 2014	Deepak, Chopra
MLU640725280	encargo	no	Razón De Mi Vida - Perón Eva - Cs Ediciones	Peron, Eva
MLU640731909	encargo	no	Ejercicios Para La Recuperacion De La Dislexia 4 (12 Años)	Berdejo Benedi, Bach Alemany
MLU640733291	encargo	no	Libro: Noni El Jugo De La Vida - Jack Lawson	Lawson, Jack
MLU640738802	encargo	no	Vida De Clase: Cinco Años Con Mario Lodi Y Sus Alumnos	Francesco Tonucci
MLU640742582	encargo	no	Enciclopedia De Las Hierbas Magicas - Scott Cunningham	Scott Cunningham
MLU640746167	encargo	no	Noni. El Jugo De La Vida, De Lawson, Jack. Editorial Ediciones Obelisco, Tapa Blanda En Español, 2006	Lawson, Jack
MLU640759460	encargo	no	El Nuevo Libro Del Chino	No Aplica
MLU640760232	encargo	no	Todos Mis Futuros Son Contigo : Marwan	MARWAN
MLU640770109	encargo	no	Ejercicios Para La Recuperación De La Dislexia 2 (8-9 Años)	Berdejo Benedi, María José
MLU640783643	disponible	si	Es De Sol - Fernández De Nazar Anchorena, Ana	Fernández De Nazar Anchorena Ana
MLU640785075	encargo	no	Martes Con Viejo Profesor Un Testimonio Sobre La Vida  Albom	Albom, Mitch
MLU640785413	encargo	no	El Rulas 1: El Rulas Y La Motillo Perdida Animalize21	Animalize21
MLU640796627	disponible	si	Libro: Es De Sol - Fernández De Nazar Anchorena, Ana	Fernández De Nazar Anchorena Ana
MLU640796873	encargo	no	Fabrica De Escalofrios - Poemas Para Combinar - H Cavallo	Horacio Cavallo – Tati Babini
MLU640796875	encargo	no	** Fabrica De Escalofrios ** Poemas Para Combinar H Cavallo	Horacio Cavallo – Tati Babini
MLU640797219	encargo	no	I-ching 64 Oracle Cards, De Dato De Portada. Editorial Lo Scarabeo En Español	DATO DE PORTADA
MLU640878403	encargo	no	Tecnicas De Patronaja Moda Alta Costura - Vol. 1  Donnanno	Donnanno, Antonio
MLU640943301	encargo	no	Tecnicas De Patronaje De Moda Alta Costura - Volumen 1, De Donnanno, Antonio. Editorial Promopress, Tapa Blanda En Español, 2017	Donnanno, Antonio
MLU640944563	disponible	si	Libro Prisma J. Taller De Competencia Lectora Y Escritura Critica, De Montoya Arias, Leon Andres. Editorial Vicens Vives, Tapa Blanda ( 2020)	Montoya Arias, Leon Andres
MLU640955650	disponible	si	El Placer De Cuidarnos - Miriam Subirana	Miriam Subirana
MLU640957445	disponible	si	Prisma, Taller De Competencia Lectora Y Escritura Crítica	Montoya Arias, Leon Andres
MLU641088949	disponible	si	Libro Sanadores, Parteras, Curanderos, Médicas - Diego Armus	Diego Armus
MLU641262546	encargo	no	El Nudo De Carlos Pagni	Carlos Pagni
MLU641291706	encargo	no	El Caballero De La Armadura Oxidada (ed. Ilustrada C/cuadern	Fisher, Robert
MLU641305105	disponible	si	Zelda  Detrás De La Leyenda Shigeru Miyamoto Nintendo	SALVA FERNÁNDEZ
MLU641305261	encargo	no	Cómo Invierte Warren Buffett 24 Estrategias Inversor	JAMES PARDOE
MLU641305469	encargo	no	El Origen De Las Palabras - Soca, Ricardo	SOCA, RICARDO
MLU641317881	encargo	no	El Oro De Los Dioses   Daniken Extraterrestres	Erich von Däniken
MLU641317963	disponible	si	El Erotismo Francesco Alberoni Tapa Dura	FRANCESCO ALBERONI
MLU641318333	disponible	no	El Pastor Mentiroso - Coleccion Caballo Clasico	BRENLLA LAURA
MLU641331235	disponible	si	El Ángel De Budapest La Lista De Sanz Briz, El Oskar Schindl	Alarcón, Julio Martin
MLU641336108	encargo	no	Rehabilitación Cognitiva Casos Clínicos, Roca Maria	Roca, María
MLU641369917	disponible	si	Zelda, Detrás De La Leyenda, De Salva Fernández	SALVA FERNÁNDEZ
MLU641370177	disponible	si	Angel De Budapest,el - Julio Martin Alarcon	Alarcón, Julio Martin
MLU641370213	disponible	si	Las Neuronas Encantadas - Pierre Boulez	Boulez, Pierre
MLU641382912	encargo	no	Jesús Aproximacion Historica - Jose Antonio Pagola	Jose Antonio Pagola
MLU641383057	encargo	no	Umbral Lactico Lopez Chicharro	José López Chicharro, Davinia Vicente Campos
MLU641383095	disponible	no	Caballo Clasico :el Pastor Mentiroso	BRENLLA LAURA
MLU641396051	encargo	no	Umbral Láctico Bases Fisiológicas  Aplicación Entrenamiento	LÓPEZ CHICHARRO
MLU641434455	disponible	si	Método Guitarra Cifra Tarrago, Gracia	TARRAGÓ
MLU641457655	encargo	no	Libro El Conflicto No Es Abuso - Sarah Schulman - Paidós	Sarah Schulman
MLU641472593	encargo	no	Mujeres De Ojos Grandes	Mastretta, Ángeles
MLU641501664	encargo	no	Nunca Te Pares Autobiografia De Fundador De Nike Phil Knight	Phil Knight
MLU641514532	encargo	no	Tu Eliges Lo Que Comes - Casabona,carlos	Carlos Casabona
MLU641538528	encargo	no	El Método Strauss Seductor Seducción	Strauss, Neil
MLU641669702	encargo	no	El Espejo Vacío - Zen - Janwillem Van De Wetering	Wetering, Janwillem Van Den
MLU641700363	encargo	no	En Sintonia Constelaciones Familiares  Trauma	THOMAS HÜBL
MLU641700503	disponible	si	Adam Smith Riqueza Naciones  Sentimientos Morales -  Butler	Butler, Eamonn
MLU641700551	encargo	no	Pack Lean Startup - Eric Ries	Ries, Eric
MLU641720852	encargo	no	Nueva Concordancia Exhaustiva Strong	Strong, James
MLU641726337	encargo	no	Libro 1. Los Reyes Malditos El Rey De Hierro De Maurice Dru	Maurice Druon
MLU641726381	encargo	no	Pack Método + Camino Hacia Lean Startup (2 Libros) Eric Ries	Ries, Eric
MLU641751901	encargo	no	Estuche Inteligencia Emocional Focus Confianza Autoconcienci	Varios Autores
MLU641752015	encargo	no	La Bruja En Casa	ARIN MURPHY-HISCOCK
MLU641753978	disponible	si	Amar Y Ser Amado, Dejar Y Ser Dejado 10 - Io Sakis	Io Sakisaka
MLU641797103	encargo	no	Los Chicos Toman La Palabra   Teoría Y Métodos Pedagógicos	Horacio Cárdenas
MLU641810087	encargo	no	Lo Bueno De Tener Un Mal Dia - Gonzalez, Anabel	Gonzalez, Anabel
MLU641810121	disponible	si	La Reinvención Ideológica De América Latina. Emmanuel Rincón	Emmanuel Rincón
MLU641836173	encargo	no	Los Chicos Toman La Palabra - Cardenas - Siglo Xxi - Libro	Horacio Cárdenas
MLU641848825	encargo	no	La Solucion Microbioma, De Robynne Chutkan. Editorial Gaia, Tapa Blanda En Español, 2016	Chutkan Robynne
MLU641874743	encargo	no	La Solución Microbioma Sanación Flora Intestinal  Chutkan	Robynne Chutkan
MLU641887759	disponible	si	El Oro De Los Dioses - Usado	Erich von Däniken
MLU641936105	disponible	no	Harry Potter: La Coleccion De Varitas (pack Con Varita) - Mo	MONIQUE PETERSON
MLU641936153	disponible	si	Rubio Escritura Caligrafia Dificul.media 16(parkinson	FUNDACIÓN CUADERNOS RUBIO
MLU641949543	encargo	no	. Grimley. Color, Espacio Y Estilo 3ed	Chris Grimley
MLU641956946	encargo	no	Vida Despues Del Reseteo  Facundo Pereyra Resetea Intestinos	Facundo Pereyra
MLU641962563	encargo	no	Guia De Bolsillo De La Teoria Polivagal - W Porges,stephen	Porges, Stephen W.
MLU641962581	encargo	no	Color, Espacio Y Estilo. Diseño Diseñadores De Interiores	Chris Grimley, Mimi Love
MLU641974667	disponible	no	Harry Potter: La Colección De Varitas (pack Con Varita)	MONIQUE PETERSON
MLU641983772	encargo	no	Pomelo Textos Dibujos Yoko Ono John Lennon	Yoko Ono
MLU641987469	disponible	no	Harry Potter: La Guia Pop-up De Las Criaturas  Mundo Magico	WILSON Y JODY REVE MATTHEW REINHART
MLU641987543	disponible	si	Escritura Caligrafia  Estimulacion De Destreza Motoras Fina	FUNDACIÓN CUADERNOS RUBIO
MLU642020682	encargo	no	Plantas De Los Dioses - Albert Hofmann	Schultes, Richard Evans
MLU642255818	encargo	no	Sabiduría - Onfray, Michel	Onfray, Michel
MLU642279971	encargo	no	Fonzo Está Furioso Terapia Cognitivo Conductual Ira	Gabriel Genise
MLU642291871	encargo	no	Libro Animascopio,animales De Granja - Edition Philippe Auzou, De Edition Philippe Auzou. Editorial Auzou, Tapa Blanda	EDITION PHILIPPE AUZOU
MLU642303121	encargo	no	Papá Contigo El Mundo Es Diferente Regalo  Día Del Padre.	Valentí Gubianas
MLU642316243	disponible	si	Papa, De Ritxar Bacete. Editorial Planeta, Tapa Blanda En Español, 2021	BACETE RITXAR
MLU642318709	encargo	no	Test - Las Aventuras De Pata Negra	Louis Corman
MLU642332330	disponible	si	The Element - Ken Robinson	Robinson, Ken
MLU642349811	encargo	no	Libro 50 Cápsulas De Amor Propio Sara Espejo Tapa Blanda En Español	SARA ESPEJO
MLU642410278	encargo	no	La Fatal Arrogancia F.a. Hayek	hayek
MLU642440191	encargo	no	Vehiculos Electricos E Hibridos	Ros Marin
MLU642440215	encargo	no	El Pozo Mas Profundo Sanar Los Efectos Largo Trauma Infancia	Burke Harris M.D., Nad
MLU642449080	encargo	no	Camino De Servidumbre Hayek	F. A. Hayek
MLU642452993	encargo	no	Libro Ejercicios Polivagales Para La Seguridad Y La Conex...	DANA, DEB
MLU642466117	encargo	no	Adultos Pasatiempos Sopa De Letras Sudokus Test Crucigrama	María López Villodres
MLU642478821	disponible	si	Amores Ideales Rupturas Reales  Construye Relaciones Sanas	Raul Lopez
MLU642504595	encargo	no	Vehículos Eléctricos E Híbridos	Ros Marin
MLU642517211	disponible	si	Construir Los Vinculos Del Apego - Hughes, Daniel A.	HUGHES,DANIEL A
MLU642572595	disponible	no	Beata Maria Antonia De San Jose, De Alfredo Sáenz. Editorial Gladius En Español	Alfredo Saenz
MLU642602843	encargo	no	Desbloquea Tu Próximo Nivel - Daniela De Lucia, De Daniela De Lucia. Editorial El Ateneo En Español	Daniela De Lucia
MLU642623867	disponible	si	Pack Cronica Del Rock, De Guaitamacchi Ezio. Editorial Manontroppo, Edición 1 En Español, 2019	GUAITAMACCHI , EZIO
MLU642662055	encargo	no	La Tabla Periódica, De Raquel Gu. Editorial Andana Gráfica, Tapa Blanda En Español, 2023	RAQUEL GU
MLU642674917	encargo	no	Animales De La Sabana: Toda La Verdad Sobre Los Animales, De Vv. Aa.. Animascopio, Vol. 1. Editorial Auzou, Tapa Dura En Español, 2018	VV. AA.
MLU642801681	encargo	no	Crímenes Ilustrados: ¿quién Es El Asesino? - Modesto García	GARCIA, MODESTO
MLU642814843	encargo	no	Libro Crimenes Ilustrados: ¿quien Es El Asesino? - Resuelve	GARCIA, MODESTO
MLU642854169	encargo	no	El Demonio Que Hay En Ti Crueldad Humana Psiquiatría Forense	Adshead, Gwen
MLU642923005	disponible	si	Ana Quiroga - Puentes Hacia La Comunicación Musical	Violeta H. de Gainza
MLU642935647	disponible	si	Libro: Fito Paez - Puentes Hacia La Comunicación Musical	Fito Páez
MLU642961645	disponible	si	Eduardo Pavlosvsky - Puentes Hacia La Comunicación Musical	Violeta H. de Gainza
MLU642968239	encargo	no	Comprender Y Tratar La Vergüenza Crónica, De Patricia A. Deyoung. Editorial Editorial Eleftheria Sl, Tapa Blanda En Español, 2024	Patricia A. DeYoung
MLU642986811	encargo	no	Libro: De Mi Para Mi - Nacarid Portal	Nacarid Portal
MLU642987527	disponible	si	Puentes Hacia La Comunicación Músical 1  Ezequiel Ander-egg	Violeta H. de Gainza
MLU643019943	disponible	no	Harry Potter: La Guia Pop-up De Las Criaturas Mundo Magico, De Wilson Y Jody Reve Matthew Reinhart. Editorial Norma Editorial, S.a, Tapa Dura En Español, 2023	WILSON Y JODY REVE MATTHEW REINHART
MLU643019947	encargo	no	Grafismos - Libro De Aprestamiento - Hola Chicos	MARITZA SAGO
MLU643026389	disponible	no	María Esther Rey - Puentes Hacia La Comunicación Musical	Violeta H. Gainza
MLU643045119	encargo	no	Libro La Teoría De La Bolsa De La Ficción - Ursula Le Guin	Úrsula Le Guin
MLU643166579	encargo	no	Prolegomenos Al Libro Carne Sanders Kitty Trata Personas	Kitty Sanders
MLU643166839	encargo	no	1421. El Año En Que China Descubrio El Mundo - Menzies, Gavi	Menzies, Gavin
MLU643166933	encargo	no	The Little Friend- Donna Tartt	Donna Tartt
MLU643167057	disponible	si	Superman Caja Metálica 3 Libros+ 4 Rotu+ Póster + Pegatinas	DC Superhéroes
MLU643179271	encargo	no	Neuroarquitectura Aprendiendo Traves Del Espacio Mombiedro	VV. AA.
MLU643192219	encargo	no	Libro Prolegomenos Al Libro Carne De Kitty Sanders	Kitty Sanders
MLU643192365	encargo	no	Libro Neuroarquitectura Aprendiendo A Traves Del Espacio ...	VV. AA.
MLU643192501	encargo	no	1421: El Año En Que China Descubrio El Nuevo Mundo	Menzies, Gavin
MLU643205133	encargo	no	El Estudio Clásico Sobre La Estrategia Militar Liddell Hart	Hart, Sir Basil Henry Liddell
MLU643205143	encargo	no	Libro Cabeza, Corazón Y Tripa	Arribas, Pablo
MLU643218019	encargo	no	Cultivo Intensivo De Los Hongos Comestibles  Setas Fungi	Edgardo Alberto
MLU643231213	disponible	si	Poética Corporal, De Franch Batlle, Núria. Editorial Octaedro, S.l., Tapa Blanda En Español	Franch Batlle, Núria
MLU643231285	disponible	si	Ceremonias 2, De Saint Germain. Editorial Tomo, Tapa Blanda En Español, 2001	SAINT GERMAIN
MLU643243985	encargo	no	Cómo Mandar A La Mierda De Forma Educada Alba Cardalda	ALBA CARDALDA
MLU643256903	encargo	no	Upanisad Correspondencias Ocultas	Juan Arnau
MLU643256905	encargo	no	Libro Upanishads - Juan Arnau - Atalanta	Juan Arnau
MLU643256993	encargo	no	Estratégia, De Hart, Sir Basil Henry Liddell. Editorial Arzalia Ediciones, Tapa Blanda En Español	Hart, Sir Basil Henry Liddell
MLU643257015	encargo	no	Amar Es Fácil Si Sabes Cómo Cuándo Con Quién Pablo Arribas	Arribas, Pablo
MLU643273187	encargo	no	Libro Letramania 3: La Letra Cursiva - Sally Johnson - Kel	Sally Johnson
MLU643295539	disponible	si	El Desafio De Evaluar...procesos De Lectura Y Escritura, De Kaufman, Ana Maria. Editorial Aique, Tapa Blanda En Español	Kaufman Ana María, Gallo Adriana, Wuthenau Celina, Marguery Marcela, Ortega Noemí, Rodríguez María E, Zaidenband
MLU643295887	encargo	no	Libro Los Magos Del Mercado	Schwager, Jack D.
MLU643295965	encargo	no	La Era De La Revolución, 1789-1848 Hobsbawm, Eric	Hobsbawm, Eric
MLU643308707	encargo	no	Hiit - Entrenamiento De Intervalos De Alta Intensidad	Daniel Sanchez
MLU643320611	encargo	no	El Mundo De Pica Pau - Cuarta Edicion - Yanina Schenkel	Yanina Schenkel
MLU643320908	disponible	si	Laberintos Esi Inclusión Vexina Sexual	Gabriela Vexina
MLU643333459	encargo	no	B1 Preliminary For Schools Trainer 1-six Prac W/ans *rev2020	INDEFINIDO
MLU643334621	encargo	no	Los Magos Del Mercado  Traders Legendarios Trading  Schwager	Schwager, Jack D.
MLU643360545	encargo	no	Hiit: Entrenamiento De Intervalos De Alta Intensidad	Daniel Sanchez
MLU643386513	encargo	no	La Era De La Revolución, De Hobsbawm, Eric. Editorial Crítica, Tapa Blanda En Español	Hobsbawm, Eric
MLU643469665	encargo	no	Lo Unico - La Sencilla Verdad Detrás Del Éxito - Gary Keller	JAY/KELLER GARY PAPASAN
MLU643495543	encargo	no	Lo Unico / Solo Una Cosa (the One Thing) - Gary Keller	Keller, Gary
MLU643534075	disponible	no	El Principito - Mi Libro De Texturas Panini España	Varios autores
MLU643557527	disponible	no	La Explosion Lutzky Horacio Amia Israel Daia Atentado	Horacio Lutzky
MLU643558065	encargo	no	El Evangelio De María, De Leloup, Jean-yves. Herder Editorial, Tapa Blanda En Español	Jean-Yves Leloup
MLU643583125	encargo	no	Iosi. El Espía Arrepentido - Miriam Lewin, Horacio Lutzky	Miriam Lewin, Horacio Lutzky
MLU643591365	encargo	no	Libro Propaganda - Edward L. Bernays	Bernays, Edward L.
MLU643605959	encargo	no	Crepúsculo. Décimo Aniversario/ Edición Dual Vida Y Muerte, De Meyer, Stephenie. Editorial Alfaguara, Tapa Blanda En Español	Meyer, Stephenie
MLU643606005	disponible	si	Ida Y Vuelta Al Cielo - Mary C. Neal	Neal, Mary C.
MLU643621274	encargo	no	Inventario De Hostigamiento Laboral	Bustos Villar, Eduardo
MLU643680649	encargo	no	Libro Soy Mayor - Hermanas Y Hermanos	ALICE LE HENAND
MLU643680653	encargo	no	Libros Profeticos 2 - William Blake - Atlanta España Único	Blake, William
MLU643680755	encargo	no	Evaluacion Laboral-test De La Persona Bajo La Lluvia	Querol, Silvia M.
MLU643693313	disponible	si	Mi Hermano Pequeño Invisible - Ana Pez	PEZ ANA
MLU643719381	encargo	no	Libros Profeticos Ii, De William Blake. Editorial Atalanta, Tapa Blanda En Español, 2014	Blake, William
MLU643732471	encargo	no	Libro: El Principito, Libro Educativo Aprendiendo	Varios autores
MLU643745519	encargo	no	Libro Soy Mayor - Hermanas Y Hermanos	ALICE LE HENAND
MLU643758477	encargo	no	Laboral Test Persona Bajo Lluvia Grafologico Querol	Querol, Silvia M.
MLU643771173	encargo	no	Juntos: Un Hermano Es Un Amigo Para Siempre Hermanos	NURIA APARICIO
MLU643784285	disponible	si	Mi Hermano Pequeño Invisible, De Pez, Ana. Editorial Libre Albedrio En Español	PEZ ANA
MLU643802791	encargo	no	Manual De Psiquiatría De Infancia Y La Adolescencia - Rubio	Rubio Morell, Belén
MLU643803359	disponible	si	Enseñame A Hablar 1: Material Para Estructuración Del Lengua	Lopez Garzon, Gloria
MLU643803473	disponible	si	Libro: Enseñame A Hablar Vol 2. Vv.aa.. Grupo Edit.universit	VV. AA.
MLU643816911	encargo	no	Estrategias De Lectura, De Isabel Solé Gallart	Isabel Solé Gallart
MLU643823085	encargo	no	El Principito: La Naturaleza: Libro Educativo Aprendiendo, De Varios Autores., Vol. 1. Editorial Nueva Idea, Tapa Blanda, Edición 1 En Español	Varios autores
MLU643823133	encargo	no	El Barbero De Antananarivo, De J. A. Pujante. Editorial Eurostar Hotels, Tapa Blanda En Español, 2007	J. A. Pujante
MLU643828601	encargo	no	Libro La Filocalia De La Oración De Jesús	Varios autores
MLU643828669	encargo	no	Enciclopedia Super Mario Bros 30ª Guía Oficial De Nintendo	Nintendo
MLU643829079	disponible	si	Enséñame A Hablar. Léminas Para La Expresión Oral, De Lopez Garzon, Gloria. Editorial Geu En Español	Lopez Garzon, Gloria
MLU643842665	disponible	si	La Cura De Las Naranjas - Prof.nicolas Capo	Profesor Nicolás Capo
MLU643854521	encargo	no	Manual De Psiquiatría De La Infancia Y La Adolescencia	Rubio Morell, Belén
MLU643854765	disponible	si	¡Es Primavera!, De López Garzón, Gloria. Editorial Geu, Tapa Dura En Español	Lopez Garzon, Gloria
MLU643855099	disponible	si	Libro: Enseñame A Hablar:material Para Estructuracion Lengua	Lopez Garzon, Gloria
MLU643855867	encargo	no	Antrozoología La Relación Humano Perro Veterinaria Etologia	DIAZ VIDELA, MARCOS
MLU643862121	disponible	si	Libreniñez : Un Manifiesto, De Marianela Casanova. Editorial Hora Mágica, Tapa Blanda En Español	Marianela Casanova
MLU643869097	encargo	no	Libro: 30 Partituras Piano Principiantes C83	Pauline Leclerc
MLU643881461	encargo	no	Libro: Señor De Los Anillos. Cuaderno De Bocetos - Alan Lee	Lee, Alan
MLU643881463	encargo	no	Libro Señor De Los Anillos. Cuaderno De Bocetos - Alan Lee	Lee, Alan
MLU643882171	disponible	si	Vigas De Hormigón Armado: Flexión Compuesta, De Castiñeiras., Vol. 1. Editorial Centro De Estudiantes De Ingenieria, Tapa Blanda, Quinta Edición En Español, 1949	Castiñeiras
MLU643893433	encargo	no	Filocalia Oracion De Jesus Contemplación Místicos Cristianos	Varios autores
MLU643895007	encargo	no	30 Partituras Piano Principiantes Piezas Famosas	Pauline Leclerc
MLU643913581	disponible	si	Testigos De La Vida: Un Libro Para Los Mayores Y Para Los Que Un Día Lo Serán, De Carlos González Vallés., Vol. 1. Editorial Sal Terrae, Tapa Blanda En Español, 2005	Carlos Gonzalez Valles
MLU643920557	encargo	no	Antrozoología Y La Relación Humano-perro, De Marcos Díaz Videla. Editorial Kns, Tapa Blanda, Edición 1 En Español, 2019	Marcos Díaz Videla
MLU643926623	disponible	si	Eduardo Pavlovsky: Dialoga Con, De Violeta H. De Gainza. Puentes Hacia La Comunicación Musical, Vol. 1. Editorial Lumen, Tapa Blanda En Español	Violeta H. de Gainza
MLU643926631	disponible	si	No Al Fracaso Escolar, De Clara Jasiner., Vol. 1. Editorial Lugar Editorial, Tapa Blanda, Edición No Al Fracaso Escolar En Español	Clara Jasiner
MLU643926723	encargo	no	Mi Granja: Pega Stickers, Colorea, Crea - 250 Stickers, De Varios Autores., Vol. 1. Editorial Naumann & Göbel Verlagsgesellschaft Mbh, Tapa Blanda, Edición 1 En Español, 2014	Varios autores
MLU644043078	encargo	no	Cómo Decidimos Y Tomar Mejores Decisiones Lehrer, Jonah	Jonah Lehrer
MLU644135565	disponible	si	Desde Hoy En Adelante  Román Nuestro Mundo Tiene Arreglo	Daniel Román
MLU644193062	encargo	no	Dadme Libertad - Rose Wilder Lane	Rose Wilder Lane
MLU644198477	encargo	no	Libro Vuela Lejos - Hannah, Kristin	Hannah, Kristin
MLU644201679	encargo	no	Parise Y Soles Lloveran. Viviendo En La Nueva Era No Accion	Parise, Jose Luis
MLU644205557	encargo	no	Global Stage 4 - Language Book Literacy Book	Mason, Paul
MLU644205629	disponible	si	Intervención En Dificultades De Lectoescritura: Estimulación De La Conciencia Fonológica, De Varios Autores. N/a, Vol. 1. Editorial Psylicom, Tapa Blanda En Español	Varios autores
MLU644210141	encargo	no	La Reina, De Polo Alonso, Ana. Editorial La Esfera De Los Libros, S.l., Tapa Blanda En Español	POLO ALONSO, ANA
MLU644210187	encargo	no	Asertividad, La - Para Gente Extraordinaria	Anna Forés Miravalles - EvaBach Cobacho
MLU644218475	disponible	si	Libro - The Marzy 1. Marzy Y Los Siete Reinos De Hydracraft	The MarZy
MLU644218511	encargo	no	Libro Los Itarte Vlogs: Superaventura En Familia - Itarte	Itarte Vlogs Family
MLU644223859	encargo	no	Libro Comienza Donde Estás - Pema Chödrön	Chödrön, Pema
MLU644224573	encargo	no	Libro Stranger Things Y Dungeons & Dragons	JODY HOUSER
MLU644235859	encargo	no	Libro Arta En El Apocalipsis Maximo [ Pasta Dura ] Arta Game	ARTA GAME
MLU644237427	encargo	no	Tenemos 2 Mamás - Ibarra, Olga	Ibarra, Olga
MLU644240451	encargo	no	Y Soles Lloveran. Viviendo En La Nueva Era - Jose Luis Paris	Parise, Jose Luis
MLU644240597	disponible	no	El Mensaje De Los Arcanos	
MLU644249012	disponible	si	Manual De Supervivencia Urbana: Técnicas Y Tácticas	Fernando "Ferfal" Aguirre
MLU644262199	encargo	no	Libro Harry Potter Hufflepuff Magic - Aa. Vv.	VV. AA.
MLU644262355	encargo	no	Libro Grandes Clasicos Volumen 7 - Varios Autores	VV. AA.
MLU644263257	encargo	no	Hermandad De Los Astronautas - Lavedra - Sudamericana Libro	Ricardo Gil Lavedra
MLU644270271	encargo	no	Tú No Eres Tus Padres: Libera Tu Corazón De Las Decisiones De Quien Te Ha Arruinado La Vida, De Maria Beatrice Alonzi. Editorial Kitsune Books, Tapa Blanda En Español, 2024	Maria Beatrice Alonzi
MLU644275299	encargo	no	Libro Las Ratitas 7 Cupcakes Con Sorpresa	Las Ratitas
MLU644287845	encargo	no	Libro La Joven Del Acantilado - Riley, Lucinda	Riley, Lucinda
MLU644288687	encargo	no	Cuando La Comida Sustituye Al Amor	Roth, Geneen
MLU644325343	encargo	no	Fisica Moderna Mecanica Cuantica Relatividad Materia Tipler	Paul A. Tipler
MLU644340863	encargo	no	Juul (t.d)	DE MAEYER, GREGIE - VANME, CHELEN K
MLU644354215	encargo	no	Arqueologia: Teorias, Metodos Y Practica Colin Renfrew	COLIN RENFREW , PAU BAHN
MLU644354379	encargo	no	Tecnicas Eficaces Para Padres Tep - Gordon,thomas	GORDON, T.
MLU644366991	disponible	si	Ellas 01. La Chica Nueva Toussaint	KID TOUSSAINT
MLU644367229	encargo	no	Libro: El Hornero Ave Nacional	Tito Narosky y Raúl L. Carman
MLU644379819	encargo	no	Infantil 10 A 12 Años Juul Gregie De Maeyer	DE MAEYER, GREGIE - VANME, CHELEN K
MLU644379905	encargo	no	Ulises - James Joyce	Joyce, James
MLU644379907	encargo	no	Ulises (2022), De James Joyce. Editorial Lumen En Español	Joyce, James
MLU644393045	encargo	no	El Libro De Bill, De Alex Hirsch. Editorial Planeta, Tapa Blanda, Edición 1 En Español	Alex Hirsch
MLU644405795	encargo	no	Zulma Reyo Alquimia Interior: El Camino De La Maestría	Zulma Reyo
MLU644405807	encargo	no	Libro Las Claves Genéticas, De Rudd, Richard. Editorial Gaia Ediciones, Tapa Blanda ( 2023)	RUDD, RICHARD
MLU644419033	encargo	no	Alimentacion Amiga De La Diabetes - Battaglia - Macro Libro	Battaglia, Domenico
MLU644431541	encargo	no	Todo Se Puede Entrenar, De Toni Nadal. Editorial Alienta, Tapa Blanda En Español, 2023	Toni Nadal
MLU644431597	encargo	no	¿por Qué Ser Feliz Cuando Puedes Ser Normal?, De Winterson, Jeanette., Vol. 1. Editorial Lumen, Tapa Blanda En Español	Jeanette Winterson
MLU644431639	encargo	no	El Libro De Bill - Alex Hirsch - Gravity Falls	Alex Hirsch
MLU644431729	encargo	no	Animarse A La Tesis - Fernando Avedaño	Fernando Avedaño
MLU644431773	encargo	no	Tecnicas Eficaces Para Padres. Tep:thomas Gordon	GORDON, T.
MLU644431783	encargo	no	Libro: Elogio Del Caminar - Leslie Stephen	Leslie Stephen
MLU644431785	encargo	no	Historias Uruguayas Mitos Leyendas Reportajes Haberkorn Futb	Leonardo Haberkorn
MLU644431813	encargo	no	Libro El Hornero Ave Nacional	Tito Narosky y Raúl L. Carman
MLU644444167	encargo	no	Las Claves Genéticas Interpretación Del I Ching Y Tu Adn	RUDD, RICHARD
MLU644444321	encargo	no	Alimentacion Amiga Diabetes Alimentos Que Sanan  Battaglia	Domenico Battaglia
MLU644491342	encargo	no	Canciones Con Bigote Eduardo Mateo Infantil	Eduardo Mateo
MLU644517876	encargo	no	Conversaciones Con Dios I	Neale Donald Walsch
MLU644530438	encargo	no	The Efficacy Of Oxytocin And Misoprostol In Pph	Garba Sadiq Uthman
MLU644533256	disponible	si	Frato	Tonuci Francesco
MLU644534754	disponible	si	Coleccionando Momentos. Carmen Diez Navarro	Mª Carmen Díez Navarro
MLU644556451	disponible	no	Bucear En Verano Emociones Tristeza Enfermedad 0a 5 Años	Sara Stridsberg
MLU644571850	encargo	no	Disculpe... Es Usted Una Bruja?	Emily Horn
MLU644584683	encargo	no	Un Beso En París Stephanie Perkins +15 Años Premio	Perkins, Stephanie
MLU644610362	disponible	si	Cuadrados Magicos Grandes Clasicos	Varios autores
MLU644611336	disponible	si	Dónde Estás, Carabás?	Paulina Martínez
MLU644636535	encargo	no	Un Beso En París	Perkins, Stephanie
MLU644649722	encargo	no	Camino A Roma  Ben Kane	Ben Kane
MLU644654023	encargo	no	Facilitacion Como Practica Directiva, La, De Bernardo Blejmar. Editorial Novedades Educativas En Español	Bernardo Blejmar
MLU644675235	disponible	si	111 Historias De Personas Con Diabetes Diabeticos	SUSANA RUIZ MOSTAZA
MLU644675363	encargo	no	Curiosidad Extrema Marina Furman	MELINA FURMAN
MLU644688359	disponible	si	El Azúcar Y La Sal. Vivencias De Diabetes A Corazón Abierto	Patricia Santos
MLU644738309	encargo	no	Libro: Oh No, George!  Haughton, Chris Infantil	Haughton, Chris
MLU644751123	encargo	no	Libro: Adiós A La Inflamación Perder Peso - Sandra Moñino	SANDRA MOÑINO
MLU644765836	encargo	no	El Extraño Orden De Las Cosas Damasio	AUTOR
MLU644777423	disponible	si	Soda  Stereo 82-97 Libro Iconico Agotado	Sudamerican
MLU644777880	encargo	no	El Abanderado. Luis Scola	MAURICIO CONDOCEA
MLU644778362	encargo	no	Cuando Las Profecías Fallan Leon Festinger	Festinger, Leon
MLU644778372	encargo	no	Conversaciones Con Dios Iii Walsch Neale Donald	Neale Donald Walsch
MLU644816850	disponible	si	El Ambiente En El Jardin Maternal Candia Y Urcola Inicial	kac
MLU644850595	disponible	no	Érase Una Vez El Hombre Vol. 04: Roma Jean Charles Gaudin	GAUDIN, JEAN-CHARLES
MLU644863307	encargo	no	Imperios Y Espadazos | Andoni Garrido Fernández	Andoni Garrido Fernández
MLU644863387	disponible	si	Libro Las Trampas De La Paradoja, De Falletta, Nicholas. Editorial Gedisa, Tapa Blanda	Falletta, Nicholas
MLU644889201	disponible	si	Si Se Lo Hubiera Dicho Cartas Al Padre Esther Secanilla	Secanilla Campo, Esther
MLU644915051	disponible	si	Más Allá De Creíble Paradojas Enigmáticas Figuras Imposibles	NICHOLAS FALLETTA
MLU644928147	disponible	si	Libro Si Se Lo Hubiera Dicho, De Secanilla Campo, Esther. Editorial Gedisa, Tapa Blanda	Secanilla Campo, Esther
MLU644929521	encargo	no	Ravensong 2 La Cancion Del Cuervo - Tj Klune - Vr Ya	TJ Klune
MLU644940861	disponible	no	Libro Erase Una Vez... El Hombre Vol. 04: Roma, De Gaudin, Jean-charles. Editorial Ecc Ediciones, Tapa Dura	GAUDIN, JEAN-CHARLES
MLU644940911	encargo	no	Patrones De Diseño, De Gamma, Erich. Editorial Addison Wesley, Tapa Blanda En Español	Gamma, Erich
MLU644941377	encargo	no	Baralho Lenormand Rana George Da Us Games Para Cartomancia	
MLU644942149	encargo	no	Ravensong - La Cancion Del Cuervo Klune Manada Ficcion	LA CANCIÓN DEL CUERVO
MLU644953419	disponible	si	Figuras Ambiguas Y Problemas Insolubles Matematicas Falletta	Falletta, Nicholas
MLU644963289	disponible	si	La Niña Del Parche Infantil Inclusion	Silvia G. Guirado
MLU644963357	encargo	no	Coleccionista De Palabras - Wimmer,sonja	Wimmer, Sonja
MLU644970049	disponible	si	Estuche Pictos  Números Silabas Pictogramas Lectoescritura	VV. AA.
MLU644974687	encargo	no	Lo Que El Viento Se Llevo, De Margaret Mirchell. Editorial Circulo De Lectores, Tapa Dura En Español, 1992	MARGARET MIRCHELL
MLU644976249	encargo	no	La Bruja De Los Cristales	SHAWN ROBBINS
MLU644981945	encargo	no	Neuropsicología De La Adicción Ruiz Sánchez De León	Ruiz Sánchez de León
MLU644983203	encargo	no	Pack Rita Segato Feminismo	Rita Segato
MLU644988993	encargo	no	La Conspiración Contra Especie Humana Ligotti, Thomas Terror	Thomas Ligotti
MLU644989801	disponible	si	Mis Rutinas Con Pictos Vocabulario Tea	Melanie Wirtz
MLU645002047	encargo	no	La Conspiración Contra La Especie Humana: 27 (intempestivas), De Ligotti, Thomas. Editorial Valdemar, Tapa Blanda En Español	Ligotti, Thomas
MLU645015309	disponible	si	Un Poco De Tiempo Para Mí Experiencias Personales De Alanon	AL-ANON
MLU645015923	encargo	no	Sin Pie No Hay Caballo	Williams, Gail
MLU645028045	encargo	no	La Armonia Relacional  Caja De Arena  La Traumaterapia	Rafael Benito Moraga y Jose´Luis Gonzalo Marrodán
MLU645028047	encargo	no	La Armonía Relacional 2° Edición - Gonzalo Y Benito	Jose Luis Gonzalo, Rafael Benito
MLU645028099	disponible	si	Un Día A La Vez Alcoholismo Grupo Alanon Ed 50 Aniversario	AL-ANON
MLU645054649	encargo	no	Sin Pie No Hay Caballo Herraje Herradura Herrador	Williams, Gail
MLU645146104	encargo	no	El Pequeño Dragon Coco Y Sus Aventuras	SIEGNER, INGO
MLU645161995	encargo	no	Pesadilla A 20.000 Pies Matheson, Richard Terror Valdemar	Richard Matheson
MLU645200809	encargo	no	Pesadilla A 20.000 Pies, De Richard Matheson., Vol. Único. Editorial Valdemar, Tapa Blanda En Español	Richard Matheson
MLU645200911	encargo	no	Malezas: Concepto, Identificación Y Manejo En Sistemas Cultivados, De Scursoni, Julio A.. Editorial Facultad De Agronomía, Tapa Blanda En Español, 2010	SCURSONI, Julio A.
MLU645211098	encargo	no	Dr Jekyll And Mr Hyde	VV. AA.
MLU645213733	disponible	si	Guitarras Pasado Y Presente / Lexus	Lexus
MLU645213767	encargo	no	Malezas Agropecuaria Cultivo Y Manejo En Sistemas Cultivados	SCURSONI, Julio A.
MLU645215150	disponible	si	Equilibrio Relativo En Un Mundo Inestable	Anngwyn St. Just
MLU645226617	encargo	no	Perfecta, Brillante Quietud: Mas Alla Del David Carse	CARSE, DAVID
MLU645226735	disponible	si	Libro Negro De Los Veterinarios - Ziegler,jutta	Ziegler, Jutta
MLU645284752	encargo	no	Cómo Concursar Cargos Directivos Y De Supervisión	Sanchez, Sandra
MLU645286629	disponible	si	Quien Mato A John Lennon - Lesley-ann Jones	Jones, Lesley-Ann
MLU645299645	disponible	si	Libro Psicológicamente Hablando - Paidós	Autores, Vários
MLU645301116	disponible	si	El Tamaño Del Corazon Infantil  Respetuosa	SANCHEZ VARELA EMMA MISSPINK
MLU645312879	encargo	no	Mañana Te Toca A Ti Stefan Ahnhem	Ahnhem, Stefan
MLU645335974	encargo	no	Demasiada Felicidad. Alice Munro	Munro, Alice
MLU645338477	disponible	si	¿quien Mató A John Lennon? Beatles El Retrato Del Hombre	Jones, Lesley-Ann
MLU645338593	encargo	no	Mañana Te Toca A Ti - Ahnhem, Stefan	Ahnhem, Stefan
MLU645342404	encargo	no	Eneagrama Guía Facil Y Divertida	Renee Baron
MLU645355524	disponible	si	El Viaje De Luis Jose Manuel Gil Anto	José Manuel Gil Antón
MLU645362242	encargo	no	Decir Si, Decir No	Sin Autor
MLU645374570	encargo	no	Karol Wojtila Papa Juan Pablo Segundo Iglesia 2 Catolica	Álvarez Morales, Miguel
MLU645375344	disponible	si	Etapas Del Desarrollo	Rebeca Wild
MLU645376249	encargo	no	Colección La Ilíada La Odisea Box Set Homero Grecia Griegos	Homero
MLU645401995	encargo	no	Libro El Grand Tour : Guia Para Viajeros Ilustrados De Danie	Daniel Mu¤oz de Julian
MLU645452226	encargo	no	Evaluacion De Rasgos Positivos-patologicos De Personalidad	Castro Solano, Alejandro
MLU645452288	encargo	no	El Mundo Moderno Y Contemporaneo 1	Delgado
MLU645455377	disponible	si	Codigo B - Zurdo David	Zurdo, David
MLU645479284	encargo	no	El Acoso Moral  Maltrato Psicológico En La Vida Cotidiana	Marie-France Hirigoyen
MLU645505724	encargo	no	Tecnica De La Entrevista Psicodinamica	Díaz Portillo, Isabel
MLU645514753	disponible	si	Libro La Caja De Las Palabras - Benegas, Mar	BENEGAS MAR
MLU645527595	disponible	si	El Yermo, De Sergi Llauger., Vol. Volumen Similar Al Titulo. Editorial Dolmen, Tapa Blanda En Español, 0	Llauger, Sergi
MLU645530710	encargo	no	El Pez Que Sonreia Jimmy Liao	LIAO, JIMMY
MLU645543234	encargo	no	El Club De Las 5 De La Mañana	Robin Sharma
MLU645543252	encargo	no	El Canto De Las Horas Florencia Luce	Florencia Luce
MLU645558271	encargo	no	Warren Buffet Y La Interpretación De Estados Financieros	Buffett, Mary
MLU645558275	encargo	no	Obra Poetica 1935 1998, De Paz, Octavio. Editorial Galaxia Gutenberg, S.l., Tapa Blanda En Español	Paz, Octavio
MLU645596961	encargo	no	Lo Que El Viento Se Llevó	Margaret Mitchell
MLU645670104	encargo	no	El Botiquin De Las Hadas	CASTELLOTTI CLARA
MLU645762629	encargo	no	Libro Antifrágil - Taleb, Nassin Nicholas	TALEB, NASSIN NICHOLAS
MLU645827125	disponible	si	El Viaje Iniciático	José Luis Parise
MLU645853015	disponible	si	El Viaje Iniciático - Jose Luis Parise	José Luis Parise
MLU645853444	encargo	no	Equilibrio Familiar Marta Prada	MARTA PRADA GALLEGO
MLU645866149	encargo	no	Lessons Learned First Step Toward Reflective Teaching In Elt	Diaz Maggioli,Gabriel
MLU645879598	disponible	si	Hogwarts Legacy Guía Oficial Videojuego Harry Potter	PAUL DAVIES , KATE LEWIS
MLU646037768	encargo	no	Expreso Mis Emociones Con Lobo	Los editores de Auzou
MLU646037800	disponible	si	Educar En Tiempos De Crisis Ramon Casals	RAMON CASALS
MLU646079814	encargo	no	El Cuidador : Una Vida Con El Alzheimer Aaron Alterra	Aaron Alterra
MLU646084786	encargo	no	El Jardin Del Eden Diario De Vida Muerte Cristina Dicuzzo	Cristina Dicuzzo
MLU646103280	encargo	no	Devocionario Espiritista Kardec , Allan	Allan Kardec
MLU646104674	encargo	no	Epigenoma David Bueno	Bueno, David
MLU646166546	encargo	no	El Corazon En Braille Pascal Ruter	Ruter, Pascal
MLU646172348	encargo	no	Hoy Voy A Tener Un Buen Dia Frases Positivas Pequeños	Anna Morato Garcia, Anna Morato Garcia
MLU646174581	encargo	no	Libro Dirige Tu Vida	Forner Navarro, Pau
MLU646185066	encargo	no	Hhhh Himmlers Nazismo Nazis Holocausto Laurent Bin	Binet, Laurent
MLU646194904	disponible	si	Libro: Fun Skills	Kelly, Bridget
MLU646290173	encargo	no	Libro Pikachu. Guía Esencial Definitiva - Varios Autores	Montena
MLU646299744	encargo	no	Macrame Facil Y Rapido Nudos Y Trenzados Trenzado Bisutería	GENTRY, JIM
MLU646313168	disponible	si	Minimalismo Sobra Tu Vida Y Tu Hogar	JUDI Y SHARI ZUCKER
MLU646313510	encargo	no	Geografía Del Mundo Actual Por: Echeverria Maria Julia.	Echeverria, Maria Julia Capuz, Silvia Maria
MLU646336828	encargo	no	Minimalismo Digital Atención Mundo Ruidoso Cal Newport	Newport, Cal
MLU646351757	encargo	no	Dibujo De Cabeza Y Manos - Loomis Andrew	LOOMIS, ANDREW
MLU646364263	encargo	no	Aliento De Los Dioses Brandon Sanderson Ediciones B	Sanderson, Brandon
MLU646392875	encargo	no	El Economista Callejero - Axel Kaiser	Axel Kaiser
MLU646394653	disponible	no	La Respiración Holotrópica Grof Stanislav	STANISLAV GROF
MLU646400741	encargo	no	Traccion: Obtén Control De Tu Negocio	Gino Wickman
MLU646407117	disponible	si	Los Sembradores Siderales	LUIS ANGEL LOAIZA FERREIRA
MLU646420175	disponible	si	Urmah: Los Sembradores Siderales, De Luis Angel Loaiza Ferreira. Editorial Independently Published, Tapa Blanda En Español, 2021	LUIS ANGEL LOAIZA FERREIRA
MLU646452824	encargo	no	Trilogia Nacidos De La Bruma Pack Brandon Sanderson	Brandon Sanderson
MLU646471837	encargo	no	El Mensaje Que Llegó En Una Botella	ADLER OLSEN J
MLU646471885	disponible	no	Historias De Astronomía: Todo Lo Cielo Puede Contarnos	Kiel, Gertrude
MLU646497887	disponible	no	Libro: Historias De Astronomía. Kiel, Gertrude. Siruela	Kiel, Gertrude
MLU646522647	encargo	no	Merlín Y La Alquimia Espiritual Activar La Piedra Filosofal	ALBERTO LAJAS
MLU646523261	disponible	si	Damas De Lo Extraño - Teresita Pumara Piladora): Siete Escritoras De Gótico Y Terror, De Aa.vv.., Vol. 1. Editorial A-z, Tapa Dura En Español	Perkins, Charlotte
MLU646539303	encargo	no	El Mundo La Radiestesia Energía Péndulo Detector Equilibrio	HELMUT MÜLLER
MLU646540325	disponible	si	Quien Se Esconde En El Desierto Y En El Mar? - Inna Chernyak	Inna Chernyak / Pavla Hanackova
MLU646543887	encargo	no	Libro Cómo Triunfar En Cualquier Discusión - Tubau, Daniel	Tubau, Daniel
MLU646543893	encargo	no	El Gaucho Martin Fierro - Jose Hernandez / Molina Campos	Jose Hernandez / Florencio Molina Campos
MLU646550013	encargo	no	Circulo Y Centro - El Grupo Gestáltico, De Francisco Peñarrubia. Editorial La Llave (g), Tapa Blanda En Español	Francisco PeñArrubia
MLU646551999	encargo	no	Guia De Puntos Dos Agujas Relieve Trenzas 2023 Tejido	Vicky Meyer Pellegriini
MLU646553085	encargo	no	Narrativa Completa. Juan Jose Arreola / Complete Narrativ...	Arreola, Juan José
MLU646557929	encargo	no	Libro Carmel - La Investigacion Definitiva Sobre El Caso Gar	DUGGAN, PABLO
MLU646558155	encargo	no	Introduccion Al Budismo - Kelsang,gyatso	KELSANG GYATSO
MLU646571787	encargo	no	Libro Spawn Integral 2	Todd McFarlane
MLU646571877	encargo	no	Luly Y Derank En Busca Del Gato Mágico	SrtaLuly
MLU646577859	disponible	si	Lopez Charlie Libro Por Que Decimos	Lopez, Charlie
MLU646577925	encargo	no	Los Signos Del Zodiaco Y Su Caracter	Linda Goodman
MLU646577963	encargo	no	Hannibal: El Origen Del Mal Thomas Harris	Harris, Thomas
MLU646588327	encargo	no	Libro Papillon	Charrière, Henri
MLU646588633	encargo	no	Libro El Patrón Bitcoin, De Saifedean Ammous. Editorial Valletta Ediciones, Tapa Blanda	Saifedean Ammous
MLU646590565	disponible	si	Libro Por Que Decimos? - 4ª Edicion - Charlie Lopez, De López, Charlie. Editorial Edelvives, Tapa Blanda (2019)	López, Charlie
MLU646590597	disponible	si	Huir Para Adelante - Peusner, Pablo	Peusner, Pablo
MLU646597129	encargo	no	Camino A Roma - Kane, Ben	Kane, Ben
MLU646603599	encargo	no	Guía Completa De Puntos De Ganchillo	Melissa, Leapman
MLU646605669	encargo	no	Las Ratitas 1	VARIOS NIÑOS
MLU646610045	encargo	no	Los Himnos Mágicos Del Rig - Veda	PAUTHER Y G. BRUNET
MLU646615395	encargo	no	Guia Completa De Puntos 200 Patrones De Ganchillo	Melissa, Leapman
MLU646621965	encargo	no	Bobicraft Y El Tesoro Poderoso ( )	Bobicraft
MLU646622785	encargo	no	Bebes En Movimiento	ROSEMBERG FRANCIS
MLU646628527	encargo	no	Why Nations Fail Acemoglu Robinson  Prosperity  Poverty	Daron Acemoglu y James A. Robinson
MLU646639967	encargo	no	Revoltosa Recoletas En Busca De La Poción Morritos, De Recoletas, Revoltosa. Editorial Montena, Tapa Dura En Español	Recoletas, Revoltosa
MLU646641629	encargo	no	Libro Hannibal, El Origen Del Mal - Harris, Thomas	Harris, Thomas
MLU646642737	disponible	si	Colibri Picoespada Y Yo, El, De Mendez, Luisa	Méndez, Luisa
MLU646649157	encargo	no	Emocionario Dime Lo Que Sientes - V&r	Cristina Núñez
MLU646649197	encargo	no	Dar De Mamar, De Claudia Lopez Rodriguez. Editorial Editorial En Español	CLAUDIA LOPEZ RODRIGUEZ
MLU646649325	encargo	no	Libro Saga De Los Vikingos De Jom	Anónimo
MLU646654373	encargo	no	Biblioteca Comics  Conan El Bárbaro # 01 1970 - 1971	Roy Thomas y Barry Smith
MLU646655481	encargo	no	Un Curso De Milagros. Segunda Edicion	FOUNDATION FOR INNER PEACE
MLU646780246	encargo	no	La Muerte Es Una Ilusion - Thich Nhat Hanh	Hanh, Thich Nhat
MLU646820435	encargo	no	Mal De Altura: Sin Datos, De Jon Krakauer. Serie Sin Datos, Vol. 0. Editorial Desnivel S.l., Tapa Blanda, Edición Sin Datos En Español, 2008	Jon Krakauer
MLU646822662	encargo	no	Los Misterios De La Kabbala Eliphas Levi	Eliphas Levi
MLU646849058	encargo	no	Tao Te Ching Lao Tse	TSE, LAO
MLU646856870	encargo	no	Las Pequeñas Alegrias	Marc Augé
MLU646859766	encargo	no	El Asombroso Mundo De Gumball # 06	Megan Brennan, Farina, Cogar
MLU646881702	encargo	no	Mi Abuela No Es La De Antes Infantil Abuelos	Maria Jose Orobitg Della
MLU646913875	disponible	si	Collecti Books - Chewbacca, De Vários Autores. Editorial Hachette, Tapa Dura En Español	Varios autores
MLU646914197	disponible	si	Prehistoria De America	SALVADOR CANALS FRAU
MLU646923997	encargo	no	Criando Con Amor -uy: Acompañando A Las Infancias De La Mano De Soy Mamá Y Pediatra, De Jimena Le Bellot., Vol. 1. Editorial Planeta, Tapa Blanda En Español	Jimena Le Bellot
MLU646937015	encargo	no	Escondite De Los Compas 2, El Perdidos En Los Biomas, De Mikecrack. Editorial Mr, Edición 1 En Español	Mikecrack
MLU646991875	disponible	si	Un No Impronunciable - Vasallo Sara	Vasallo, Sara
MLU647011583	disponible	si	La Sabana Santa Trilogia  Del Tiempo Y El Espacio Liberge	ERIC LIBERGE
MLU647024611	disponible	no	El Universo En 100 Preguntas Infantil +8	Victor Sabate
MLU647065606	disponible	si	Trabajando Glosario Términos Gramaticales Ejercicios	Angel J. Gallego
MLU647120593	encargo	no	Libro Plantas Medicinales De Dr A. Lifchitz	DR A. Lifchitz
MLU647133539	encargo	no	Wabi Sabi	Kempton, Beth
MLU647146675	encargo	no	Tony Stark Iron Man 06 Iron Man 2020 Parte 02 De 03 - Slott,	Slott N Gage
MLU647172375	encargo	no	Laboratorio Uruguay - Maria Estenssoro / S. Naishtat - Full	Maria Eugenia Estenssoro / Silvia Naishtat
MLU647182634	encargo	no	Running Correr Maraton Mejora Tu Técnica, Evita Lesiones	Chris Napier
MLU647250189	encargo	no	Amigos Para Siempre - El Rey León: Libro Sonoro Infantil	VV. AA.
MLU647250265	encargo	no	Mis Primeras  El Rey León Libro Musical Interactivo Para Niñ	Varios autores
MLU647258879	encargo	no	Lo Que Dicen Las Velas Al Arder	Mohn, Mitxel G
MLU647274157	encargo	no	Mis Primeras Canciones-el Rey León, De Vários Autores. Editorial Hachette, Tapa Dura En Español	Varios autores
MLU647362574	encargo	no	Rescate De Sonidos Escucha Patrulla Canina Pwa Patrol	VV. AA.
MLU647404653	disponible	si	Contestando A Preguntas Sobre El Magnesio María Lajusticia	Lajusticia, Ana Maria
MLU647443165	encargo	no	Prevención De Calambres Y Lesiones Con Magnesio La Justicia	Desconocido
MLU647475597	disponible	si	Libro Animales - Susan Orlean	Susan Orlean
MLU647549835	disponible	si	Animales: Lo Que Ellos Saben Y Nosotros No La Vida Esencial	Susan Orlean
MLU647562691	encargo	no	Credo: Compendio De La Fe Católica - Mons. Schneider	Monseñor Athanasius Schneider
MLU647562755	encargo	no	Brainspotting, De Grand, David. Editorial Sirio En Español	Grand, David
MLU647575043	disponible	si	Se Los Dije... Salvador Borrego	Salvador Borrego Ph.D.
MLU647695311	disponible	si	Ernesto Guevara, También Conocido Como El Che - Paco I Taibo	Taibo Ii, Paco Ignacio
MLU647728417	encargo	no	El Grito De La Gaviota  Autobiografía De Emmanuelle Laborit	Laborit, Emmanuelle
MLU647754225	encargo	no	Grito De La Gaviota,el - Laborit,emmanuelle	Laborit, Emmanuelle
MLU647793177	encargo	no	Demon Slayer - Kimetsu No Yaiba # 18 - Koyoharu Gotouge	Koyoharu Gotouge
MLU647812604	disponible	si	Todas Nuestras Noches Autor: Maximiliano Pizzicotti	Maximiliano Pizzicotti
MLU647873765	encargo	no	Volumen 5 Los Fabulosos Cadillacs - Disco Emblemático 1990	
MLU648028830	disponible	si	La Niña Que Tenia Lagrimas Mas Grande Mundo Gioconda Belli	Giaconda Belli
MLU648041544	disponible	si	Todos Demás Padres Y Demás Madres Dijeron Sí Cecilia Pisos	Pisos, Cecilia
MLU648236714	encargo	no	Las Voces Olvidadas : Perdidas Gestacionales Tempranas	Alvarez, Claramunt Y Otros
MLU648260998	encargo	no	Puedo Porque Pienso Que Puedo ( Outlet Con Detalles )	Marín, Carolina
MLU648273636	encargo	no	Factfulness - Hans Rosling	Hans Rosling
MLU648273670	encargo	no	Libro Dormir Sin Lágrimas - Rosa Jové - El Ateneo - Papel	ROSA JOVE
MLU648299688	disponible	si	Libro Somos Lo Que Decimos - Charlie López - Aguilar	López, Charlie
MLU648324714	disponible	si	La Ecologia (imagen + Puzzle)	EMILIE BEAUMONT
MLU648337588	encargo	no	Hijos Medio Cuidando Espacio Divorcio Salinas Tempelsman	TEMPELSMAN ANA / SALINAS SILVIA
MLU648455465	disponible	si	Tecnica Para El Jugador De Torneo	DVORETSKY MARK
MLU648468393	disponible	si	Todas Aquellas Veces Y Otros Asuntos Pendientes  G. Remón	G. Remón, Alejandra
MLU648468395	disponible	si	Todas Aquellas Veces Y Otros Asuntos Pendientes - Alejand...	G. Remón, Alejandra
MLU648481251	encargo	no	Libro Extraã¿a Muerte De Europa,la	Murray, Douglas
MLU648487627	encargo	no	Mercado De Divisas Y Análisis Financiero - Mascareñas	Juan Mascareñas Pérez
MLU648507733	encargo	no	Jolly Phonics 3 - Pupil Book, De Lloyd, Sue.	Lloyd, Sue
MLU648513350	encargo	no	¡ Sin Vuelta ! Nos Animamos A Hablar De Sexualidad	Hurrell, Zelarrayan
MLU648520287	disponible	si	Libro El Camino - Tony Robbins Y Peter Mallouk Crecimiento	Tony Robbins y Peter Mallouk
MLU648520289	disponible	si	Libro El Camino - Tony Robbins Y Peter Mallouk - Paidós	Tony Robbins y Peter Mallouk
MLU648528566	disponible	si	Libre Niñez: Un Manifiesto	Marianela Casanova
MLU648533535	encargo	no	Libro - Compass 3 - Language Log Richmond	BARRACLOUGH, Carolyn & THACKER,Claire
MLU648539655	disponible	no	Te Serviré - Paula Bistagnino  El Plan  Opus Dei Sudamérica	Paula Bistagnino
MLU648583530	disponible	si	Inseguridad Orgullo Mares Mios	Patricia Igresias
MLU648627222	encargo	no	Rimas Saltarinas. Los Numeros	No Aplica
MLU648637021	encargo	no	La Extraña Muerte Europa  Murray Identidad Inmigración Islam	Murray, Douglas
MLU648663351	encargo	no	Libro - Compass 3 - Language Log Kel Ediciones	BARRACLOUGH, Carolyn & THACKER,Claire
MLU648669567	disponible	no	Te Serviré De Paula Bistagnino Por Editorial Planeta En Tapa Blanda Edición 1 En Español	Paula Bistagnino
MLU648705804	encargo	no	Señores Del Norte, El Ultimo Reino Iii Cornwell, Bernard	Bernard Cornwell
MLU648742801	encargo	no	Cronicas De Narnia 5 - La Travesia Del Viajero Del Alba	CS Lewis
MLU648805758	encargo	no	Curso De Diseño De Personajes Character Concept Artist	Javier Gámez García
MLU648911521	encargo	no	Cronicas De Narnia 5 - La Travesia Del Viajero Del Alba	CS Lewis
MLU648920022	encargo	no	Frozen, Busca Y  Encuentra	VV. AA.
MLU648922849	encargo	no	30 Días De Acuarela: Curso Completo 30 Proyectos Paso A Paso	Jenna Rainey
MLU648935861	encargo	no	30 Días De Acuarela	Jenna Rainey
MLU649164240	encargo	no	Hermanos Andrés Almada Hermanito	Ariel Andrés Almada
MLU649164692	encargo	no	Libro Marihuana Horticultura Del Cannabis - Jorge Cervantes	Jorge Cervantes
MLU649164916	encargo	no	Ikigai Esencial La Sabiduria Milenaria Japonesa	Ken Mogi
MLU649164962	encargo	no	Gaturro Campeones	Catapulta
MLU649177562	encargo	no	Libro Sexteame - Luciana Peker	Luciana Peker
MLU649177614	disponible	si	Casa Organizada , Vida Feliz	Hajnal, Ingrid
MLU649189592	encargo	no	Libro: Crecer Felices Ante Grandes Cambios De Vida. Prada Ga	Prada Gallego, Marta
MLU649216162	encargo	no	Libro Pokémon Guía Definitiva De La Región Galar	Pokémon
MLU649216168	encargo	no	Decididas - Maria Florencia Freijo - Planeta - Libro	María Florencia Freijo
MLU649216176	encargo	no	Co?mo Cultivar Hongos Psilocibios	Gordon L Atwell
MLU649260670	disponible	si	Entra En Crisis - Violeta Vazquez - Planeta - Libro	Violeta Vazquez
MLU649260672	encargo	no	Los Seis Pilares De La Auotestima - Nathaniel Branden	Branden, Nathaniel
MLU649273530	disponible	si	Oportunidad Educar Inclusión Propuestas Jóvenes Ed Sexual	Andrea P. Travaini
MLU649276262	encargo	no	Herramientas De Prevención Y Detección De Abuso Infantil	María Magela Demarco
MLU649284432	encargo	no	Libro- Karina & Marina Idénticas Y Opuestas Exclusivo	Karina & Marina
MLU649290050	encargo	no	Viaje Al Pais De Los Blancos - Umar, Ousman	Umar, Ousman
MLU649290054	encargo	no	Prioridad Tu Paz ( Un Curso De Milagros ) - Marta Salvat	Marta Salvat
MLU649290056	encargo	no	Libro Pararte Y Dar Pelea - Rolo Sartorio	Rolo Sartorio
MLU649290080	encargo	no	Libro La Hipótesis Del Amor - Hazelwood, Ali	Ali Hazelwood
MLU649290378	encargo	no	Sayonara Magic 5 Burakkuberi Lolita Aldea Fiesta Magica	BURAKKUBERI & KUMANAKRIS
MLU649293788	encargo	no	Es Bueno Creer En Jesus Jose Antonio Pagola	Jose Antonio Pagola
MLU649302396	encargo	no	Libro: Son Mellizos	Barsky, Loli
MLU649303462	encargo	no	Ser Humanos Manes	Facundo Manes
MLU649303472	encargo	no	Sanar Herida Técnicas Y Ejercicios Decodificación Luchetti	Luchetti, Claudia
MLU649303670	encargo	no	Seis Sombreros Para Pensar De Bono	Bono, Edward De
MLU649307566	encargo	no	Aprendo Con Peppa Pig Primeros Números Libro Pizarra	Hasbro,
MLU649310772	encargo	no	Wine Folly: Edición Magnum - La Guía Maestra Del Vino	Madeline Puckette
MLU649315996	encargo	no	Gestionar Es Hacer Que Las Cosas Sucedan (2da.edicion) Noveduc, De Blejmar, Bernardo. Editorial Novedades Educativas, Tapa Blanda En Español	Bernardo Blejmar
MLU649316022	encargo	no	La Regla De Oro De Los Negocios - Grant Cardone · Aguilar	Cardone, Grant
MLU649316028	encargo	no	Nunete Dejó Los Pañales - Guadalupe Del Canto, Ale Goñi	Guadalupe del Canto, Ale Goñi
MLU649319310	disponible	no	Como Santa Teresa Acompaño Sufismo Mardia Pablo Dors	MARDIA HERRERO
MLU649319648	disponible	si	El Futuro Es Libre , Buen Karma , Mal Karma , Mas Alla	Chögyam Trungpa
MLU649329656	encargo	no	Querida Mama, Entre Tu Y Yo Preguntas Al Amor	Cuéntame Tu Vida SL
MLU649333238	encargo	no	Cuando Eramos Ayer Pilar Eyre Muntaner	Eyre, Pilar
MLU649337136	encargo	no	Los Renglones Torcidos De Dios- Torcuato Luca De Tena	Luca de Tena, Torcuato
MLU649337414	disponible	si	Asi Fue Como Llegaste. Fertilización Asistida Fiv	Silvia Jadur
MLU649342568	encargo	no	Que Enseñes No Significa Que Aprendan Lewin	Laura Lewin
MLU649344526	encargo	no	Guia Polaris Español - Frances	Varios
MLU649346150	encargo	no	Metodologia Investigacion  Rutas Cuantitativa, Cualitativa	Roberto Hernández Sampieri
MLU649346166	encargo	no	Quiron Y El Don De La Herida	ALEJANDRO LODI
MLU649346170	encargo	no	Quesos Artesanales	Pablo Battro
MLU649367300	encargo	no	Solo Humo Juan Jose Millas	Juan José Millás
MLU649406830	encargo	no	Mamitis - Marta Prada / Mercè Tous. Carambuco Ediciones	Marta Prada
MLU649406834	encargo	no	Bach Por Bach - Obras Completas . Escritos Florales - Bach	Edward Dr. Bach
MLU649407610	disponible	si	Que Le Pasa A Mugan	Ibarrola Begoña
MLU649409452	encargo	no	La Casa - Roca Familia	Roca, Paco
MLU649411152	encargo	no	La Ira Thich Nhat Hanh	Hanh, Thich Nhat
MLU649415206	encargo	no	Manifiesto Para Los Heroes De Cada Dia - Robin Sharma	Robin Sharma
MLU649415510	encargo	no	Tengo  Dislexia - Helena Kraljic	Helena Kraljic
MLU649419772	encargo	no	Fisica (6 Edicion), De Wilson / Buffa / Lou. Editorial Pearson / Prentice Hall En Español	Wilson / Buffa / Lou
MLU649419784	encargo	no	Loca, Cósmica Y Otros Viajes, De Cinwololo. Editorial Sudestada, Tapa Blanda En Español, 2019	Cinwololo
MLU649420084	disponible	si	Neurosis Infantil Y Neurosis De Angustia	Carlos E. Tkach
MLU649423946	encargo	no	Una Promesa En El Fin Del Mundo Lark Nube Blanca	Lark, Sarah
MLU649423952	encargo	no	Patchwork Y Quilts.(guia Completa). (ref:042	Marian García
MLU649428838	encargo	no	El Diseño Industrial	Varios
MLU649432318	encargo	no	Cuando Cierro Los Ojos Te Puedo Ver - Ursula Franke	URSULA FRANKE
MLU649432338	encargo	no	Libro - Hablando Con El Cielo	Van Praagh, James
MLU649436646	encargo	no	Parasitología Médica Becerril 5ª Ed Septiembre 2019	Marco Antonio Becerril Flores
MLU649468836	encargo	no	(20).open World First Student´s Pack (-key+	Anthony Cosgrove
MLU649468862	encargo	no	El Tercer Polo Mark Synnott Everest Escalar	MARK SYNNOTT
MLU649469268	encargo	no	Hannibal Thomas Harris	Harris, Thomas
MLU649496854	encargo	no	Roba Como Un Artista	Austin Kleon
MLU649496948	encargo	no	Eres Uno De Nosotros	Marianne Franke-Gricksch
MLU649498233	encargo	no	Libro El Cielo Está Abierto, De Fresia Castro. Editorial Catalonia, Tapa Blanda ( 2022)	Fresia Castro
MLU649546988	encargo	no	Herramientas Para Alfabetizar En El Jardín De Infantes	Elena Luchetti
MLU649573268	encargo	no	Teoria U Liderar Desde El Futuro A Medida Emerge Scharmer	Scharmer, C. Otto
MLU649574164	encargo	no	Hola Piedra ¡hola, Piedra! Infantil Amistad	Limonero
MLU649576414	encargo	no	Un Papá Como El Mío Padre	Barbara Mielh
MLU649577674	encargo	no	Feromonas Manzana: El Valor Educativo  Dirección Escolar	Miguel Angel Santos Guerra
MLU649589199	encargo	no	Libro Sanando Heridas Mientras Despido Tus Recuerdos	Jairo Guerrero
MLU649591355	encargo	no	Binding 13: Edición Limitada Con Cantos Pintados	Chloe Walsh
MLU649651194	encargo	no	Ortografia Basica De La Lengua Española	Real Academia Española
MLU649664356	encargo	no	Gran Maestro Fu Sheng Yuan Tai Chi Paso A Paso	Fu Sheng Yuan
MLU649665300	encargo	no	Fito Paez. La Vida Después De La Vida | Horacio Vargas	Horacio Vargas
MLU649677496	disponible	si	La Supervisión Educativa En Un Mundo Cambiante	Ines Aguerrondo
MLU649679889	encargo	no	Una Vida Extraordinaria: Transforma Tu Vida Con Propósito	Benigno, Juan
MLU649715524	disponible	si	Lo Insoportable En Las Instituciones	CARMEN RODRIGUEZ
MLU649728564	disponible	si	Rompecabezas Cinco Decadas De Videojuegos Y Puzles	MARÇAL MORA CANTALLOPS
MLU649795256	disponible	si	Evaluación Institucional Spakowsky Educativas Directivas	SPAKOWSKY ELISA
MLU650041364	encargo	no	Titulo Somos Un Puente Medium Almas	Jonathan Jiménez
MLU650045636	encargo	no	Eres Una Madre Maravillosa	Galán Bertrand, Lucía
MLU650045744	encargo	no	El Sabueso De Los Baskerville	Arthur Conan Doyle
MLU650055728	encargo	no	Cómo Planificar Y Evaluar En El Aula. Propuestas Y Ejemplos	Cecilia Bixio
MLU650068366	encargo	no	El Desarrollo De La Lengua Oral En El Aula Escuchar Hablar	Maria Luisa Avendao, Fernando; Miretti
MLU650080104	encargo	no	Psicopedagogía: Revisión De Conceptos Y Problemas - Filidoro	Filidoro Bertoldi Y Otros
MLU650080162	encargo	no	Camus : El Mito De Sisifo	Albert Camus
MLU650080606	encargo	no	Eva Muñoz Lujuria Libro 1 De Lujuria	Eva, Munoz
MLU650089524	encargo	no	Curar El Trauma Del Desarrollo	Laurence Heller
MLU650093676	encargo	no	Murphy-hiscok : Hechizos Protección Anula Energías Negativas	ARIN MURPHY-HISCOK
MLU650098462	disponible	si	Comunicación Compasiva Cómo Remediar Relaciones Difíciles	Corrine R. Stoewsand
MLU650103030	encargo	no	Gutenberg Genios	Jaime Bayly
MLU650132492	encargo	no	Cuadradito Y Circulito: Vacaciones En El Hotel Mohoso	Autores, Vários
MLU650162382	encargo	no	Neurociencia Rotger Marilina	Marilina Rotger
MLU650167708	encargo	no	Como Trabaja Un Psicoanalista Nasio, Juan David	Juan David Nasio
MLU650174688	encargo	no	Hamnet Maggie O'farrell	Maggie O'Farrell
MLU650178506	encargo	no	Sanando La Herida Materna Generacional Colectivo Femenino	Aura Medina De Wit
MLU650184074	encargo	no	Sumar Al Amor Habilidades Relaciones  Emociones Intensas	Paula S. José Quintero * Pablo Gagliesi * Tony Dubose
MLU650184136	encargo	no	Dialéctico Conductual Boggiano Desregulación Emocional	Juan Pablo Boggiano * Pablo Gagliesi * Marsha M. Linehan *
MLU650213522	encargo	no	La Soledad De La Reina Pilar Eyre	Eyre, Pilar
MLU650239128	encargo	no	Registros Akashicos Gomez Guillermo	GOMEZ GUILLERMO
MLU650249475	encargo	no	Guía Mapa De Londres 2a Edición - Julián De Dios	De Dios Julián
MLU650249847	encargo	no	Langenscheidt Diccionariopacto Esp-aleman / Aleman-esp, De No Aplica., Vol. 1. Editorial Klett, Tapa Blanda En Español/alemán	No Aplica
MLU650328808	encargo	no	Adios, Planes-frustracion / Hola Sorpresa-optimismo	Erdman , Roxanna
MLU650353050	encargo	no	Cachorros Salvan Comida Voladora Paw Patrol Patrulla Canina	SPIN MASTER
MLU650367726	encargo	no	Familia Conformaciones Familiares Reproducción Asistida	Elisabeth Ormart
MLU650379880	encargo	no	Nuestro Iceberg Se Derrite	John Kotter
MLU650381651	encargo	no	Libro Decretos Al Arcángel Miguel, De Elizabeth Prophet. Editorial Porcia Ediciones (g), Tapa Blanda ( 2014)	ELIZABETH PROPHET
MLU650387026	encargo	no	Dsm 5 Casos Clinicos	American Psychiatric Association / John W. Barnhill
MLU650394957	encargo	no	Psicosis, Perversión, Neurosis - Philippe Julien	Philippe Julien
MLU650395027	encargo	no	Fórmulas Brujas Mágica Hechizos Amor Protección Swami Manuel	SWAMI MANUEL
MLU650419756	disponible	si	Yo Quiero Ser Amigo De Santi	Giselle Vetere
MLU650428374	encargo	no	Simple Y Consciente Un Viaje Sanador Silvina Luna	Silvina Luna
MLU650537290	encargo	no	Libro El Sinsentido Común - Vilaseca Borja	Borja Vilaseca
MLU650550330	encargo	no	Banda De Pica Pau 2, La - Yan Schenkel	Editorial GG de México
MLU650630800	encargo	no	Electrotecnia 350 Conceptos Teóricos 800 Problemas	JOSE GARCIA TRASANCOS
MLU650631518	encargo	no	Aforrismos A Un Click Del Amor Autor Chausovsky Ivan	Ivan Chausovsky
MLU650652663	encargo	no	Doce Pasos A La Iluminación, De Israel Regardie. Editorial Editorial Ibis, Tapa Blanda En Español	ISRAEL REGARDIE
MLU650698224	disponible	si	Las Sillas No Son Para Sentarse, Son Para Pensar - Lewin	Laura Lewin
MLU650891374	encargo	no	Manual De Entrenamiento En Habilidades Dbt Para Consultante	MARSHA. LINEHAN
MLU650928330	disponible	si	108 Fórmulas Mágicas Para Tu Día A Día, De Swami Manuel. Editorial Manuel Sánchez Méndez, Tapa Blanda En Español, 2022	SWAMI MANUEL
MLU650995864	encargo	no	El Test De Los Dibujos Wartegg, De Ursula Ave-lallemant. Editorial Lasra Ediciones, Tapa Blanda En Español, 2017	Ursula Ave-Lallemant
MLU650996132	disponible	si	Pendulum - Gadini, Roberto - Estuche (libro + Péndulo), De Gadini, Roberto. Editorial Lo Scarabeo En Español	GADINI, ROBERTO
MLU651004486	encargo	no	Recuerda Gía Ciccimarra Emociones	Gía Ciccimara
MLU651009142	encargo	no	Libro Sé Tu Propio Biodescodificador - Pablo Vázquez Kunz	PABLO VAZQUEZ KUNZ
MLU651058122	encargo	no	Esperanza Para La Familia, De Willie Y Elaine Oliver. Editorial Aces, Tapa Blanda En Español	Willie Y Elaine Oliver
MLU651083120	disponible	si	Enhorabuena Por Tu Fracaso, De Arturo González-campos. Editorial Plan B, Tapa Dura En Español, 2022	ARTURO GONZÁLEZ-CAMPOS
MLU651094636	disponible	si	Reina De Corazones - Heiland, Julie, De Heiland, Julie. Editorial Planeta, Tapa Dura En Español	Heiland, Julie
MLU651245220	encargo	no	La Madre Emocionalmente Ausente	Jasmin Lee Cori
MLU651279372	encargo	no	Libro La Batalla Cultural - Agustín Laje	Agustín Laje
MLU651358314	encargo	no	Ferreira Romero: Alimente Sus Pastos Con Sus Animales	FERREIRA ROMERO, Nilo
MLU651367520	encargo	no	Messi. Campeon Del Mundo - Vvaa	VV. AA.
MLU651373705	encargo	no	Sesión Abierta - Las Almas Conectan, El Espíritu Sana, De Noelia Pace. Editorial V&r, Tapa Blanda En Español, 2024	Noelia Pace
MLU651379504	encargo	no	Libro Hijo Tapa Dura - Almada / Wimmer Abrz	Ariel Andrés Almada
MLU651381127	encargo	no	Libro Destruye Para Sanar 2 - Sanación Y Ruptura	Mind Shift Publishing
MLU651458499	disponible	si	Mi Estuche De Pictos Animales Geu Editorial	Geu Editorial
MLU651470726	disponible	si	Nacimientos Bajo Control: El Parto En Las Edades Moderna Y Contemporánea, De Sonia García Galán. Editorial Ediciones Trea, Tapa Blanda En Español	Sonia García Galán
MLU651486774	encargo	no	Teoria U, De Scharmer, C. Otto. Editorial Elefthería En Español	Scharmer, C. Otto
MLU651489294	encargo	no	Nace Un Papá - Criado, Pins	Criado Pins
MLU651491410	encargo	no	Libro : Su Hijo, Una Persona Competente Hacia Los Nuevos	Juul, Jesper
MLU651512882	encargo	no	Listas Para La Party - Karina & Marina,	Karina & Marina
MLU651512894	encargo	no	Los Números No Mienten, De Smil, Vaclav. Editorial Debate, Tapa Blanda En Español	Smil, Vaclav
MLU651512902	encargo	no	Yo No Soy Un Hijo Roto - Morata Sanchez,mati	Morata Sánchez, Mati
MLU651513426	disponible	si	Los Siete Años De La Abundancia	Keret, Etgar
MLU651513438	encargo	no	Libro Palabras Magicas Para Tiempos Dificiles	Nuñez Pereira Cristina
MLU651513446	encargo	no	El Apego En El Aula, De Heather Geddes	Heather Geddes
MLU651513496	encargo	no	Mujer Desnuda, La - Armonia Somers	Armonía Somers
MLU651513580	encargo	no	Los Misterios De La Kabbala	Eliphas Levi
MLU651513586	encargo	no	Ira,la - Thich Nhat Hanh	Hanh, Thich Nhat
MLU651513894	encargo	no	Decir Si A La Vida - Joan Garriga - Libro Original	Joan Garriga
MLU651513918	encargo	no	Palabras Semilla - Magela Demarco. Novedad Brujita De Papel	Caru Grossi
MLU651520688	encargo	no	Cómo Trabaja Un Psicoanalista, De Juan David Nasio. Paidos Editorial, Tapa Blanda En Español	Juan David Nasio
MLU651525776	encargo	no	Libro El Doc En Casa - Diego Montes De Oca - El Ateneo	Diego Montes de Oca
MLU651525810	encargo	no	Libro ¿puedo Mirar Tu Pañal? - Van, Guido	VAN, GUIDO
MLU651525818	encargo	no	Que Enseñes No Significa Que Aprendan - Laura Lewin	Laura Lewin
MLU651526048	disponible	si	Generos, Cuerpos, Placeres - Ayouch, Thamy -lv	Ayouch, Thamy
MLU651526188	encargo	no	Disciplina Positiva De La A A La Z 3ªed - Nelsen	NELSEN, J. ET AL.
MLU651526308	encargo	no	Manual De Entrenamiento En Habilidades Dbt Para El/la Consul	Marsha M. Linehan
MLU651538708	encargo	no	Revolucion Epigenetica,la - Carey,nessa	Nessa Carey
MLU651538734	encargo	no	Libro Las Plantas Magicas Botanica Oculta, Paracelso [ Dhl ]	Paracelso
MLU651538752	encargo	no	Diario De Pilar En Grecia: No Aplica, De Flavia Lins E Silva. Serie No Aplica, Vol. No Aplica. Editorial V&r, Tapa Blanda, Edición 1 En Español, 2015	Flávia Lins e Silva
MLU651538756	disponible	si	Detras Del Espejo - Lujan Iuale	Lujan Iuale
MLU651539040	encargo	no	La Tierra En Llamas (último Reino 5) - Bernard Cornwell	Bernard Cornwell
MLU651539052	encargo	no	Canciones Inolvidables - Letras Y Acordes - Guitarra Y Piano	Francisco Vazquez
MLU651539086	encargo	no	Media Training - Daniel Colombo	Daniel Colombo
MLU651539090	encargo	no	Ortografia Escolar De La Lengu A Española - Rae	Real Academia Española
MLU651539128	encargo	no	El Canto De Las Horas - Florencia Luce - Libros Del Zorzal	Florencia Luce
MLU651548684	encargo	no	La Verdad Sospechosa, De Juan Ruiz De Alarcón. Editorial Ediciones Cátedra, Tapa Blanda En Español	Juan Ruiz de Alarcón
MLU651548752	encargo	no	Actualización Del Test De Apercepción Temática: Una Lectura Psicoanalítica, De Susana L. Torres De Lugea Susana Russo. Editorial Biblos, Tapa Blanda, Edición 1 En Español	Susana L. Torres De Lugea Susana Russo
MLU651562062	encargo	no	El Clan Del Oso Cavernario - Jean M. Auel - Océano Exprés	Jean M. Auel
MLU651562108	encargo	no	Archivos De Stanley Kubrick (es) - Aa.vv	Castle, Alison
MLU651562666	encargo	no	Origen - Deadpool - Edicion Corregida Y Aumentada	VV. AA.
MLU651562704	disponible	si	Psicopedagogía Conceptos Y Problemas Norma Filidoro (bi)	Norma Filidoro
MLU651562776	encargo	no	Prosperidad Verdadera. Como Tenerlo Todo	YEHUDA BERG
MLU651562786	encargo	no	La Quinta Disciplina De Peter M. Senge En Español Tapa Blanda	Peter M. Senge
MLU651562826	encargo	no	Running. Mejora Tu Técnica - Chris Napier	Chris Napier
MLU651562836	disponible	no	Oportunidad De Educar Con Inclusión (hs)	Andrea P. Travaini
MLU651562840	encargo	no	Safari A La Estrategia	Mintzberg, Henry - Ahlstrand, Bruce - Lampel, Joseph
MLU651563100	encargo	no	Libro De Comerciante A Empresario - Guillermo González	Guillermo González
MLU651569404	disponible	si	El Tamaño Del Corazón, De Sanchez Varela Emma Misspink. Editorial Cuentería Respetuosa, Tapa Dura En Español	SANCHEZ VARELA EMMA MISSPINK
MLU651574730	disponible	si	Introducción A La Obra De Henri Wallon, De Ignasi Vila. Anthropos Editorial, Tapa Blanda En Español	Ignasi Vila
MLU651575108	encargo	no	Manual De Viticultura Enologia Y Cata - Manuel Lopez Alej...	López Alejandre, Manuel
MLU651575120	encargo	no	El Talking Manager De Álvaro González-alorda	González-Alorda, Álvaro
MLU651575132	encargo	no	Núñez Bustos: Mariposas Ciudad De Buenos Aires Y Alrededores	Ezequiel Nuñez Bustos
MLU651575322	encargo	no	Libro Secretos De La Gente Sana Dbc	Mateo, Ma. José
MLU651575382	disponible	si	Libro Springfield Confidencial, De Klickstein, Mathew. Editorial Roca Editoral - Argentina, Tapa Blanda (2019)	Klickstein, Mathew
MLU651575456	encargo	no	El Negociador: Consejos Para Triunfar En La Vida Ayub, Artur	Ayub, Arturo Elias
MLU651575500	encargo	no	Herramientas Para Alfabetizar En El Jardín De Infantes	Fernandez Panizza,Gabriela
MLU651575574	disponible	si	Una Posibilidad Entre Mil - Durán Cristina Y Giner Bou	Durán Cristina y Giner Bou Miguel A
MLU651575582	encargo	no	Enciclopedia De Las Hierbas Magicas [ Scott Cunningham ]	Scott Cunningham
MLU651575836	encargo	no	Libro Arta Contra El Alien Maximo	ARTA GAME
MLU651588134	encargo	no	Iron Man Superior (integral), De Taylor, Tom. Editorial Panini Comics, Tapa Dura En Español	Taylor, Tom
MLU651588660	encargo	no	Mujercitas (colección Alfaguara Clásicos) Louisa May Alcott	Louisa May Alcott
MLU651588724	encargo	no	Libro: El Club De Las 5 De La Mañana / Robin Sharma	Robin Sharma
MLU651588744	encargo	no	Tao Te Ching	TSE, LAO
MLU651601074	encargo	no	Libro La Traición Progresista - Alejo Schapire	Alejo Schapire
MLU651601098	encargo	no	Libro El Motivo	Lencioni, Patrick
MLU651601240	encargo	no	Diario De Los Beatles, El - Barry Miles	Barry Miles
MLU651601336	encargo	no	Libro El Dispositivo Del Hospital De Dia En Adicciones / Nov	Trimboli, Alberto
MLU651601362	encargo	no	El Extraño Orden De Las Cosas -	AUTOR
MLU651601386	encargo	no	Libro Expreso Mis Emociones Con Lobo	Los editores de Auzou
MLU651601448	encargo	no	Libro Cuadradito Y Circulito - Vacaciones En El Hotel Mohoso - Altea	Cuadradito y Circulito
MLU651601718	encargo	no	Manual De Sexología Y Terapia Sexual	Cabello Santamaría, Francisco
MLU651614146	encargo	no	Hiperactividad Y Déficit De Atención?: Otra Forma De Prevenir Y Abordar El Problema, De Heike Freire. Editorial Rba Integral En Español	Heike Freire
MLU651620424	encargo	no	Tabla De Alimentos Para Diabeticos	FRITZSCHE DORIS
MLU651642302	disponible	si	El Mundo Infantil Según Oesterheld, De Foncueva, Miguel Angel. Editorial El Tanque De Agua En Español	FONCUEVA, MIGUEL ANGEL
MLU651674214	disponible	si	Intervención Integral En Las Demencias	Ostrosky Shejet, Feggy
MLU651706380	encargo	no	Oceano Boson De Higgs No Te Va A Hace	Javier Santaolalla
MLU651706582	encargo	no	The Art And Science Of Ernst Haeckel Taschen	RAINER WILLMANN
MLU651746071	disponible	si	Manual Pastoreo Seguro Cómo Usar Perros Para Defender Ganado	David Nieto Maceín
MLU651749388	encargo	no	Palmeras En La Nieve, De Gabás, Luz. Editorial Planeta, Tapa Dura En Español	Gabás, Luz
MLU651761196	encargo	no	Libro Organización Y Animación De Ludotecas, De López Matallana, María. Editorial Editorial Ccs, Tapa Blanda	López Matallana, María
MLU651800370	encargo	no	Dulces Sueños! Cómo Lograr Que Tus Hijos Duerman Tranquilos, De María Berrozpe Martínez. Editorial Anaya Multimedia En Español	Berrozpe Martinez, Maria
MLU651825986	encargo	no	Somos Familia, De Elisabeth Ormart. Editorial Molinos De Viento 2016, Tapa Blanda En Español	Elisabeth Ormart
MLU651861229	disponible	si	Ejercicios Practicos De Psicogenealogia, De Schützenberger, Anne Ancelin. Editorial Editorial Sirio, Tapa Blanda En Español, 2025	Schützenberger, Anne Ancelin
MLU651861455	encargo	no	El Eternauta Oesterheld 1969 Edición Clásica	H.G. Oesterheld
MLU651877678	encargo	no	Buenas Noches, Abuelo, De R. / Peris C. Bausà. Editorial Loguez Ediciones En Español	R. / PERIS C. BAUSÀ
MLU651899878	disponible	si	Frases Cuánticas, De Brigitte Champetier. Editorial Berna L. Vaianella, Tapa Blanda En Español	BRIGITTE CHAMPETIER
MLU651942506	disponible	si	Ser Madre Es Un Placer	MERCADER AMIGÓ, Laura
MLU651942512	encargo	no	Como Educar Con Firmeza Y Cariño Nelsen Disciplina Positiva	J. ET AL. NELSEN
MLU651946600	disponible	no	Cómo Santa Teresa Me Acompañó Al Sufismo, De Herrero Gil, Mardía. Fragmenta Editorial, Sl, Tapa Blanda En Español	Herrero, Mardía
MLU651947152	disponible	si	Libro Emociones, De Elisabet Abeyà Lafontana. Editorial Editorial Octaedro, Tapa Blanda	Elisabet Abeyà Lafontana
MLU651963758	encargo	no	La Formación Del Psicomotricista Ppa®	Bernard Aucouturier
MLU651986088	encargo	no	Libro Evolución Humana, De Ayala, Francisco J., Tapa Blanda (2013)	Ayala, Francisco J.
MLU651986286	encargo	no	Libro Enciclopedia De Tolkien, De Nebreda, José María. Editorial Alberto Santos, Tapa Blanda	Nebreda, José María
MLU651994370	encargo	no	Dos Corazones Misma Piel Dermatologia Madre Dermatologa	Maroñas, Lidia
MLU652002742	encargo	no	Ict - Cambridge Igcse - 2nd Edition - Hodder Education	Graham Brown
MLU652002744	encargo	no	Kintsugi - Celine Santini	Santini, Céline
MLU652020716	encargo	no	Cómo Liberarse De Una Madre Narcisista	Hannah Alderete
MLU652024816	encargo	no	Libro El Desarrollo De La Lengua Oral En El Aula, De Maria Luisa Avendao, Fernando; Miretti. Editorial Homosapiens Ediciones, Tapa Blanda	Maria Luisa Avendao, Fernando; Miretti
MLU652056182	encargo	no	El Pasillo Estrecho - Acemoglu, Daron (paperback)	Acemoglu, Daron
MLU652056188	encargo	no	Libro Un Kilómetro Más - Cantilo, Sofi	Cantilo, Sofi
MLU652056196	encargo	no	Señales Enviadas Desde El Cielo - Vurtue, Doreen	VURTUE, DOREEN
MLU652056200	disponible	no	Franz Ruppert - Trauma Precoz - Ed. Herder	FRANZ RUPPERT
MLU652058998	encargo	no	Oraciones Que Derrotan A Los Demonios	John Eckhardt
MLU652059692	encargo	no	Manual De Costura: Faldas Y Pantalones - De Leo, Anna	De Leo Anna
MLU652060520	encargo	no	Libro Las 5 Piezas Clave Del Puzzle De La Vida Por Jim Rohn	Jim Rohn
MLU652063268	encargo	no	The Design Of Everyday Things [ Original ] Don Norman	Don Norman
MLU652082196	encargo	no	Cine Libro 50 Aniversario Padrino Coppola	CASAS, QUIM/ECHAGUE, JAIME V./LOPEZ, JESUS ANTONIO
MLU652082206	encargo	no	Romper El Ciclo - Mariana Gomez Badia	Gomez Badia, Mariana
MLU652083500	disponible	si	Loczy, Una Insolita Atencion Personal, De David, Myriam. Editorial Octaedro, Tapa Blanda En Español	Myriam David
MLU652084814	encargo	no	Guía Del Síndrome De Asperger, De Tony Attwood. Editorial Paidós, Tapa Blanda, Edición 1 En Español	Attwood, Tony
MLU652086270	encargo	no	Libro La Masonería En La Edad Media - Eduardo R. Callaey	EDUARDO CALLAEY
MLU652086330	encargo	no	Jolly Phonics 2 - Pupil Book	Lloyd, Sue
MLU652086374	encargo	no	El Reflejo De Nuestras Emociones	ANGELES WOLDER HELLING
MLU652087816	encargo	no	El Espejo Vacío, De Wetering, Janwillem Van Den. Editorial Kairós Sa, Tapa Blanda En Español	Wetering, Janwillem Van Den
MLU652087826	disponible	si	Libro Laberintos E.s.i. De Gabriela Vexina	Gabriela Vexina
MLU652095170	encargo	no	La Quinta Disciplina En La Práctica Estrategias Y Herramient	Peter M. Senge
MLU652096640	disponible	no	Libro El Desván De Las Letras, De Emma S. Varela - Elisenda Ripollès Vilaseca. Editorial Eolas Ediciones	Emma S. Varela - Elisenda Ripollès Vilaseca
MLU652096770	disponible	si	De La Teta Al Plato	Piermarini, Lucio
MLU652097102	encargo	no	Libro Jugar Por Jugar, De Alfonso Lazaro Lazaro, Tapa Blanda	Alfonso Lazaro Lazaro
MLU652098032	encargo	no	Libro Realismo Imaginativo	Gurney, James
MLU652101118	disponible	si	New Moon	Meyer, Stephenie
MLU652101134	encargo	no	Lo Que Queda De La Infancia - Antelo, Redondo	ANTELO, REDONDO
MLU652102276	encargo	no	Ser Humanos Facundo Manes Y Mateo Niro Firmado Por Autores	Mateo Niro
MLU652102280	disponible	si	Libro El Futuro Es Libre , Buen Karma , Mal Karma , Mas Alla	Trungpa, Chögyam
MLU652102302	encargo	no	Eres Una Madre Maravillosa - Lucia Galan Bertrand	Galán Bertrand, Lucía
MLU652108152	encargo	no	Mundo De Indy La Epidemia De Bullying,el	El mundo de Indy
MLU652109478	encargo	no	Libro Diabetes Sin Problemas, De Frank Suarez, Vol. 100. Editorial Metabolic Press, Tapa Blanda (2015)	Frank Suarez
MLU652111764	encargo	no	Coaching Para Coaches - Leonardo Wolk - Libro	Leonardo Wolk
MLU652112542	encargo	no	Hyperfocus. Cómo Centrar Tu Atención	CHRIS BAILEY
MLU652114132	encargo	no	Coco Y Pio - Alexis Deacon, De Deacon, Alexis. Editorial Ekare, Tapa Dura En Español	Alexis Deacon
MLU652114138	encargo	no	Libro Come Chocolate Y No Discutas Con Idiotas	Gómez, Jessica
MLU652114170	encargo	no	Libro Vampire Academy [ Bendecida Por Sombra ] Richelle Mead	Richelle Mead
MLU652115180	disponible	si	Educar Sin Pantallas, De Autor. Editorial Oberon En Español	Prada Gallego, Marta
MLU652115204	encargo	no	La Casa - Roca, Paco	Roca, Paco
MLU652147718	encargo	no	Libro El Fausto De Goethe, De Juan Manuel De Faramiñan Fernandez Figares. Editorial Comares, Tapa Blanda ( 2020)	JUAN MANUEL DE FARAMIÑAN FERNANDEZ FIGARES
MLU652149124	encargo	no	Baby-led Weaning: 0% Dramas, 100% Soluciones: 0% Dramas, 100	Prats, Begoña
MLU652152268	encargo	no	Complete Mathematics For Cambridge Igcse Extended - 5th Ed	David Rayner
MLU652152360	encargo	no	Plantas De Los Dioses - Schultes Richard Evans (tapa Dura)	Schultes, Richard Evans
MLU652153264	encargo	no	Como Concursar Cargos Directivos - Contenidos Teoricos Pract	Sanchez, Sandra
MLU652153292	encargo	no	Libro: La Baraja Musical. Nadal, Ester. Boileau	Nadal, Ester
MLU652173330	encargo	no	El Eneagrama Guia Facil Y Divertida, De Baron, Renee. Editorial Gaia Ediciones, Tapa Blanda En Español	BARON, RENEE
MLU652173340	encargo	no	Libro Macrame Facil Y Rapido. 20 Proyectos Paso A Paso	GENTRY, JIM
MLU652173352	encargo	no	Libro Gaturro Campeones, De Nik, Vol. 1. Editorial Catapulta, Tapa Blanda (2023)	Nik
MLU652173360	encargo	no	Querida Mama Entre Tu Y Yo - Redling,kim	Redling, Kim
MLU652188776	encargo	no	Libro Curso De Diseño De Personajes, De Gamez Gamez Javier. Editorial Anaya Multimedia, Tapa Blanda ( 2023)	GAMEZ GAMEZ JAVIER
MLU652188958	encargo	no	Libro Harry Potter. Destroza Este Horrocrux, De Potter, Harry. Editorial Magazzini Salani, Tapa Blanda, En Castellano (2022)	Potter, Harry
MLU652212136	encargo	no	Evangelio 2023, De Equipo San Pablo. Editorial San Pablo Editorial, Tapa Blanda En Español	EQUIPO SAN PABLO
MLU652214548	disponible	si	Libro El Tao Del Yiquan, De Diepersloot , Jan. Editorial Liebre De Marzo, Tapa Blanda (2004)	DIEPERSLOOT , JAN
MLU652224558	disponible	si	La Docencia De Apoyo Para La Inclusion Y La Accesibilidad Ed	Sanmartin, Gabriela
MLU652240418	encargo	no	Vaya Lío De Familia!, De Pascale Francotte. Editorial La Galera En Español	Pascale Francotte
MLU652240428	encargo	no	Libro Hic, De García, Mercedes. Editorial Oceano Travesía, Tapa Dura ( 2014)	García, Mercedes
MLU652240660	encargo	no	Libro Mi Felicidad Eres Tú, De Heinz Janisch. Editorial Lóguez Ediciones, Tapa Blanda	Heinz Janisch
MLU652240748	encargo	no	Libro Psicópatas Integrados, De José Manuel Pozueco Romero. Editorial Giuntieos Psychometrics Sl., Tapa Blanda	José Manuel Pozueco Romero
MLU652252242	encargo	no	Curar El Trauma Del Desarrollo, De Laurence Heller. Editorial Editorial Eleftheria, Tapa Blanda En Español	Laurence Heller
MLU652266408	encargo	no	Libro El Nuevo Orden Mundial, De Martín Lozano. Editorial Sieghels, Tapa Blanda (2015)	Martín Lozano
MLU652276554	encargo	no	Libro El Acoso Moral - Marie-france Hirigoyen	Marie-France Hirigoyen
MLU652279530	encargo	no	Libro La Abundancia Está Servida, De Gil, Dora, Tapa Blanda (2022)	Gil, Dora
MLU652279636	encargo	no	Libro Numen Blanco, De Alba Ballesta Gonzalez. Editorial Guy Trédaniel	ALBA BALLESTA GONZALEZ
MLU652279768	disponible	si	Libro Lo Insoportable En Las Instituciones De Protección A La Infancia, De Carmen Rodriguez. Editorial Fundación La Hendija, Tapa Blanda	CARMEN RODRIGUEZ
MLU652279818	disponible	si	Libro Coleccionando Momentos, De Mª Carmen Díez Navarro. Editorial Editorial Octaedro	Mª Carmen Díez Navarro
MLU652305462	disponible	si	Libro Piano Básico De Bastien Nivel 1, De Bastien, J.. Editorial Kjos	Bastien, J.
MLU652330037	encargo	no	Libro Curso Práctico De Cerámica (tomo 4) - Jorge F. Chiti	Jorge Fernández Chiti
MLU652417082	encargo	no	El Caso Del Reloj De 1812, De Fonseca, Javier Y González, Joaquín (ilustr.). Editorial Macmillan Iberia En Español	FONSECA, JAVIER y GONZÁLEZ, JOAQUÍN (Ilustr.)
MLU652433605	disponible	no	Libro Estados Peligrosos, De Noam Chomsky. Editorial Paidós	Noam Chomsky
MLU652468490	disponible	si	La Mejora De Funciones Ejecutivas Y Conductuales. Adhiso	Calleja González, Mª Inmaculada
MLU652480610	encargo	no	Refranes, Proverbios Y Sentencias Jose Vales	Jose Vales
MLU652485275	encargo	no	Cerámica Artística: Manual Práctico Y Técnicas Chiti Libro	Jorge Fernández Chiti
MLU652503222	encargo	no	El Libro De San Cipriano	Anónimo
MLU652515688	disponible	si	Suplemento 86 Pictos + Caja Organ	Geu Editorial
MLU652516556	encargo	no	El Principio De Peter Laurence J. Peter	Laurence J. Peter
MLU652531718	encargo	no	9 Meses Bajo La Lupa	Fradin, Natacha
MLU652579846	disponible	si	Stranger Things. Los Horrores De Hawkins	Gilbert, Matthew J.
MLU652599695	disponible	no	Libro Alianca Francesa - Defi Cahier D Exercices - 4	Varios Autores
MLU652605238	encargo	no	Motores, Autos Y Sueños	Berta, Oreste
MLU652653502	disponible	si	Rompecabezas. - Sandra Baita	Sandra Baita
MLU652656060	encargo	no	Trabajando En Profundidad Relacional En Counseling Y Psicote	Cooper, Mick
MLU652658025	disponible	si	Las Parturientas - Historias De Gestaciones Y Abismos: Historias De Gestaciones Y Abismos, De Kampfer, Agustina., Vol. 1. Editorial Octubre, Tapa Blanda En Español, 2022	Kampfer, Agustina
MLU652658734	disponible	si	Caótica César Ortíz Albaladejo	César Ortiz Albaladejo
MLU652669116	encargo	no	Bird Checklist - Varios Autores	Varios autores
MLU652669164	encargo	no	Libro Manual Del Observador De Aves De Tito Narosky	Tito Narosky
MLU652670687	encargo	no	Prepare A2 Level 3 Sbk With Ebook Tapa Blanda	Kosta, Joanna
MLU652679504	encargo	no	Niñez Trans - Valeria Pavan	valeria pavan
MLU652681944	encargo	no	El Manual De La Dieta Intuitiva, De Es, Vários. Editorial Ediciones Obelisco Sl En Español	Tribole, Evelyn
MLU652682058	disponible	si	Libro El Amor De Tu Vida Compartida Por Enriqueta Olivari	Enriqueta Olivari
MLU652682078	encargo	no	Libro: Los Chicos Del Cementerio. Thomas, Aiden. Kakao Books	Thomas, Aiden
MLU652688970	disponible	si	Todos Somos Estrellas - Patel, Meera Lee	Patel, Meera Lee
MLU652688974	encargo	no	Yo, Madre De Un Adicto, De Desirée Bujanda. Editorial Universo De Letras, Tapa Blanda En Español, 2018	Desirée Bujanda
MLU652688976	encargo	no	Funciones Ejecutivas - Evaluacion Y Entranamiento	Isabel Introzzi - Lorena Canet
MLU652695120	encargo	no	Infancias Dignas O Como Descolonizarse, De Liebel Manfred. Editorial El Colectivo, Tapa Blanda En Español	Liebel Manfred
MLU652695132	disponible	no	Libro Un Mundo Sin E-mail - Cal Newport	Newport, Cal
MLU652695136	encargo	no	La Muerte De Las Cuatro Reinas	Scholte, Astrid
MLU652695210	encargo	no	Sinvergüenzas, De Penchansky M., Vol. 1. Editorial Lugar, Tapa Blanda En Español	PENCHANSKY M
MLU652696445	encargo	no	Libro Prepare A2 Level 3 - Sb With Ebook - 2nd Ed	Kosta, Joanna
MLU652703159	disponible	si	Históricamente Carretero  Memoria Colectiva	Mario Carretero
MLU652705504	encargo	no	First For Schools Trainer Six Practice Tests Without Answer	ELLIOT SUE / TILIOUINE HELEN / O\'DELL FELICITY
MLU652707370	encargo	no	Libro Yo Soy Yo - Mira Lobe - Susi Weigel, De Lobe, Mira. Editorial Galimatazo, Tapa Dura	Lobe, Mira
MLU652707380	encargo	no	Libro Ser Feliz Es Darse Cuenta - Bleu Minette - Vergara	Bleu Minette
MLU652708032	disponible	si	Introducción Al Acompañamiento Terapéutico - Saliche, Sergio	Saliche Sergio Fernando
MLU652708034	disponible	si	Fundamentos Clinicos Del Acompañamiento Terapeutico, De Pulice, Gabriel. Editorial Letra Viva En Español	Pulice, Gabriel
MLU652708194	encargo	no	Profanaciones - Giorgio Agamben - Adriana Hidalgo - Libro	Giorgio, Agamben
MLU652708196	encargo	no	¿por Qué Como Si No Tengo Hambre?	DEL ALAMO ROBLEDO, MARIA DE LOS ANGELES
MLU652733442	encargo	no	Libro Más Allá De Lo Que Ves La Persona Con Síndrome De Down	Eduardo Moreno Vivot
MLU652734110	encargo	no	Una Heroica Cruzada Al Reino De Las Hadas Y Dragones	Hania Czajkowski
MLU652746288	encargo	no	Extracciones Cannábicas	Javier Ruano Zarzuela
MLU652747058	encargo	no	Libro El Gran Mundo De La Aviación Militar - Newdick, Thoma	NEWDICK, THOMAS
MLU652752409	encargo	no	Microanalisis Historiografia Experimental Jacques Revel	Jacques Revel
MLU652752513	encargo	no	7 Fases Madurativas Futbolista Entrenamiento Anselmi	Juan Cruz Anselmi y Enrique Borrelli
MLU652759298	encargo	no	Terapia De Aceptación Y Compromiso Para Parejas. Guía Clí...	Matthew Mckay y Avigail Lev
MLU652759318	encargo	no	Libro Seguir Con El Problema - Haraway Donna Jeane	Haraway, Donna Jeane
MLU652760156	encargo	no	Libro La Vida Va De Esto	Galán Bertrand, Lucía
MLU652761286	encargo	no	La Estafa Emocional C. Tarnowski, Belén	Belén C. Tarnowski
MLU652772734	disponible	si	Medicalizacion De La Infancia, La - Cecilia Rustoyburu	CECILIA RUSTOYBURU
MLU652772857	disponible	si	Libro Caballería Argentina 1929 Militaria  Planos Originales	Nicolás C. Accame
MLU652772936	encargo	no	Shogun.la Vida De Tokugawa Ieyasu - Sadler, A.l	SADLER, A.L
MLU652773026	disponible	si	Big Ben - Duo Karma	Dúo Karma
MLU652774928	encargo	no	Siqueiros Y Blanca Luz Brum Esteban Campos	Esteban Campos
MLU652775168	disponible	si	Cabouli: Terapia De Vidas Pasadas (4 Ed)	CABOULI JOSE LUIS DR.
MLU652779966	encargo	no	Inteligencias Multiples - Begoña Ibarrola - Sm	Ibarrola López De Davalillo, Begoña
MLU652811085	disponible	si	Minas Lavalleja Libro Inauguración Monumento Ed. Original	Lit. LA RAZON
MLU652811535	disponible	si	Libro Gran Fiesta Identidad Nacional Semana De La Chilenidad	Luis HerreraAguerrevere y Tito Alarcón Pradena
MLU652876329	encargo	no	Libro Gaucha  Javier De Viana  Ediciones Tauro	Javier De Viana
MLU652889573	disponible	si	Paisanas Javier De Viana Costumbres Campo Uruguayo 1920	Javier De Viana
MLU652913871	encargo	no	Reglamento Oficial De Pato Argentina 1969 Edición Histórica	Federación Argentina de Pato
MLU652985731	encargo	no	Verdad Con Sócrates Grandes Ideas Para Pequeños Filósofos	MCQUERY,MAUREEN
MLU652998653	encargo	no	Libro La Tumba De Hitler  Investigación Histórica	Abel Basti
MLU653024411	encargo	no	Verdad Con Socrates, De Mcquery,maureen. Editorial Rba Molino, Tapa Dura En Español	MCQUERY,MAUREEN
MLU653024553	disponible	si	Las Llaves Maestras De Gaia, De Tait, Vanessa., Vol. 1. Editorial Guy Tredaniel, Tapa Blanda En Español, 2025	Tait, Vanessa
MLU653037365	disponible	si	Grandes Ideas Para Pequeños Filósofos-imaginacion Con  Rene	MCQUERY,MAUREEN
MLU653037367	disponible	si	Libro Imaginacion Con Rene Descartes	MCQUERY,MAUREEN
MLU653050429	encargo	no	¡despierta Tu Metabolismo! 365 Tips Para Restaurar Mejorar Y Apoyar El Metabolismo De Frank Suarez Editorial Metabolic Press Tapa Blanda En Español	Suárez, Frank
MLU653063339	encargo	no	Libro Saludablemente - Marcos Vázquez - Grijalbo	Marcos Vázquez
MLU653076163	encargo	no	La Tumba De Hitler: N/a, De Abel Basti. N/a, Vol. N/a. Editorial Planeta, Tapa Blanda, Edición En Español, 2025	Abel Basti
MLU653090701	encargo	no	Libro El Enigma De Cain - Edward Powys Mathers	EDWARD POWYS MATHERS
MLU653094878	disponible	si	Como En El Cielo	Mcdonnell, Patrick
MLU653113157	encargo	no	Maridaje Para Principiantes Libro De Xavier Ayala Sumiller	XAVIER AYALA
MLU653115373	disponible	si	Sócrates En Bicicleta, De Marcos Pereda Y Guillaume Martin	Marcos Pereda y Guillaume Martin
MLU653166971	encargo	no	Tetrabiblos Y El Centiloquio	PTOLOMEO , CLAUDIO
MLU653167035	disponible	no	Libro Mi Mascota Y Yo Guarda Momentos De Tu Mascota	David Hernández Sevillano
MLU653248406	encargo	no	Hola Directivos - Laura Lewin	Laura Lewin
MLU653290724	encargo	no	Formula 1 : The Official History	Maurice Hamilton
MLU653299824	encargo	no	Amor A Cuatro Estaciones	Arráez, Portal Nacarid
MLU653299830	disponible	si	Manual De Supervivencia Urbana: Técnicas Y Tácticas De Super	Fernando "Ferfal" Aguirre
MLU653326268	encargo	no	Mono Desnudo Dbs - Morris,desmond	Morris, Desmond
MLU653326300	encargo	no	Libro Maldita Caloría - Alejandro García	Alejandro García
MLU653326308	encargo	no	Sumar Al Amor Habilidades Para Mejorar Las Relaciones En	Paula S. José Quintero * Pablo Gagliesi * Tony Dubose
MLU653326314	encargo	no	El Microcosmos Del Movimiento. Una Mirada Funcional	Unsel, Phil
MLU653326370	encargo	no	Libro El Palabrista (edicion Especial) De Esteban Peicovich	Esteban Peicovich
MLU653327168	encargo	no	Diez Nuevas Competencias Para Enseñar Docencia	Philippe Perrenoud
MLU653338826	encargo	no	Un Año En El Jardín Tapa Dura	Billoch, Clara
MLU653346025	disponible	si	Libro Te Busqué Te Luché Te Encontré Ainhoa Navarro	Ainhoa Navarro
MLU653352362	encargo	no	Alguien Para Ti- Juan Arcones- Y Original	JUAN ARCONES
MLU653352388	disponible	si	Libro Crecer Agradeciendo - Fer Suppicich	Fer Suppicich
MLU653352502	encargo	no	Libro Guía Terapéutica En Intensivos Pediátricos	VV. AA.
MLU653352570	encargo	no	Libro Tengo Un Nudo En La Barriga - Soler, Alberto	SOLER, ALBERTO
MLU653352592	encargo	no	Un Papa Como El Mio	Mielh, Bárbara
MLU653352604	encargo	no	Sumar Y Multiplicar ¿diferentes O Iguales?-gonzalez, Adriana	Gonzalez, Adriana
MLU653371987	disponible	si	Ludopatía Y Adolescencia Libro Prevención Adicciones	Diana Sahovaler Litvinoff
MLU653377828	encargo	no	Libro Orden Mundial - Henry Kissinger - Debate	Henry Kissinger
MLU653377836	encargo	no	Libro La Comida Como Aliada - Martín Viñuales	Viñuales, Martin
MLU653377882	encargo	no	Técnicas De Patronaje De Moda Vol. 2	Donnanno, Antonio
MLU653377952	encargo	no	Libro Bien Que Te Gustó - Julieta Saulo - Ediciones B	Julieta Saulo
MLU653391196	encargo	no	Estetica De La Creacion Verbal - Mijail Mijailovich Bajtin	MIJAIL MIJAILOVICH BAJTIN
MLU653391322	disponible	si	Ctdl 4: Correo Electronico E Internet En El Ambito Laboral	Garcia Vior, Andrea
MLU653401396	encargo	no	El Semen Mola, De Anna Salvia. Editorial Montena En Español	Anna Salvia
MLU653401544	encargo	no	Los Lirios Del Campo Y Las Aves Del Cielo (selección) - Sore	Kierkegaard, Soren
MLU653401554	encargo	no	La Asertividad: Expresión De Una Sana Autoestima	Olga Castanyer Mayer-Spiess
MLU653401640	disponible	si	El Déficit De Atención Sin Fármacos - Gladys Veracoechea...	GLADYS VERACOECHEA TROCONIS
MLU653427954	encargo	no	Psicodrama Terapia De Accion Y Principios  Practica Moreno	JACOBO LEVY MORENO
MLU653479350	encargo	no	Cómics Superthings	EDIBA EUROPA EON SL
MLU653484796	disponible	si	Ami De Las Estrellas Enrique Barrios	Barrios, Enri
MLU653516512	disponible	si	Ami 3 - Civilizaciones Internas Enrique Barrios Estrellas	Enrique Barrios
MLU653797010	encargo	no	Las Voces Olvidadas Mónica Alvarez	Alvarez, Claramunt Y Otros
MLU653797012	encargo	no	De Repartir Y Partir Se Trata - Gonzalez Adriana	Gonzalez, Adriana
MLU653809720	encargo	no	Libro: Lecciones De Vida. Kubler-ross / Kessler. Luciernaga	Kubler-ross / Kessler
MLU653809722	disponible	si	Libro Tu Futuro Es Hoy	Chica, Laura
MLU653809728	encargo	no	Las Leyes De La Fertilidad, De Bartolome, Patricia. Editorial Creando Nuevas Vidas, Tapa Blanda En Español	Bartolome, Patricia
MLU653809730	disponible	si	Mejora Funciones Ejecutivas Y Conductuales Profesor Profr...	Calleja González, Mª Inmaculada
MLU653834698	encargo	no	Libro El Eneagrama De Helen Palmer	Helen Palmer
MLU653834706	encargo	no	Estrategias Didácticas. Revisando La Intervención Docente	María Fernanda Mendez de Seguí
MLU653834726	encargo	no	Caperucita Rebelde ( Con Causa) - Verónica Álvarez Rivera	Álvarez Rivera, Verónica
MLU653834758	encargo	no	Libertad Y Límites. Amor Y Respeto, De Wild, Rebeca. Herder Editorial, Tapa Blanda En Español	Wild, Rebeca
MLU653835726	encargo	no	Libro El Mito De Sisifo De Albert Camus	Albert Camus
MLU653860480	encargo	no	Libro Ii.diamantes En Bruto - Mosquera, Dolores	MOSQUERA, DOLORES
MLU653860518	encargo	no	Letramania 1 - La Imprenta Mayuscula, De Johnson, Sally & Gomez Carrillo, Sara. Editorial Kel Ediciones S.a., Tapa Blanda En Español, 2001	JOHNSON, Sally & GOMEZ CARRILLO, Sara
MLU653861068	encargo	no	Libro La Ganaderia Paralela .bases Para Una Ruralidad Avanza	Juan Dutra
MLU653899756	disponible	si	Observando A Los Bebés Alicia Oiberman (lu)	Oiberman
MLU653899802	encargo	no	Book : Warriors: Dawn Of The Clans Box Set: Volumes 1 To	Erin Hunter
MLU653900276	encargo	no	Una Familia Anormal Tesoro De Minuca Vallejos Lyna	Lyna Vallejos
MLU653900796	encargo	no	Blanca, La Niña Que Queria Volar, De Benjamin Vicuña. Editorial Planeta, Tapa Blanda En Español, 2023	Benjamin Vicuña
MLU653900812	encargo	no	Los Renglones Torcidos De Dios - Luca De Tena, Torcuato	Luca de Tena, Torcuato
MLU653921750	encargo	no	Libro : Cómo Lograr La Competencia Acuática El Método...	Moreno Murcia, Juan Antonio, Ruiz Pérez, Luis Miguel
MLU653926828	encargo	no	Suicidio : Lecturas Y Abordajes, De Vallone, Norma. Editorial Ricardo Vergara En Español	VALLONE, NORMA
MLU653928151	encargo	no	Libro Tomo Ii - 108 Formulas Magicas Para Tu Dia A Dia (coleccion, De Manuel Swami, Vol. 2. Editorial Edicions Misticarium, Tapa Blanda (2025)	MANUEL SWAMI
MLU653948372	encargo	no	Krao Vs Italianini 2 La Conquista Del Mundo - Krao	Krao
MLU653961522	encargo	no	Demasiada Felicidad	Munro, Alice
MLU653965096	encargo	no	El Tercer Polo Mark Synnott Everest Escalar, De Mark Synnott. Editorial Desnivel, Tapa Blanda En Castellano	MARK SYNNOTT
MLU653972516	disponible	si	Hijos Difíciles, Padres Desorientados/padres Difíciles, Hijos Desorientados, De Eva Rotenberg. Lugar Editorial, Tapa Blanda En Español, 2019	Eva Rotenberg
MLU653973242	disponible	si	Gestionar Desde Las Diversidades En Aulas, Instituciones Y T	Sanchez, Sandra
MLU653973248	encargo	no	Hadas (t) Montena - Frond	Brian Froud
MLU653973276	encargo	no	Libro - Verum Trilogia Nocte 2	Cole, Courtney
MLU653984200	encargo	no	La Lunología En Acción, De Yasmine Boland. Editorial Guy Tredaniel, Tapa Dura En Español, 2023	YASMINE BOLAND
MLU654108176	disponible	si	Eres Bicho Raro Diario Creativo Seres Únicos Peterson	Peterson, Kate
MLU654133748	encargo	no	Dibujo Contexto Psicodiagnostico Cattaneo Psicopedagogia	Beatriz Haydee Cattaneo
MLU654133794	encargo	no	El Gesto Y La Huella Graciela Casanova	Graciela Casanova y Marc George Klein
MLU654173849	disponible	no	Contrato Sagrado,el - Myss, Caroline	Myss, Caroline
MLU654184779	disponible	no	Myss El Contrato Sagrado Guía De Autoconocimiento	Myss, Caroline
MLU654267930	disponible	si	Metodologia De La Investigacion En La Enseñanza	Isabel Santos Gargallo
MLU654281496	encargo	no	Libro Escuelas Agenda De Lectura Y Escritura En El Aula Actis, De Beatriz Actis. Editorial Homo Sapiens, Tapa Blanda	Beatriz Actis
MLU654294490	encargo	no	Libro Simon En Ya Llega La Navidad, De Pomés Leiz, Juliet. Editorial Tusquets	Pomés Leiz, Juliet
MLU654296571	disponible	si	Libro The Invisible Rainbow: A History Of Electricity And	Arthur Firstenberg
MLU654307402	disponible	si	Libro The Human Body, De Various. Editorial Lectorum, Tapa Blanda	Various
MLU654321497	disponible	si	The Invisible Rainbow Electricity And Life Firstenberg	Arthur Firstenberg
MLU654398468	encargo	no	Manual Del Café - Nicolás Artusi	Nicolás Artusi
MLU654449568	encargo	no	Manual De Supervivencia. Cómo Convertir Los Obstáculos	Salvat, Marta
MLU654449570	encargo	no	Libro Dave Grohl: The Storyteller - Dave Grohl	Dave Grohl
MLU654449602	disponible	si	Las Tres Oleadas De Voluntarios Para Una Nueva Tierra. ¿eres	Cannon, Dolores
MLU654449636	disponible	no	Mariposas Porteñas , Paisaje Y Biodiversidad Márquez Freitas	Fabio Márquez ; Jorge Freitas
MLU654454044	encargo	no	Mi Verguenza Emociones	Javier Garrido
MLU654487213	encargo	no	Destruye Para Sanar - Parte 1 - Un Diario Terapéutico	Mind Shift Publishing
MLU654488182	disponible	si	Variación En El Aula - Raiter, Zullo	Raiter Alejandro, Zullo Julia
MLU654493022	encargo	no	Libro Roger Federer: The Biography, De René Stauffer. Editorial Polaris Publishing, Tapa Dura	René Stauffer
MLU654501492	disponible	si	Vinculos Violentos En Familia - Domingo Caratozzolo	Domingo Caratozzolo
MLU654501512	encargo	no	Confines De Las Psicosis. Teoría Y Práctica., De Nieves Soria. Editorial Del Bucle, Tapa Blanda, Edición Papel En Español, 2020	Nieves Soria
MLU654506714	disponible	si	Libro Así Fue Como Llegaste Donación De Espermatozoides, De Silvia Jadur, Constanza Duhalde. Editorial Aguava, Tapa Dura	Silvia Jadur, Constanza Duhalde
MLU654519072	encargo	no	Deglucion De La A A La Z Disfagia	Campora, Horacio
MLU654519738	disponible	no	Libro Enseñar A Hablar A Un Monstruo, De Vales, José C.. Editorial Destino, Tapa Blanda	Vales, José C.
MLU654527134	encargo	no	Nunca Terminar - David Goggins, De David Goggins. Editorial Lioncrest Publishing, Tapa Blanda En Español, 2023	David Goggins
MLU654527142	encargo	no	Stranger Things - Mundos Del Reves - Gina Mcintyre	Gina Mcintyre
MLU654527180	encargo	no	Libro Mi Amiga Invisible La Muerte	Canals Botines, Mireia
MLU654531722	encargo	no	Empresas Familiares Estrategia Ridolfi	Claudio A. Ridolfi
MLU654532324	encargo	no	Libro Registros Akáshicos, De Gomez Guillermo. Editorial Ecotienda Natural, Tapa Blanda	GOMEZ GUILLERMO
MLU654532362	encargo	no	Libro Geografía Del Mundo Actual, De Echeverria, Maria Julia Capuz, Silvia Maria. Editorial Az Editora S.a., Tapa Blanda	Echeverria, Maria Julia Capuz, Silvia Maria
MLU654540196	encargo	no	Mis Ejercicios Anti Alzheimer - Larousse Editorial	Larousse Editorial
MLU654540200	encargo	no	Libro El Largo Camino Hacia La Libertad - Nelson Mandela	Mandela, Nelson
MLU654553470	encargo	no	Libro Tu Calma Empieza Aqui	Patel, Meera Lee
MLU654558612	encargo	no	Libro Como Planificar Y Evaluar En El Aula, De Cecilia Bixio. Editorial Homosapiens Ediciones, Tapa Blanda	Cecilia Bixio
MLU654579054	encargo	no	De Eso Sí Se Habla - N. Schulz, I. Raschkovan, Adí Nativ	Noelia Schulz, Ivana Raschkovan, Adí Nativ
MLU654583744	encargo	no	Hoy No Juegas Coleccion	Pilar Serrano
MLU654584324	encargo	no	Libro Como Hacer Perfumes Con Aceites Esenciales, De Wagner Ramírez. Editorial Independently Published, Tapa Blanda, En Castellano ( 2021)	Wagner Ramírez
MLU654677868	disponible	no	Canto Rebelde - Califa, Oche	Califa, Oche
MLU654677974	disponible	si	Equilibrio Relativo En Un Mundo Inestable - Anngwyn St. Jus	Anngwyn St. Just
MLU654742704	encargo	no	Libro Comer Para Vencer Al Cancer, De Jiménez Fonseca , Paula. Editorial Ediciones Nobel, Sa, Tapa Blanda En Español, 2012	Jiménez Fonseca , Paula
MLU654742734	encargo	no	Hierba, De Keum Suk Gendry-kim., Vol. 1.0. Editorial Reservoir Books, Tapa Blanda En Español, 2023	Keum Suk Gendry-Kim
MLU654742882	encargo	no	Libros Magicos: Los Animales, De Spin Master. Serie Paw Patrol, Vol. 2. Editorial Colecciones Clarin, Tapa Dura, Edición 2 En Español, 2023	SPIN MASTER
MLU654748898	disponible	si	Libro Educar En Tiempos De Crisis, De Ramon Casals. Editorial Grao, Tapa Blanda	RAMON CASALS
MLU654750628	encargo	no	De Mayor Quiero Ser Feliz 1	Anna Morató García
MLU654750694	disponible	si	Libro Pequeños Gajos Del Oficio Médico Hosp Italiano, De Coti Funes. Editorial Delhospital Ediciones, En Castellano	Coti Funes
MLU654755682	encargo	no	Sanacion A Traves De Los Registros Akasicos - Howe, Linda	Howe, Linda
MLU654755684	encargo	no	Entrevistas Preliminares Y La Entrada En Analisis, Las (9).s	ERNESTO S.
MLU654755686	encargo	no	El Efecto Luna De Miel	Bruce Lipton
MLU654755700	encargo	no	Libro Lobo De Wall Street,el - Jordan Belfort	Belfort, Jordan
MLU654755724	disponible	si	El Deportista Perfecto De Miguel Simon - Costhanzo - Planeta	Miguel Simon Costhanzo
MLU654755876	encargo	no	Sola En El Bosque - María Magela Demarco	María Magela Demarco
MLU654755878	encargo	no	Libro Solo Humo - Juan Jose Millas	Juan José Millás
MLU654755880	disponible	si	Libro Investigación Integral En Las Demencias: Ejercicios Y	Ostrosky Shejet, Feggy
MLU654755884	encargo	no	Un Trabajo Para Toda La Vida Sobre La Experiencia De Ser Madre, De Cusk, Rachel. Editorial Libros Del Asteroide, Tapa Blanda En Español, 2023	Cusk, Rachel
MLU654794516	encargo	no	Hhhh. Laurent Binet	Binet, Laurent
MLU654794596	encargo	no	Educar En La Realidad	Lecuyer, Catherine
MLU654802914	encargo	no	Pasturas Enriquecidas Por La Naturaleza	DUTTO, Livio
MLU654803618	disponible	si	Libro Solucion De Problemas En Situaciones De Vulnerabil, De Colombo, Rosa Ines. Editorial Cauquen Editora	COLOMBO, ROSA INES
MLU654807960	encargo	no	Neurociencia Neuroaprendizaje 2da Ed Ampliada - Rotger	Marilina Rotger
MLU654807964	encargo	no	Libro Libro Coleccionista Comics Superthings Max - Series	EDIBA EUROPA EON SL
MLU654816780	encargo	no	Libro Ami Regresa: Ami 2, De Enrique Barrios. Editorial Independently Published	Enrique Barrios
MLU654820514	disponible	si	Iancias Públicas. No Hay Derecho	Mecedes S. Minnicelli
MLU654820558	disponible	si	Libro Tu Droga Mi Droga Nuestra Droga De Mario Miguel Puente	Mario Miguel Puentes
MLU654820644	encargo	no	Libro Hermanos Tremending 3. Estrellas De Hollywood - Her	Hermanos Tremending
MLU654829342	disponible	si	Libro De Familias , Psicosis E Internación, De Monica Fundin. Editorial Letra Viva	Monica Fundin
MLU654835262	encargo	no	El Metodo Silva De Control Mental	José Silva, Philip Miele
MLU654839754	encargo	no	Libro Electrotecnia, De Jose Garcia Trasancos. Editorial Ediciones Paraninfo, Tapa Blanda	JOSE GARCIA TRASANCOS
MLU654839774	disponible	si	Libro Madres, No Mujeres, De Laura Kait. Editorial Ediciones Del Serbal, Tapa Blanda	Laura Kait
MLU654839920	encargo	no	Libro Hoy Me Toca Psico, De Anna Luna Muns. Editorial Editorial Octaedro, Tapa Dura	Anna Luna Muns
MLU654846440	encargo	no	9 Meses Desde Dentro - Gratacos Solsona,eduard	Gratacós Solsona, Eduard
MLU654852900	encargo	no	Libro El Caballo. Cría Y Manejo, De Enzo Berner. Editorial Mundiprensa, Tapa Blanda	Enzo Berner
MLU654868088	encargo	no	Libro Cómo Liberarse De Una Madre Narcisista, De Hannah Alderete, Tapa Blanda	Hannah Alderete
MLU654868104	encargo	no	Abejas Reinas Cria Rentable De	RODRIGUEZ FABIAN
MLU654868250	encargo	no	Libro: Pan Casero Sin Gluten. Menendez Cogolludo, Juan Carlo	Menendez Cogolludo, Juan Carlos
MLU654868300	disponible	si	Minimalismo - Judi Y Shari Zucker	JUDI Y SHARI ZUCKER
MLU654868304	encargo	no	Libro Pop Up Los Numeros - Rimas Saltarinas	No Aplica
MLU654868306	encargo	no	Los Señores Del Norte - El Ultimo Reino 3	Cornwell, Bernard
MLU654868310	encargo	no	Leamos Juntos. Cuadernillo Del Alumno + Material De Borzone	Ana María Borzone
MLU654868842	disponible	si	Osho / El Libro Del Sexo, De Osho. Editorial Grijalbo En Español	Osho
MLU654915674	encargo	no	Actuar, Jugar, Pensar, De Bernard Aucouturier	Bernard Aucouturier
MLU654915728	encargo	no	Coco Chanel [ La Revolución De La Elegancia ] Pasta Dura	Megan Hess
MLU654915850	encargo	no	Dispositivos Y Estrategias Para El Trabajo Grupal En El Aula	STIGLIANO, GENTILE
MLU654915852	encargo	no	Español Frances Guia Polaris	Varios
MLU655032634	disponible	si	Libro Ecologia , La, De Emilie Beaumont. Editorial Fleurus, Tapa Blanda	EMILIE BEAUMONT
MLU655045656	encargo	no	El Pez De Los Deseos Loek Koopmans Editorial I.n.g En Español Tapa Dura	Loek Koopmans
MLU655153991	encargo	no	Un Actor Se Prepara Stanislavski Método Actuación	Konstantin Stanislavski
MLU655192759	disponible	si	Verdadero Y Falso - David Mamet	David Mamet
MLU655232376	encargo	no	Todo Sobre El Baby-lead Weaning, De Wendy Jo Peterson / Leslie Schilling. Plataforma Editorial En Español, 2018	Wendy Jo Peterson / Leslie Schilling
MLU655234470	encargo	no	Libro Hazte La Cama	William H. Mcraven
MLU655234476	disponible	no	Libro - Patria Posible, La - Omar Lopez Mato	Omar López Mato
MLU655234484	encargo	no	Mrs.dalloway - Woolf Virginia	Woolf, Virginia
MLU655234486	encargo	no	El Libro Del Chino Practico 1 - Libro De Ejercicios	No Aplica
MLU655234492	encargo	no	Todos Mis Futuros Son Contigo - Marwan (book)	MARWAN
MLU655234516	encargo	no	Hermanos, De Ariel Andrés Almada. Editorial Abrazandocuentos, Tapa Dura En Español, 2021	Ariel Andrés Almada
MLU655245890	encargo	no	Libro Critica De La Vida Cotidiana Ana Quiroga Ed. Cinco	Ana Quiroga Josefina Racedo
MLU655245892	encargo	no	Estuche 'comunicación'. Serie Inteligencia Emocional Hbr - H	Harvard Business Review
MLU655246514	encargo	no	Pasturas Enriquecidas Por La Naturaleza: Pasturas Enriquecidas Por La Naturaleza, De Dutto, Livio. Editorial Hemisferio Sur, Tapa Blanda En Español	DUTTO, Livio
MLU655257348	encargo	no	Sensacion De Lo Que Ocurre,la - Antonio Damasio	Damásio, António
MLU655257859	disponible	si	Respeto Por La Interpretacion - Uta, Frankel	Uta Frankel
MLU655259392	encargo	no	Mahatma Gandhi Autobiografia - Libro Arkano	MAHATMA GANDHI
MLU655259410	encargo	no	Cómo Decidimos, De Jonah Lehrer. Editorial Paidós En Español	Lehrer, Jonah
MLU655272752	disponible	si	El Fin Del Materialismo, Charles Tart, Kairós	Tart, Charles T.
MLU655272772	encargo	no	Libro Deglucion De La A A La Z Fisiopatologia Evaluacion Tratamien, De Campora, Horacio. Editorial Journal	Campora, Horacio
MLU655272776	encargo	no	El Dibujo En El Contexto Del Psicodiagnóstico, De Beatriz Haydee Cattaneo. Editorial Paidós, Tapa Blanda En Español, 2017	Beatriz Haydee Cattaneo
MLU655277168	encargo	no	Libro Mujeres 5.0 - Daniela Rago - Lugar Editorial - Lugar	Daniela Rago
MLU655283820	encargo	no	En Menos De 100 Palabras - Juanma Quelle - Amat	Juanma Quelle
MLU655285908	disponible	si	Manual Para Tocar Guitarra - Ernie Jackson	Ernie Jackson
MLU655285958	encargo	no	Dos Corazones Bajo Una Misma Piel, De Maroñas, Lidia. Editorial Esfera De Los Libros, Tapa Blanda En Español	Maroñas, Lidia
MLU655292598	encargo	no	Libro Tolkien : Seres Mágicos De La Tierra Media, De Alberto Santos Castillo. Editorial Alberto Santos, Editor / Imágica, Tapa Blanda ( 2012)	Alberto Santos Castillo
MLU655313345	encargo	no	Sonidos De Animales Bebés Libro Sensorial Sonajero	Little Tiger Press
MLU655318814	disponible	si	Análisis De Vinos Mostos Y Alcohol Javier Madrid Cenzano Editorial Acribia En Español Tapa Blanda	MADRID VICENTE
MLU655329372	encargo	no	Contra El Fuego - Benjamín Reynal	Benjamín Reynal
MLU655381684	encargo	no	El Hombre En Busca De Sentido Viktor E. Frankl	Frankl, Viktor E.
MLU655386502	encargo	no	Libro Querido Hermanito, Yo Te Enseñare - Parsons, Vic	Parsons Vic
MLU655388490	encargo	no	Tengo Dislexia - Helena Kraljic	Helena Kraljic
MLU655388494	encargo	no	Quesos Artesanales - Pablo Battro	Pablo Battro
MLU655388496	encargo	no	Pez Que Sonreia, El	LIAO, JIMMY
MLU655412377	encargo	no	El Síndrome De La Chica Buena Límites Autoestima Mujeres	Marta Martínez Novoa
MLU655413110	disponible	si	Libro Adopciones - Maria Federica Otero / Carolina Videtta	Otero, Maria Federica
MLU655413138	encargo	no	Libro Veinte Casos Que Hacen Pensar En La Reencarnaciã³n ...	STEVENSON, IAN
MLU655413517	encargo	no	Libro Un Actor Se Prepara Por Konstantin Stanislavski	Konstantin Stanislavski
MLU655414618	encargo	no	Desigualdad - Walker Atkinson	Walker Atkinson
MLU655415192	encargo	no	Libro Master Of The Markets De Tom Williams	Tom Williams
MLU655415208	encargo	no	50 Sombras De Mami - Mamen Jimenez - Lapsicomami	Jiménez Lapsicomami, Mamen
MLU655415210	disponible	si	La Emocion De Educar - Gonzalez , Gonzalo	Gonzalez Gonzalo
MLU655415222	encargo	no	Rehabilitacion Cognitiva - Casos Clinicos - Maria Roca	Roca, María
MLU655415234	encargo	no	Hoy No Juegas - Canizales	Serrano, Pilar
MLU655415236	encargo	no	Sayonara Magic 5 Una Fiesta Magica	BURAKKUBERI & KUMANAKRIS
MLU655423918	encargo	no	El Ángel De La Muerte Charles Graeber, De Charles Graeber. Editorial Ediciones Península En Español	Graeber, Charles
MLU655436516	encargo	no	Libro Vive Tu Vida - Rojas, Enrique	Rojas, Enrique
MLU655436542	encargo	no	Aventura Dialógica En La Infancia Myrtha Chokler (ec)	Myrtha Chokler
MLU655436554	encargo	no	Nacer Por Cesárea, De Olza / Lebrero. Editorial Ob Stare (g), Tapa Blanda En Español	Olza / Lebrero
MLU655452131	disponible	si	Respeto Por La Interpretación Uta Hagen Técnica Actoral	Uta Frankel
MLU655487624	disponible	si	Dislexia Definicion E Intervencion En Hispanohablantes	MATUTE, ESMERALDA
MLU655487628	encargo	no	Nacimiento De La Psiquiatria El - Esquirol / Haslam / Pinel	Esquirol / Haslam / Pinel / Reil
MLU655488176	disponible	si	Libro Comprension Con Pictogramas El Centro Comercial	Ayelo, Rosa Mª
MLU655488186	encargo	no	Libro Pomelo - Yoko Ono - Alias	Yoko Ono
MLU655488224	disponible	si	Terapia De Vidas Pasadas, De Cabouli, Dr. José Luis. Editorial Continente, Tapa Blanda En Español	Cabouli, José Luis
MLU655488226	encargo	no	Terapia Dialéctico Conductual, De Juan Pablo Boggiano, Pablo Gagliesi. Editorial Tres Olas, Tapa Dura En Español, 2018	Juan Pablo Boggiano, Pablo Gagliesi
MLU655565572	encargo	no	Exploraciones Psicoanalíticas 2 Tomos  Winnicott	Donald W. Winnicott
MLU655624000	encargo	no	Lo Último Que Me Dijo. Dave, Laura. Roca Editorial	Laura Dave
MLU655627692	encargo	no	Los Nuevos Magos Del Mercado, De Schwager, Jack D.. Editorial Valor Editions De España, Tapa Blanda En Español	Schwager, Jack D.
MLU655690560	encargo	no	Niif 2011 Para Pymes Incluye Parte A Y B 9789872656195	Anónimo
MLU655838612	encargo	no	Tan Mal Si Salimos - Sofía Celeste Lewicki - Planeta - Libro	Sofia Celeste Lewicki
MLU655865360	encargo	no	Fuertes Y Felices - Laura Lewin	Laura Lewin
MLU655877858	encargo	no	El Gesto Y La Huella De Graciela Casanova Y Marc Klein	Luis Alberto Cárdenas
MLU655904644	encargo	no	Libro La Estafa Emocional	Belén C. Tarnowski
MLU655904814	encargo	no	Libro La Insumisa - Cristina Peri Rossi - Menos Cuarto	Cristina Peri Rossi
MLU655912616	disponible	si	¡toc, Toc! ¿hay Alguién Ahí?	FEGGY OSTROSKY-SOLIS
MLU655917798	encargo	no	Libro Ni Felices Ni Para Siempre De Clay Newman, Original	CLAY NEWMAN
MLU655930520	encargo	no	Libro Principio De Peter,el Ne	Peter, Laurence J.
MLU655930700	encargo	no	Libro El Verano En Que Mi Madre Tuvo Los Ojos Verdes De Tati	Tibuleac, Tatiana
MLU655943556	encargo	no	Anita Y Ben - Coleccion Anita Y Ben	Laura Lewin
MLU655943758	encargo	no	Sarah Bakewell, De En El Café De Los Existencialistas., Vol. 0. Editorial Ariel, Tapa Blanda En Español, 2016	En El Café De Los Existencialistas
MLU655944054	encargo	no	Doulas, De Susan Ross. Editorial Obelisco, Tapa Blanda, Edición 1 En Español	Ross, Susan
MLU655970108	encargo	no	Los Nexos Del Ser (spanish Edition)	Grey, Alex
MLU655971674	disponible	si	Mi Estuche De Pictos Xl Acciones Pictogramas	VV. AA.
MLU655995796	encargo	no	Guia Para Invertir - Kiyosaki, Robert T.	Kiyosaki, Robert T.
MLU656008584	encargo	no	Libro Cómo Ganar Amigos E Influir Sobre Las Personas, De Dale Carnegie. Editorial Sudamericana (2022)	Dale Carnegie
MLU656009032	encargo	no	Sanotes, Sanitos, De Garcia-orea Haro (@blancanutri), Blanca. Editorial B De Blok, Tapa Dura En Español	Garcia-orea Haro (blancanutri), Blanca
MLU656009116	encargo	no	Elon Musk El Empresario Que Anticipa El Futuro Ashlee Vance	Vance, Ashlee
MLU656018492	encargo	no	Manual Práctico Del Cultivo Sin Suelo E Hidroponía	MIGUEL  URRESTARAZU GAVILAN
MLU656018986	encargo	no	¿por Que Ser Feliz Cuando Puedes Ser Normal?	Winterson, Jeanette
MLU656046726	encargo	no	Ceremonias Mínimas - Minnicelli, Mercedes	Minnicelli Mercedes
MLU656047240	encargo	no	Libro Una Cosa Simple Eddie Stern El Hilo De Ariadna	Stern, Eddie
MLU656087020	encargo	no	La Conquista De La Voluntad Enrique Rojas	Enrique Rojas
MLU656089132	encargo	no	Cuaderno De Trabajo La Ira Terapia Aceptación Y Compromiso	Robyn D. Walser, Manuela O'Connell
MLU656124706	encargo	no	Libro: La Hermana Sombra / Lucinda Riley	Lucinda Riley
MLU656127098	encargo	no	Quiérete Mucho Maricón Gabriel J. Martin	Gabriel José Martín Martín
MLU656127268	encargo	no	La Otra Vida De Billy Fingers	Kagan, Annie
MLU656147644	encargo	no	Caso Clinico, De Graeme Macrae Burnet. Editorial S/d En Español	Macrae Burnet, Graeme
MLU656147660	disponible	no	Irrompible - Francisco Garcia Vena	García Vena, Francisco
MLU656194376	encargo	no	Langman. Embriología Médica T. W. Sadler Phd	T. W. Sadler PhD
MLU656194508	encargo	no	Dungeons & Dragons Essentials Kit (d&d Boxed Set)	Wizards RPG Team
MLU656199328	encargo	no	Libro Leotube 3 (titulo Provisional) - Leotube	LeoTube
MLU656199330	encargo	no	Lo Podemos Hacer - Angela Merkel - Plataforma - Libro	Angela Merkel
MLU656220384	encargo	no	Enseñar A Leer Y Escribir Beatriz Diuk	Diuk, Beatriz
MLU656225254	encargo	no	La Longevidad Comienza Desde Niã¿o - Longo, Valter	Longo, Valter
MLU656228872	disponible	si	Ciudades Fantásticas Y Dónde Encontrarlas	MANU GONZALEZ
MLU656233280	encargo	no	Los Retos De Conquistar A Un Duque - London, Julia	London, Julia
MLU656238282	encargo	no	A Tres Metros Sobre El Cielo - Moccia,federico	Moccia, Federico
MLU656241758	encargo	no	El Método Tools Phil Stutz	Stutz, Phil
MLU656251140	disponible	no	El Dominio Mundial - Pedro Baños Bajo	Pedro Baños Bajo
MLU656251160	encargo	no	Obsidiana . Piedra Sagrada De Sanacion, De Serrano Ana Silvia. Editorial Continente, Tapa Blanda En Español, 2012	SERRANO ANA SILVIA
MLU656251170	encargo	no	Caos - Magalí Tajes	Magali Tajes
MLU656267514	encargo	no	El Asombroso Mundo De Gumball	Gibson, Hesse
MLU656277126	encargo	no	Mensajes Ocultos Del Agua, Los	Emoto, Masaru
MLU656277128	encargo	no	Libro Tú Primero; La Felicidad Comienza -	Ortiz, Lola
MLU656277134	encargo	no	Libro ¿por Qué Enfermamos?, De Luis Chiozza. Editorial Paidós	Luis Chiozza
MLU656277140	encargo	no	Asombroso Mundo De Gumball 6 - Trujillo,josh	Varios autores
MLU656280336	disponible	si	Señales De Vida, De Punta, Teresa. Editorial Lugar En Español	PUNTA, TERESA
MLU656290314	encargo	no	Ikigai Esencial - Ken Mogi	Ken Mogi
MLU656290318	encargo	no	Libro Informes Evaluativos E/niv.inicial, De Turri/fraguglia. Editorial Puerto Cre (1)	Turri/Fraguglia
MLU656290324	encargo	no	Una Familia Anormal. En Busca Del Tesoro De Minuca De Lyna	Lyna Vallejos
MLU656315110	encargo	no	Cuidados Del Caballo: 100 Consejos Y Trucos Del Veterinario, De Olivier Laude Y Claude Lux. Editorial Tutor, Tapa Blanda En Español	Olivier Laude y Claude Lux
MLU656315124	encargo	no	Libro Miseria - Dolores Reyes - Alfaguara	DOLORES REYES
MLU656315130	encargo	no	Dsm 5 Casos Clinicos Duo American Psychiatric Association	American Psychiatric Association / John W. Barnhill
MLU656315132	disponible	si	Vivo En Dos Casas	DE SMET MARIAN
MLU656328056	disponible	si	Norte - Valeria Naya - V&r - Libro	VALERIA NAYA
MLU656328080	disponible	si	Las Mentiras Que Te Cuentan Las Verdades Que Te Ocultan	Pablo Muñoz Iturrieta
MLU656328096	encargo	no	Libro Mi Vergüenza - Garrido, Javier	Javier Garrido
MLU656335878	encargo	no	Los Peligros De Mentir A Un Vizconde, De Julia London	London, Julia
MLU656386492	disponible	si	Todas Nuestras Noches - Maximiliano Pizzicotti - Vr Ya	Maximiliano Pizzicotti
MLU656657286	encargo	no	Libro Sanate: Conecta Con Tu Esencia Mediante La Psicolog...	LePera, Nicole
MLU656657306	encargo	no	Stranger Things. Cómo Sobrevivir En El Mundo De Stranger Thi	Gilbert, Matthew J.
MLU656682402	encargo	no	Sistemas De Informacion Gerencial Laudon 14 Edicion	Laudon
MLU656687786	encargo	no	Libro Guía Del Club De Lectura Para Matar Vampiros, De Hendrix, Grady. Editorial Minotauro México, Tapa Blanda (2021)	Hendrix, Grady
MLU656696344	encargo	no	Pero Querias Ser Doctor	Daniel Álvarez Yeomans
MLU656702417	encargo	no	Padres Que Odian / Dr Susan Forward	Forward, Susan
MLU656747596	disponible	si	Borges O La Coincidencia De Los Opuestos	Estela Cédola
MLU656754129	encargo	no	Borrador Para Un Abecedario Del Desacato - Cano, Vir	Cano Vir
MLU656765620	disponible	si	Una Galaxia De Abuelos - María Luz Malamud Y Rocío Alejandro	María Luz Malamud; Rocío Alejandro
MLU656765630	disponible	si	Rompecabezas, De Mora Cantallops, Marçal. Editorial Heroes De Papel, Tapa Dura En Español	Mora Cantallops, Marçal
MLU656787372	encargo	no	Pregrafimania - Sara Ines Gomez Carrillo / Sally Johnson	Sara Ines Gomez Carrillo / Sally Johnson
MLU656827818	disponible	si	Test Citap De Habilidades Grafomotoras	JUAN ANTONIO GARCÍA NÚÑEZ Y ORFELIO LEÓN GARCÍA
MLU656922720	disponible	si	Hadas. Guia Esencial Para Entrar A Un Mundo Magico -, De Bazaldua, Dolan Y Otros. Editorial Pla Junior En Español	BAZALDUA, DOLAN Y OTROS
MLU656922961	encargo	no	Cabalgar El Tigre Orientaciones Existenciales Para Una Época De Disolución, De Evola, Julius., Vol. 0. Editorial El Hilo De Ariadna, Tapa Blanda En Español, 2015	Evola, Julius
MLU656954184	encargo	no	Libro Siempre Te Querré, Pequeñín, De Gliori, Debi. Editorial Timun Mas Infantil México, Tapa Dura ( 2022)	Gliori, Debi
MLU656954186	encargo	no	Nada Mas Que Perder - Dan Wells - John Cleaver 6 - Libro V&r	Dan Wells
MLU656980946	disponible	si	Siempre Él 2: Siempre Nosotros, De Sarina Bowen. Serie Siempre Él, Vol. 2.0. Editorial Wonderbooks, Tapa Blanda, Edición 1.0 En Español, 2023	Bowen, Sarina
MLU656980998	encargo	no	El Día Que Me Tragué A Mi Mamá, De Arancibia, Desiree. Editorial Gamusetes, Tapa Dura En Español	Arancibia, Desiree
MLU656981002	encargo	no	Cartomancia Francesa - Libro + Cartas - Lo Scarabeo	Anónimo
MLU656981016	disponible	si	Nacidos Del Agua, De Aa. Vv.. Editorial San Pablo Editorial, Edición 2012 En Español	VV. AA.
MLU656981024	disponible	si	Libro Un Superpapá Llamado..., De Vv. Aa.. Editorial Zenith, Tapa Dura	VV. AA.
MLU656981052	encargo	no	Diez Nuevas Competencias Para Enseñar, De Philippe Perrenoud	Philippe Perrenoud
MLU656987756	encargo	no	El Gen Egoísta Extendido, De Richard Dawkins., Vol. 1.0. Editorial Bruño, Tapa Blanda, Edición 1.0 En Español, 2017	Richard Dawkins
MLU656993256	encargo	no	Desde El Jardin - Jerzy Kosinski	KOSINSKI, JERZY
MLU656993306	encargo	no	Salom Readaptación Tras Las Lesiones Deportivas Libro	Jaime Salom Moreno
MLU657006568	encargo	no	Una Promesa En El Fin Del Mundo (trilogía De La Nube Blanca 4), De Lark, Sarah. Editorial B (ediciones B), Tapa Dura En Español	Lark, Sarah
MLU657067090	disponible	si	Consciencia Y Sociedad Distópica - Grinszpun, Ricardo Andres	GRINSZPUN, RICARDO ANDRES
MLU657067118	disponible	si	Libro Matemáticas. Investigación, Innovación Y Buenas Prácticas, De Núria Planas Raig Y Otros, Vol. Vol. Iii. Editorial Grao, Tapa Blanda (2011)	Núria Planas Raig y otros
MLU657067162	encargo	no	Mary Cassatt - Pintora Impresionista, De Pollock, Griselda. Editorial Archivos Vola, Tapa Blanda En Español	POLLOCK, GRISELDA
MLU657080186	disponible	si	El Ayuno Contra El Cancer, De Longo, Valter. Editorial Grijalbo Comercial, S.a. En Español	Longo, Valter
MLU657080202	encargo	no	Libro Lingva Latina Per Se Illustrata: Familia Romana	Hans H. Orberg
MLU657080204	disponible	si	El Mundo Se Dio Vuelta Como Una Media - Analia Y Maria Sivak	Sivak, Analia
MLU657093112	disponible	si	Libro Mi Libro Es Asi De Maria Fernanda Maquieira	Maria Fernanda Maquieira
MLU657093202	encargo	no	El Libro De San Cipriano, De Anónimo. Sincronía Jng Editorial, S.l., Tapa Blanda En Español	Anónimo
MLU657113654	encargo	no	Libro Iliada Y La Odisea Segun Homero, La - Bravi, Soledad	SOLEDAD BRAVI
MLU657113686	encargo	no	El Botiquín De Las Hadas (naturismo)	CASTELLOTTI CLARA
MLU657156992	encargo	no	¿qué Comemos?, De Jorge Dotto. Editorial Paidós, Tapa Blanda En Español, 2022	Jorge Dotto
MLU657160942	encargo	no	Libro La Pluma De Caly - Facundo Arana - Grijalbo	Arana, Facundo
MLU657160984	encargo	no	Todo Es Político - Tute	Tute
MLU657161164	encargo	no	Iccp - Inventario De Los Cinco Continuos De La Personalidad	Castro Solano, Alejandro
MLU657172134	encargo	no	Libro Dios Emperador De Dune [ Vol. 4 ] Frank Herbert	Frank Herbert
MLU657172162	disponible	si	Tu Ángel Custodio, De Llaugé Dausá, Felix. Editorial Ediciones Obelisco S.l., Tapa Blanda En Español	Llaugé Dausà, Félix
MLU657172202	encargo	no	Libro - Las Crónicas De Narnia 1, El Sobrino Del Mago	C.S. Lewis
MLU657172366	encargo	no	Canciones Con Bigote - Eduardo Mateo	Eduardo Mateo
MLU657184506	encargo	no	Seis Sombreros Para Pensar - Edward De Bono	Bono, Edward De
MLU657184538	encargo	no	El Test De La Golosina, De Mischel, Walter. Editorial Debate, Tapa Dura En Español	Mischel, Walter
MLU657184558	encargo	no	Happy Earth 1 (new Edition) - Class Book	Bowler, Bill
MLU657184684	encargo	no	40 - Ernst Haeckel	Willmann, Rainer
MLU657185320	encargo	no	Llenando El Vacío Mosquera Tlp Personalidad	VV. AA.
MLU657193294	encargo	no	Metabolismo Ultra Poderoso - Frank Suarez - Original	Suárez, Frank
MLU657197734	encargo	no	El Jardín Del Edén, Cristina Dicuzzo, Rigden	Dicuzzo, Cristina
MLU657223224	encargo	no	Clave De La Concentracion - Saccone Fernando	Saccone Fernando
MLU657223256	encargo	no	Método Silva De Control Mental - Silva Jose	Silva Jose / Miele Philip
MLU657223454	encargo	no	Libro Aforrismos / A Un Click Del Amor - Ivan Chausovsky	Ivan Chausovsky
MLU657234278	encargo	no	Si Hay Suelo No Hay Techo	Lucas Raspall
MLU657236240	disponible	si	Ser Madre Es Un Placer Historias De Libertad Femenina En Europa, De Mercader Amigó, Laura. Editorial Icaria, Tapa Blanda En Español, 2021	MERCADER AMIGÓ, Laura
MLU657236300	encargo	no	Libro Inventario De Hostigamiento Laboral Bustos Villar	Bustos Villar, Eduardo
MLU657257998	disponible	si	Niñez En Movimiento - Del Adultocentrismo A La Emancipacion	Morales, Santiago
MLU657258076	encargo	no	Protocolo Clínico Guía Rápida (disponibles !)	Jose H. Pabon
MLU657267384	encargo	no	Villanos Fantasticos	Sin Autor
MLU657271074	encargo	no	Libro Yo, Claudio	GRAVES, ROBERT
MLU657280224	encargo	no	Exploraciones Psicoanáliticas 1, De Donald Winnicott. Editorial Paidós (p), Tapa Blanda En Español, 2015	Donald Winnicott
MLU657281794	encargo	no	Cadaver Exquisito - Premio Clarin 2017 - A Basterrica - Alfa	Agustina Bazterrica
MLU657281922	encargo	no	Gatos Guerreros - Cuatro Clanes 2: Fuego Y Hielo - E Hunter	Hunter, Erin
MLU657281976	disponible	si	Construir Matemáticas - Cárdenas, Horacio	CÁRDENAS, HORACIO
MLU657338546	encargo	no	Rojo , Blanco Y Sangre Azul Mcquiston Casey	Casey McQuiston
MLU657479980	encargo	no	Latidos Que No Dije Roos	Roos.
MLU657558230	disponible	si	El Tsunami Tecnológico Bonet Codina Disrupción Tecnológica	Ángel Bonet Codina
MLU657571096	encargo	no	Ikigai Los Secretos De Japón Francesc Miralles Kirai	Francesc Miralles
MLU657787224	disponible	si	Mi Estuche Pictos Conceptos Xl Conceptos Geu Pictogramas	Editorial Geu
MLU657811244	disponible	si	Libro El Dolor Psíquico, De Estela Eisenberg. Editorial Eudeba, Tapa Blanda	Estela Eisenberg
MLU657811264	encargo	no	Libro Para Salvarte Enciclo. Catolica - Padre Jorge Loring	Jorge Loring
MLU657857236	encargo	no	Libro Simple Y Consciente - Silvina Luna - Vergara: Un Viaje Sanador Físico, Mental Y Espiritual, De Silvina Luna., Vol. 1. Editorial Vergara, Tapa Blanda, Edición 1 En Español, 2022	Silvina Luna
MLU657902238	disponible	si	Libro La Alimentación Del Lactante - Renzenbrink, Berlin, De Renzenbrink, Berlin. Editorial Antroposófica	RENZENBRINK, BERLIN
MLU657918662	encargo	no	9 Meses Bajo La Lupa	Fradin, Natacha
MLU657988448	encargo	no	Educar En La Realidad	Lecuyer, Catherine
MLU657988460	encargo	no	Libro Pokémon Súper Extra Delux Guía Esencial Definitiva	THE POKEMON COMPANY
MLU657988480	disponible	si	Ejercicios Que Te Curan, De Drouin, Dr. Jean. Editorial Grijalbo Ilustrados, Tapa Blanda En Español	Drouin, Dr. Jean
MLU657988494	encargo	no	Tus Células Se Van De Viaje, De Swami Manuel. Editorial Independently Published, Tapa Blanda En Español	SWAMI MANUEL
MLU657988512	encargo	no	Sabidurã­a - Onfray, Michel	Onfray, Michel
MLU657988516	encargo	no	Metodo Bullet Journal,el - Ryder Carroll	Ryder Carroll
MLU657988518	encargo	no	Minimalismo Digital Cal Newport 30d	Newport, Cal
MLU657988520	disponible	si	Trabajando El Glosario De Términos Gramaticales	Gallego, Ángel J.
MLU657988538	encargo	no	Cuaderno De Trabajo Para La Ira Basado En La Terapia De Acep, De Walser, Robyn D.. Editorial Desclee De Brouwer, Tapa Blanda En Español	WALSER, ROBYN D.
MLU657988544	encargo	no	Visconti Tarots - A A Atanassov - Lo Scarabeo	Atanassov, A. A.
MLU657988694	encargo	no	De Sujetos, Saberes Y Estructuras, De Menendez, Eduardo L.. Editorial Lugar, Tapa Tapa Blanda En Español	Menendez, Eduardo L.
MLU658001186	encargo	no	Jugar - Stern, Andre	Stern, André
MLU658001202	encargo	no	De Locuras Privadas - André Green	Andre Green
MLU658001342	encargo	no	Libro Creciendo Juntos	Carlos González
MLU658001362	encargo	no	Manual De Gramatica Del Español - Angela Di Tullio	Angela Di Tullio
MLU658001364	encargo	no	Siete Llaves,las - Alex Rovira Y Fernando Trias De Bes	Rovira, Alex
MLU658001372	encargo	no	Libro 100 Claves Del Mobbing. Detectar Y Salir De, De Autor. Editorial Eos Editorial	AUTOR
MLU658001376	disponible	no	Libro Abuela De Arriba Y Abuela De Abajo, De Depaola, Tomie. Editorial Kalandraka, Tapa Dura	Depaola, Tomie
MLU658001392	encargo	no	Muerte Es Una Ilusion,la - Thich Nhat Hanh (paperback)	Hanh, Thich Nhat
MLU658001394	encargo	no	Todo Esta J*dido - Manson, Mark (paperback)	Manson, Mark
MLU658001404	encargo	no	La Parte Que Falta Encuentra La O Grande, De Silverstein, Shel. Editorial Kafkian, Tapa Dura En Español	Silverstein, Shel
MLU658013594	encargo	no	Libro - Monarquia, Democracia Y Orden Natural 2'e - Hoppe H.	HOPE, HANS HERMANN
MLU658014230	disponible	si	Los Elefantes No Vuelan	Montalvo, David
MLU658014246	encargo	no	Resetea Tus Intestinos, De Facundo Pereyra. Editorial El Ateneo, Tapa Blanda En Español, 2022	Facundo Pereyra
MLU658014366	disponible	si	Jugar, De Jaume Bantulà Janot Y Andrés Payà Rico. Editorial Graó, Tapa Blanda En Español, 2005	Jaume Bantulà Janot y Andrés Payà Rico
MLU658014368	encargo	no	Mi Amor + Un Amor De Hermanita, Originales De Tapa Dura	Desbordes, Astrid
MLU658014380	encargo	no	El Balcón En Invierno, De Landero, Luis. Editorial Maxi-tusquets, Tapa Blanda En Español	Landero, Luis
MLU658014382	encargo	no	Libro Proyectos De Instalaciones Electricas De Baja Tension	Maria Asuncion Leon Blasco
MLU658014400	encargo	no	Hellboy 14: Máscaras Y Monstruos, De Mignola, Mike. Editorial Norma Editorial, S.a., Tapa Dura En Español	Mignola, Mike
MLU658014406	encargo	no	Loserthink - Scott Adams	Adams, Scott
MLU658014408	encargo	no	Método 369, De Linda Carter. Editorial Independently Published (january 7, 2021), Tapa Blanda En Español, 2021	Linda Carter
MLU658014418	encargo	no	Libro 365 Días Para Ser Más Culto [ Original ]	David S. Kidder, Noah D. Oppenheim
MLU658014424	disponible	si	El Placer De Cuidarnos, De Subirana, Miriam. Editorial Kairós, Tapa Blanda En Español	Subirana, Miriam
MLU658014428	encargo	no	Jesus 10 Ed De Jose Antonio Pagola, De José Antonio Pagola. Editorial Ppc En Español	Jose Antonio Pagola
MLU658014434	encargo	no	Invencion De Haikus - Libro + 50 Naipes Escritura - Tinkuy	Maria Jose Ferrada
MLU658014444	encargo	no	Parasitologia Medica 5ed - Marco A. Becerril	Marco A. Becerril
MLU658014448	encargo	no	¡hola, Piedra! - Noemi Vola Giuseppe Caliceti	Noemi Vola Giuseppe Caliceti
MLU658014450	encargo	no	Toc Toc! Quien Esta Alli? - Nick Pierce	Nick Pierce
MLU658014456	encargo	no	Libro El Boson De Higgs - Javier Santaolla - Océano: No Te Va A Hacer La Cama, De Javier Santaolla., Vol. 1. Editorial Oceano, Tapa Blanda, Edición 1 En Español, 2022	Santaolalla, Javier
MLU658014474	encargo	no	Sistemas De Información Gerencial Kenneth Laudon Pearson	Laudon, Kenneth C.
MLU658014478	encargo	no	Dokkodo- Miyamoto Musashi Un Guerrero Y Un Maestro Espiritu, De Gascon, Luis Armando. Editorial Independently Published, Tapa Blanda En Español, 2023	Gascon, Luis Armando
MLU658026756	encargo	no	Libro Una Perfecta Confusión - América Rodas - Cosmo	América Rodas
MLU658027388	encargo	no	Ana, La De Álamos Ventosos, De Montgomery, Lucy Maud. Editorial Toromítico, Tapa Blanda En Español	Montgomery, Lucy Maud
MLU658027396	encargo	no	¡niñas Jugando! - Lesbegueris, Mara	Lesbegueris, Mara
MLU658027420	disponible	si	Yo Quiero Ser Amigo De Santi - Vetere	Giselle Vetere
MLU658027424	disponible	si	Libro Caótica, De César Ortiz Albaladejo. Editorial Deja Vu	César Ortiz Albaladejo
MLU658027438	encargo	no	Libro: La Hermana Sombra / Lucinda Riley	Lucinda Riley
MLU658040408	encargo	no	Moverse En Libertad : Desarrollo De La Motricidad Global	PIKLER EMMI
MLU658040412	encargo	no	Libro Somos Polvo De Estrellas - Maza Sancho, Jose Maria, De Maza Sancho, Jose Maria. Editorial Paidós	Maza Sancho, Jose Maria
MLU658040420	disponible	si	La Potencia Grupal, De Saidon O., Vol. 1. Editorial Lugar, Tapa Blanda En Español	SAIDON O
MLU658040436	encargo	no	Libro ¿como Habla Dios? - S. Collins, Francis	S. COLLINS, FRANCIS
MLU658040446	encargo	no	Metallica: Back To The Front - Matt Taylor	Matt Taylor
MLU658040454	encargo	no	Bitacora Astrologica - Vera Alimonda	Vera Alimonda
MLU658040476	encargo	no	Walden Thoreau David Losada	Thoreau, Henry David
MLU658040478	encargo	no	El Caballero De La Armadura Oxidada - Robert Fisher	Robert Fisher
MLU658040482	encargo	no	Pequeño Dragon Coco Y Sus Aventuras, El, De Autor. Editorial Océano Travesía En Español	AUTOR
MLU658040496	encargo	no	Empresas Familiares : Estrategias Para Crecer - Claudio A. R, De Claudio A. Ridolfi. Editorial Biblos En Español	Claudio A. Ridolfi
MLU658040502	encargo	no	Dungeons And Dragons Essential Kit Rol D&d - Stock: Sí	Wizards RPG Team
MLU658053378	encargo	no	Limpieza Hepatica Y De Vesicula - Moritz Andreas - Obelisco	Moritz, Andreas
MLU658053386	disponible	si	Libro Grandes Clasicos, De Vv. Aa.. Editorial Hachette, Tapa Blanda	VV. AA.
MLU658053392	encargo	no	Juliana En Italia	Juliana López May
MLU658053394	encargo	no	Libro Manos Que Curan - Ne - Ann Barbabra Brennan - Original	Barbara Ann Brennan
MLU658053398	disponible	si	Despertar Al Infinito, De Carmen De Sayve. Editorial Independently Published, Tapa Blanda En Español, 2021	Carmen de Sayve
MLU658053416	encargo	no	Libro La Molã©cula De La Felicidad	Zak, Paul J.
MLU658053438	encargo	no	101 Cosas Que Deberias Saber Sobre Los Barcos Y Puertos -...	Llarena, Marga
MLU658053440	disponible	si	Libro Encontrarse - Pepin, Charles	Pépin, Charles
MLU658053442	encargo	no	Hamnet - O'farrell, Maggie	O'Farrell, Maggie
MLU658053444	encargo	no	Emociones Para Coleccionar, Frustracion Y Optimismo - Erdman	Erdman , Roxanna
MLU658053446	encargo	no	Alfajor, Identidad Argentina - Pablo Remaggi, De Remaggi, Pablo. Editorial V&r, Tapa Blanda En Español	Remaggi, Pablo
MLU658053454	disponible	si	Como En El Cielo	Mcdonnell, Patrick
MLU658053456	encargo	no	En Los Orígenes Del Sujeto Psíquico Silvia Bleichmar Libro Tapa Blanda Español	Bleichmar, Silvia
MLU658053462	encargo	no	El Método Tools, De Phil Stutz Barry. Editorial Peninsula, Tapa Blanda En Español	Phil Stutz Barry
MLU658053466	encargo	no	Langman Embriologia Médica, De Sadler. Editorial Wolter Kluwer, Tapa Dura En Español, 2023	Sadler
MLU658053472	disponible	si	El Tsunami Tecnológico: El Tsunami Tecnológico, De A. Bonet C.. Editorial Deusto, Tapa Blanda En Castellano	A. BONET C.
MLU658066392	disponible	no	Niñez Adolescencia Y Genero - Herramientas Interdisciplinari	Tajer, Debora
MLU658066394	encargo	no	Qué Digo Cuando Digo Te Amo ?, De Gabriel Cartañá., Vol. 1. Editorial Hojas Del Sur, Tapa Blanda, Edición 1 En Español, 2021	Gabriel Cartañá
MLU658066400	encargo	no	Libro Lore - Bracken Alexandra	Bracken, Alexandra
MLU658066404	encargo	no	Yolo Aventuras. La Mansión De Las Pesadillas	Yolo
MLU658066414	encargo	no	Blacksad 1 Un Lugar Entre Las Sombras	Guarnido, Juanjo;Díaz Canales, Juan
MLU658066416	encargo	no	Libro Adios Reflujo. Remedios Naturales Y Terapias..., De Melián, Maribel. Editorial Independently Published	Melián, Maribel
MLU658066418	encargo	no	Ares Y Sus Recuerdos Mágicos, De Salinas, Dafne. Editorial Babidi-bú, Tapa Dura En Español	Salinas, Dafne
MLU658066434	encargo	no	Camino De Servidumbre - Obras Completas Vol Iii Textos Y Doc	Hayek, Friedrich
MLU658066450	encargo	no	Libro Son Mellizos - Loli Barski Y Caro Díaz	Loli Barski; Caro Díaz
MLU658066452	encargo	no	Primeros Numeros (lipro-pizarra), De Hasbro. Editorial Beascoa, Tapa Blanda En Español	Hasbro,
MLU658066460	encargo	no	Imperios Y Barbaros - Soto Chica, Jose	Soto Chica, José
MLU658066466	disponible	si	Ciudades Fantasticas Y Donde Encontrarlas - Gonzalez, Manu	GONZALEZ MANU
MLU658066468	disponible	si	All You Need Is Love, De Linares,miguel Angel. Editorial Poebooks, Tapa Blanda En Español	LINARES,MIGUEL ANGEL
MLU658079280	encargo	no	Matilde Debe Morir - Acevedo Cristian	Acevedo Cristian
MLU658079294	encargo	no	Lilah. ( Incluye Tablero Y Dados Recortables)	COHEN GRACIELA
MLU658079406	encargo	no	Libro : Cartas Sin Destino Edwin Vergara Tapa Blanda	Edwin Vergara
MLU658079424	encargo	no	Libro Krao Vs Italianini - Krao	Krao
MLU658079428	encargo	no	Morir Antes Del Suicidio	Francisco Villar Cabeza
MLU658079430	encargo	no	Libro Bontrager. Manual De Posiciones Y Tecnicas Radiolog...	Lampignano
MLU658079434	encargo	no	El Monstruo De Colores Pop Up - Pasta Dura - Anna Llenas	Llenas, Anna
MLU658079436	encargo	no	Libro Cã³mo Piensan Los Campeones	Rotella, Bob
MLU658079440	disponible	si	Camarasutra Manual Ilustrado Del Postureo, De Aa. Vv.. Editorial Alienta, Tapa Blanda En Español, 2022	VV. AA.
MLU658079444	encargo	no	Libro Principios - Ray Dalio - Deusto - Tapa Dura	Ray Dalio Principles
MLU658079448	encargo	no	Quiero Paz - Paz Calab	Calap, Paz
MLU658079482	encargo	no	Libro: El Péndulo (kit Y Tablas) / Markus Schirner	Markus Schirner
MLU658079484	encargo	no	A Compendium Of Witches Natasa Ilincic 30d	Natasa Ilincic
MLU658092296	encargo	no	Libro Gemelas Y Estrellas (secret Stars) - Karina Y Marina	Karina y Marina
MLU658092428	encargo	no	Libro Dibujo Creativo Simbolos Y Geometria Sagrada - Cald...	CALDERON, ANA VICTORIA
MLU658092432	encargo	no	Todos Los Seres Vivos Somos Uno Dbbs - Tolle,eckhart	Tolle, Eckhart
MLU658092444	disponible	si	Un Año Con Amanda - Julieta Ortega & Fernanda Cohen	Julieta Ortega
MLU658092454	encargo	no	Libro Artistas De Lo Invisible De Allan Kaplan	Kaplan, Allan
MLU658092456	encargo	no	Libro: Sprint. Jake Knapp	KNAPP, JAKE / ZERATSKY, JOHN / KOWITZ, BRADE
MLU658092460	encargo	no	Libro Palabra De Madre	Olza, Ibone
MLU658092462	encargo	no	Libro Proposito De Sri Prem Baba	Sri Prem Baba
MLU658092468	encargo	no	Enciclopedia Ilustrada De Minerales Rocas Y Fósiles	Lexus Editores
MLU658092470	disponible	si	Libro Nuestras Reglas ! De Elise Thibeaut	Elise Thibeaut
MLU658092486	encargo	no	Libro Oliver Twist: Intermediate - Dickens, Charles	Dickens, Charles
MLU658092500	encargo	no	Libro Barbie, Forever - Robin Gerber	Robin Gerber
MLU658092518	encargo	no	Si Hay Suelo, No Hay Techo - Raspall, Lucas	Raspall Lucas
MLU658092522	encargo	no	Rojo Blanco Y Sangre Azul - Casey Mcquiston	Casey McQuiston
MLU658141568	disponible	si	Tomasito - Loqueleo Prelectores - Santillana	CABAL, GRACIELA BEATRIZ
MLU658141594	encargo	no	Breviario De La Dignidad Humana	Camus, Albert
MLU658141606	encargo	no	Prisioneros Del Piso Trece, Los Hocus Pocus Hotel	DAHL, MICHAEL
MLU658141624	encargo	no	Patchwork Y Quilts - Garcia,marian	García, Marián
MLU658141628	disponible	si	Comunicación Compasiva: Cómo Remediar Las Relaciones Difí...	Corrine R. Stoewsand
MLU658141644	encargo	no	Aulas Motivadas - La Importancia De La Mentalidad De Crecimiento, El Pensamiento Criticoen El Aula, De Lewin, Laura. Editorial Hola Chicos, Tapa Blanda En Español, 2018	Laura Lewin
MLU658141656	encargo	no	Embriologia Medica 8ed - Jose Hib	Jose hib
MLU658141666	encargo	no	Libro Ikigai [ Secretos De Japon ] Por Héctor García	García, Héctor «Kirai»
MLU658143356	encargo	no	Viajo Sola Samuel Bjork	BJOERK,SAMUEL
MLU658268650	encargo	no	Mi Estuche De Pictos Tarjetas Pictogramas	Editorial Geu
MLU658271496	encargo	no	The Boy In The Striped Pajamas Outlet ( Con Detalle)	Boyne, John
MLU658281092	encargo	no	Diseño Del Mundo - Franco Pellegrini Diseñador Ux Digital	Franco Pellegrini
MLU658282430	encargo	no	Manantiales En El Desierto Cowman	L. B. Cowman
MLU658358538	disponible	no	Postura Y Rendimiento Guía Visual Caballo Anatomica Equino	Gillian Higgins
MLU658725568	encargo	no	El Buda Y La Estrella De Rock Vishen Lakhiani	Lakhiani, Vishen
MLU658739164	encargo	no	Ayuno Intermitente : La Guía Más Sencilla Para Dominar	Carlos Villa
MLU658816732	encargo	no	La Aventura De Pensar Fernando Savater	Savater, Fernando
MLU658831255	encargo	no	La Teoría Let Them. La Clave Está En Soltar, De Mel Robbins. Editorial Paidós, Tapa Blanda En Español, 2025	Robbins, Mel
MLU658867993	encargo	no	El Otro Método Neil Strauss Relaciones De Pareja	Strauss, Neil
MLU658906879	encargo	no	Otro Metodo, El, De Neil Strauss. Editorial Libros Del Lince En Español	Strauss, Neil
MLU659000130	disponible	si	Us Army Small Unit Tactics Handbook	Paul D LeFavor
MLU659013242	disponible	si	Del Medico Al Sanador Robbie Davis Floyd	JOHN, DAVIS-FLOYD
MLU659033780	encargo	no	Educar En El Feminismo - Marañon, De Marañon, Iria. Editorial Plataforma, Tapa Blanda En Español, 2018	Marañon, Iria
MLU659069548	disponible	si	Star Wars Trilogia De Thrawn La Última Orden	Varios autores
MLU659083996	encargo	no	Libro Céntrate (deep Work), De Newport, Cal, Vol. 0. Editorial Peninsula, Tapa Blanda (2022)	Newport, Cal
MLU659091154	disponible	si	Ese Otro Amor Jean Yves Leloup	Jean-Yves Leloup
MLU659130678	encargo	no	Beyond The Story Bts Crónica De 10 Años De Bts	Myeongseok Kang
MLU659180640	encargo	no	La Orfebreria Del Silencio Construccion De Lo No Dicho	Cecilia Bajour
MLU659181654	disponible	si	Tiene Cielo Donde Voy Jaqui Zieler	Jaqui Zieler
MLU659182040	disponible	si	El Granjero Y El Obstetra Michel Odent	Odent
MLU659573390	encargo	no	Libro El Buda Y La Estrella De Rock - Vishen Lakhiani	Vishen Lakhiani
MLU659587602	encargo	no	Penguin Readers Level 3 Dracula Stoker, Bram	VV. AA.
MLU659589222	encargo	no	Libro Aventura De Pensar,la Db	Savater, Fernando
MLU659594052	disponible	si	Libro Hazte Rico, Vende Humo	VV. AA.
MLU659606824	encargo	no	¡ Es La Microbiota , Idiota ! - Dra. Sari Arponen	Sari Arponen
MLU659620172	encargo	no	Psicogenealogía En Torno Al Dinero Y Al Éxito, De Marie-noelle Maston-lerat. Editorial Obelisco En Español	Maston-Lerat, Marie-Noëlle
MLU659638688	encargo	no	Libro El Diseño Del Mundo - Franco Pellegrini - Galerna	Franco Pellegrini
MLU659641222	encargo	no	The Boy In The Striped Pajamas By John Boyne-paperback	Boyne, John
MLU659641230	encargo	no	Libro Beyond The Story - Crónica De 10 Años De Bts - Myeongseok Kang	Myeongseok Kang
MLU659654008	disponible	si	Del Medico Al Sanador, De John, Davis-floyd. Serie Abc, Vol. Abc. Editorial Creavida, Tapa Blanda, Edición Abc En Español, 1	JOHN, DAVIS-FLOYD
MLU659658632	encargo	no	Nanda Diagnósticos Enfermeros 2021-2023 12a Ed Original	NANDA
MLU659658766	disponible	si	Tiene Cielo Donde Voy?, De Jaqui Zieler., Vol. No Aplica. Editorial Creavida, Tapa Blanda En Español	Jaqui Zieler
MLU659664722	encargo	no	Psicogenealogía En Torno Al Dinero Y Al Éxito	Maston-Lerat, Marie-Noëlle
MLU659677492	encargo	no	La Vaca No Se Calla Lynch Agustina Barletta Diego	LYNCH, AGUSTINA / BARLETTA, DIEGO
MLU659679558	encargo	no	Dsm-5-tr Classification - American Psychiatric Association	AMERICAN PSYCHIATRIC ASSOCIATION
MLU659692312	encargo	no	Neo Entes Tecnología Y Cambio Antropológico	De Pereny, Miklos Lukacs
MLU659693172	encargo	no	Manantiales En El Desierto : 366 Devocionales Diarios: 366 Devocionales Diarios, De L. B. Cowman. Editorial Grupo Nelson, Tapa Blanda En Español, 2015 Color Azul	L. B. Cowman
MLU659697990	encargo	no	Padres Manipuladores, De Nazare Aga Isabelle. Editorial Ediciones B En Español	Nazare-aga, Isabelle
MLU659713278	encargo	no	Abc Delf B1 - Livre + Appli Web	Kober-Kleinert, Corinne
MLU659718306	encargo	no	Padres Conscientes Shefali Tsabary	Dalai Lama
MLU659756526	encargo	no	Bad Ash 4. Suelo Sagrado 1 Alina Not	Alina Not
MLU659782324	encargo	no	La Gran Caceria - La Rueda Del Tiempo 2	Robert Jordan
MLU659804930	encargo	no	Libro Las Ratitas 5 - Las Sirenas Existen - Destino	Destino
MLU659834400	encargo	no	Cinesiología Musculoesquelético.neumann Rehabilitacion	Neumann
MLU659847615	encargo	no	Federico Y Sus Familias - Mili Hernández	Hernández, Mili
MLU660054456	encargo	no	El Mundo De Pica Pau Tapa Blanda	Yan Schenkel
MLU660119936	disponible	si	Un Tranvía Llamado Psicosis Post Parto Ppp	María Arroyo
MLU660196842	disponible	si	Un Puñado De Botones Diversidad Familiar	Carmen Parets Luque
MLU660197078	encargo	no	Test Psicotécnicos Razonamiento Abstracto Y Atención	VV. AA.
MLU660197086	disponible	si	La Disgrafía A. M. López	A. M. López
MLU660197120	encargo	no	Los 7 Secretos Para Invertir Como Warren Buffett	Buffett Mary y Seah Sean
MLU660233134	encargo	no	Los 7 Secretos Para Invertir Como Warren Buffett: Una Guí	Mary Buffett & Sean Seah
MLU660246068	disponible	si	Abecedario De Los Fonemas -libro-prog.in: Programa De Interv	#N/A
MLU660246074	encargo	no	Padres Conscientes / The Conscious Parent. Transforming Ours	Dalai Lama
MLU660246076	encargo	no	Cinesiología Del Sistema Musculoesquelético. Neumann	Donald A. Neumann
MLU660258942	encargo	no	Libro El Mentiroso - Santiago, Mikel	Santiago, Mikel
MLU660258994	disponible	si	Arta Agenda 2023 2024 ( Libro Original ), De Arta Game, Arta Game. Editorial Montena En Español	ARTA GAME, ARTA GAME
MLU660271890	encargo	no	Libro Solo Quiero Que Me Quieran	MENARGUEZ CARREÑO, MICAELA
MLU660297632	encargo	no	Libro A Todo Tapping - Naty Franz - Vergara	Naty Franz
MLU660297652	encargo	no	Solo Leveling 06, De Chugong. Editorial Norma Editorial, S.a., Tapa Blanda En Español, 2023	Chugong
MLU660297658	disponible	si	Un Tranvía Llamado Ppp, De María Arroyo	María Arroyo
MLU660310608	encargo	no	Enseñar Distinto- Melina Furman	MELINA FURMAN
MLU660310610	encargo	no	Born - Maria O'donnell	María O'Donnell
MLU660310638	encargo	no	Madre, Hermano, Amante, De Cocker, Jarvis. Editorial Reservoir Books, Tapa Dura En Español	Cocker, Jarvis
MLU660310818	encargo	no	El Último Recuerdo Que Dejó Tu Muerte Darling Salas	Darling Salas
MLU660323620	encargo	no	El Metodo Warren Buffett - Hagstrom, Robert G.	Hagstrom, Robert G.
MLU660336532	encargo	no	Libro El Mundo Amarillo Espinosa Debols!llo	Espinosa, Albert
MLU660336554	disponible	si	Casos Clinicos En Centros De Desarrollo De Atencion Tempr...	ROBLES BELLO, MARIA AUXILIADORA
MLU660376004	encargo	no	Understanding History Michael Riley	Michael Riley
MLU660428088	disponible	si	Cuaderno Isométrico Dibujo Técnico Fundamental	Dibujo Técnico Fundamental
MLU660428202	disponible	si	Libro: Pepon -  Macsolis	Macsolis
MLU660473908	encargo	no	La Orfebreria Del Silencio - La Construccion De Lo No Dicho	Bajour, Cecilia
MLU660486922	encargo	no	La Dieta Cetogénica Onarom	ONAROM
MLU660532206	encargo	no	El Método Masterson. Ejercicios Y Técnicas	Jim Masterson y Stefanie Reinhold
MLU660545198	encargo	no	El Pueblo Contra La Democracia	Mounk, Yascha
MLU660558026	encargo	no	Libro Cómo Hacer Un Coche - Adrian Newey	Adrian Newey
MLU660650304	encargo	no	La Desaparición De Adèle Bedeau	Macrae Burnet, Graeme
MLU660661664	encargo	no	Libro Tea	González, Alejandra
MLU660663046	encargo	no	Factfulness Hans Rosling ( Tapa Dura )	Hans Rosling
MLU660663204	encargo	no	Heterocósmica Ficción Y Mundos Posibles Lubomír Dolezel	Lubomír Dolezel
MLU660676086	encargo	no	La Tinta De Mis Ojos Aitana Ocaña	AITANA OCAÑA
MLU660689480	encargo	no	El Oro De Dioses - Erich Von Däniken (arqueologia Prohibida)	Erich von Däniken
MLU660779426	encargo	no	Bueno, Me Largo Hape Kerkeling	Kerkeling, Hape
MLU660869630	encargo	no	Gray's Sports Almanac Back To The Future	DISTRIBUIDORA ORKO
MLU660965170	encargo	no	Nadie Tiene Que Saberlo Excepto Tù Tapa Dura	MADAME M. ROUGE
MLU660972318	encargo	no	Libro Nocturno : Recetario De Sueños - Isol	Isol
MLU660991040	encargo	no	Los Miedos De Ethan Darlis Stefany	Darlis Stefany
MLU661068812	encargo	no	Creatividad, Capitalismo Y Justicia Distributiva Kirzner	Kirzner, Israel
MLU661118770	encargo	no	Muertes Inesperadas Eduardo H. Grecco	Eduardo H. Grecco
MLU661124806	encargo	no	La Desaparición De Adèle Bedeau - Graeme Macrae Burnet	Macrae Burnet, Graeme
MLU661124808	encargo	no	El Oro De Dioses - Erich Von Däniken	Erich von Däniken
MLU661169598	disponible	si	Cuando Fuimos Los Peripatéticos	Lozano, Héctor
MLU661182538	encargo	no	En Palabras Del Buddha	Bodhi, Bhikkhu
MLU661189590	encargo	no	Dónde Están Las Monedas?, De Garriga Bacardi Joan., Vol. 1. Editorial Rigden (g), Tapa Blanda, Edición 1 En Español, 2014	Garriga Bacardi Joan
MLU661195618	encargo	no	Make Time Jake Knapp Enfocarte	JAKE KNAPP, JOHN ZERATSKY
MLU661195628	encargo	no	Instrumentación Quirúrgica En Cirugía Laparoscópica	ESTEBAN MARTINEZ
MLU661235846	disponible	si	Sujetos A Nuestro Propio Y Múltiple Ser Anthony Elliott	Anthony Elliott
MLU661277811	encargo	no	Libro Mecanica Autos Hibridos Electricos Tecnico	Esteban J. Dominguez Soriano
MLU661366286	encargo	no	El Mito De La Normalidad - Gabor Mate	Gabor Maté
MLU661429938	encargo	no	El Carro Medio Panzer Iv Osprey Bryan Perrett	Bryan Perrett
MLU661592487	encargo	no	María Desconocida Madre Judía A Virgen	James D. Tabor
MLU661839332	disponible	si	Sin Barro No Crece El Loto	Hanh, Thich Nhat
MLU661850354	disponible	si	Luna, De Oliver Alison. Editorial Coco Books, Tapa Blanda, Edición 1 En Español	Alison Oliver
MLU661857868	encargo	no	Biologia De La Creencia. Lipton, Bruce. Palmyra Edito	Lipton, Bruce H.
MLU661890268	disponible	no	The Smiths Estándar	
MLU661903629	encargo	no	Mundo Y Sus Demonios,el - Sagan,carl	Sagan, Carl
MLU662020421	disponible	si	Mis Amigos Capibaras Carpinchos Phidal Infantil Escolar	Varios autores
MLU662037257	encargo	no	El Diseño De Las Cosas Cotidianas, De Norman Don., Vol. 1. Editorial Godot Ediciones, Tapa Blanda En Español, 2025	Norman Don
MLU662057238	disponible	si	Planeta Adolescente Cao Marcelo Luis	Marcelo Luis Cao
MLU662063011	encargo	no	Don Norman El Diseño Las Cosas Cotidianas Diseño Industrial	Norman Don
MLU662278788	encargo	no	La Gran Apuesta Michael Lewis	Lewis, Michael
MLU662317372	encargo	no	Este Dolor No Es Mío De Mark Wolynn Gaia Ediciones Tapa Blanda	Mark Wolynn
MLU662421410	encargo	no	Metodo Diverlexia Intervencion Psicopedagogica D La Dislexia	CARMEN SILVA
MLU662534772	encargo	no	Libro Karma Guia Yogui Para Crear Tu Destino	Vasudev, Sadhguru Jaggi
MLU662586750	encargo	no	Libro Can Yaman Un Sueño Para Siempre Floriana Rullo Tapa Blanda Español	Rullo, Floriana
MLU663111902	disponible	si	Apuesta Por Ti - Walter Dresel	Dresel, Walter
MLU663111970	encargo	no	Opus Nigrum - Marguerite Yourcenar	Marguerite Yourcenar
MLU663124842	disponible	si	Pepon, De Macsolis. Juventud Editorial (c), Tapa Blanda En Español	Macsolis
MLU663124936	encargo	no	Libro Star Wars El Libro De Los Sith [ Pasta Dura ] Original	Daniel Wallace
MLU663137842	disponible	si	Planeta Adolescente - Marcelo Luis Cao	Marcelo Luis Cao
MLU663137920	encargo	no	Libro Bã©same Mucho (nueva Presentaciã³n)	González; Carlos
MLU663144442	encargo	no	Gran Apuesta,la - Michael Lewis	Lewis, Michael
MLU663189258	encargo	no	Creatividad, Capitalismo Y Justicia Distributiva - Kirzner	Kirzner, Israel
MLU663199836	encargo	no	El Mito De La Normalidad - Gabor Mate, De Mate, Gabor. Editorial Tendencias, Tapa Blanda En Español	Maté, Gabor
MLU663199900	disponible	no	Libro La Última Encrucijada - Jorge Liotti - Planeta	Jorge Liotti
MLU663204676	encargo	no	Pueblo Contra La Democracia - Yascha Mounk	Mounk, Yascha
MLU663204678	encargo	no	Libro Bueno, Me Largo - Kerkeling, Hape	Kerkeling, Hape
MLU663212926	encargo	no	Libro El Libro Troll - Rubius	Rubius
MLU663217610	encargo	no	El Método Masterson. Ejercicios Y Técnicas Para Mejorar, De Masterson(029982). Editorial Tutor, Tapa Blanda En Español, 2016	MASTERSON(029982)
MLU663238902	encargo	no	La Rueda Del Tiempo Nº 02/14 La Gran Cacería - Robert Jordan	Robert Jordan
MLU663264586	encargo	no	Las Enseñanzas Del Caballero De La Armadura Oxidada	Velasco, Carlos
MLU663269406	encargo	no	Libro En Palabras Del Buddha, De Bodhi, Bhikkhu. Editorial Kairos, Tapa Blanda ( 2019)	Bodhi, Bhikkhu
MLU663271326	encargo	no	Make Time [ Cómo Enfocarte En Lo Que Importa Cada Día ]	JAKE KNAPP, JOHN ZERATSKY
MLU663288370	encargo	no	Libro El Último Recuerdo Que Dejó Tu Muerte	Darling Salas
MLU663288374	encargo	no	Muertes Inesperadas	Eduardo H. Grecco
MLU663288382	encargo	no	Libro Evangelio 2023 (bolsillo), De Álvarez Álvarez, Jorge Luis. Editorial Edibesa, Tapa Blanda	Álvarez Álvarez, Jorge Luis
MLU663420092	disponible	si	Papa Se Va De Casa O De Mi Vida	Melamed
MLU663482676	encargo	no	Los Mas Poderosos Hechizos De Merlín Alberto Lajas	ALBERTO LAJAS
MLU664024346	encargo	no	How Countries Compete Richard H. K. Vietor	Vietor, Richard
MLU664050840	disponible	si	Becoleando Xi Taller De Alteraciones Dislexicas Disgráficas	Galve Manzano, José Luis - Trallero Sanz, Manuel - Moreno Ojeda, José Miguel
MLU664067626	disponible	no	Mama Antula Locatelli, Nunzia	Locatelli, Nunzia
MLU664099788	encargo	no	Por Qué Los Hombres No Escuchan Y Las Mujeres Pease	Allan Pease
MLU664151466	encargo	no	Buenas Noches Luna - Cartón - Margaret Wise Brown	Margaret Wise Brown
MLU664164178	encargo	no	Liderar En Una Cultura De Cambio Michael Fullan	MICHAEL FULLAN
MLU664345664	disponible	si	X-men No. 19 Caos Y Muerte En El Amanecer X	AYALA HICKMAN
MLU664371474	disponible	no	Descalza Mama Antula Locatelli Nuncia	Nunzia Locatelli, Cintia Suárez y Gisela García.
MLU664374060	encargo	no	Parir, De Olza, Ibone. Editorial B (ediciones B), Tapa -1 En Español	Olza, Ibone
MLU664398006	encargo	no	Amigos, Amantes Y Aquello Matthew Perry	Matthew Perry
MLU664399626	disponible	no	Beata Maria Antonia De San Jose, Mamá Antula - Alfredo Sáenz	Alfredo Saenz
MLU664423862	encargo	no	Puente: Un Viaje Del Dolor Al Amor Iris Rubaja	Iris Rubaja
MLU664426098	encargo	no	Libro La Bailarina De Auschwitz. Edith Eger. Planeta	Edith Eger
MLU664438060	encargo	no	Libro - Generación Ofendida - Caroline Fourest	Caroline Fourest
MLU664462754	encargo	no	Manejo Práctico En La Emergencia 4 Ed	SEOANE
MLU664463970	encargo	no	Star Wars La Senda Jedi Daniel Wallace	Daniel Wallace
MLU664499694	encargo	no	Transforma Tu Vida Con Los 72 Nombres De Dios	ALBERTO Lajas Antunez
MLU664539014	encargo	no	Cosmos Y Psique Richard Tarnas	Tarnas, Richard
MLU664564520	encargo	no	Transforma Tu Vida Con Ho Oponopono Lajas	Nicandro Pereyra
MLU664564612	encargo	no	El Viaje De Merlin Túnel De La Sabiduría Lajas	ALBERTO LAJAS
MLU664579186	encargo	no	El Heroe Interior - Carol Pearson	Pearson, Carol S.
MLU664591790	disponible	si	Vocabulario De Las Psicoterapias André Virel	Virel
MLU664593882	encargo	no	Perdiendo La Virginidad Empresa Empresario Branson, Richard	Branson, Richard
MLU664605088	encargo	no	Milei Y Giacomini - Camino Del Libertario + Papel Pintado	Javier Milei
MLU664606838	encargo	no	El Libro De La Inteligencia Colectiva Amalio A. Rey	Amalio A. Rey
MLU664640470	encargo	no	Libro 1001 Días Que Cambiaron Al Mundo, De Casal, Fernando. Editorial Libros Ilustrados, Tapa Dura ( 2010)	Casal, Fernando
MLU664652806	disponible	si	Cartas A Georg Elias Canetti	Canetti, Elias
MLU664652852	encargo	no	Libro Factfulness - Hans Rosling [ Español ] Pasta Dura	Hans Rosling
MLU664711306	encargo	no	The Legend Of Zelda Enciclopedia Miyamoto Español	Akira Himekawa , Eiji Aonuma , Shigeru Miyamoto
MLU664735934	encargo	no	Mi Calendario De Adviento 24 Minilibros	Varios autores
MLU664739282	encargo	no	El Pájaro Canta Hasta Morir Colleen Mccullough	McCullough, Colleen
MLU664767896	encargo	no	De La Tierra Al Universo Astronomía General Teórica Práctica	Galadí-Enríquez, David Gutiérrez Cabello, Jordi
MLU664778060	encargo	no	Téngase Presente Maslatón, Carlos	Carlos Maslatón
MLU664790952	encargo	no	En Estado De Tesis Como Elaborar El Proyecto	Catalina Wainerman
MLU664790954	encargo	no	Los Catorce Cuadernos Juan Sklar	Juan Sklar
MLU664993650	encargo	no	Terapia Gestalt: Una Guía De Trabajo, De Francisco Sánchez Gavete. Editorial Rigden Institut Gestalt, Tapa Blanda En Español, 2008	Sánchez Gavete, Francisco
MLU664995156	encargo	no	Guia Mapa Ruta 40 ( Argentina ) Julian De Dios	Julián de Dios
MLU665016552	encargo	no	El Efecto Checklist Atul Gawande	Atul Gawande
MLU665045530	disponible	si	El Útero Hazard Leah	LEAH HAZARD
MLU665071208	encargo	no	Crónicas De Narnia : El León La Bruja Y El Armario	C.S. Lewis
MLU665082160	disponible	si	Pequeño Gran Libro: Cáncer - Jimena La Torre - Grijalbo	Jimena La Torre
MLU665082534	encargo	no	Liderar En Una Cultura De Cambio	Fullan, Michael
MLU665095976	encargo	no	Alicia Y La Barriga Maravillosa Nazareth Perales Castellanos	NAZARETH PERALES CASTELLANOS
MLU665138678	encargo	no	Libro: Mi Calendario De Adviento. Varios Autores. Ediciones	Varios autores
MLU665151540	disponible	si	Ramirez Paisajes Emocionales S A T/país	Jazmín Ramirez Landazábal
MLU665164624	encargo	no	Elogio A La Lentitud - Honoré,carl	Honore, Carl
MLU665164630	encargo	no	Amigos, Amantes Y Aquello Tan Terrible, De Perry, Matthew. Contraluz Editorial, Tapa Dura En Español	Perry, Matthew
MLU665164776	encargo	no	Manejo Practico En La Emergencia, De Seoane. Editorial Akadia, Tapa Blanda En Español, 2023	SEOANE
MLU665190420	encargo	no	El Ladron Y La Espada - Cleopatra En El Espacio Libro 2	Maihack, Mike
MLU665203582	encargo	no	Perdiendo La Virginidad - Branson,richard	Branson, Richard
MLU665203600	encargo	no	Efecto Checklist,el - Gawande,atul	Gawande, Atul
MLU665216718	encargo	no	Libro Téngase Presente - Carlos Maslatón - Planeta	Carlos Maslatón
MLU665229234	encargo	no	Sanar El Trauma Colectivo - Thomas Hubl - Gaia - Libro	Hübl, Thomas
MLU665229352	encargo	no	Libro Fleabag: The Scriptures -	Phoebe Waller-Bridge
MLU665229448	encargo	no	Libro El Pajaro Canta Hasta Morir - Mc Cullough	McCullough, Colleen
MLU665242574	encargo	no	Libro La Senda Jedi [ Pasta Dura ] Limitado Star Wars	Wallace, Daniel
MLU665242682	encargo	no	Sklar - Los Catorce Cuadernos + Nunca Llegamos A La India	Juan Sklar
MLU665255556	encargo	no	Seres Humanos Únicos: Una Forma Diferente De Ver El Autismo. Segúnda Edición, Revisada Y Ampliada, De Barry Prizant. Editorial Fundación Garrahan, Tapa Blanda, Edición 2da En Español, 2023	Barry Prizant y Tom Fields Meyer
MLU665266582	encargo	no	En Estado De Tesis - Wainerman, Catalina	WAINERMAN, CATALINA
MLU665335242	encargo	no	Nadia Nunca Dice Nada	Luisa Aguilar
MLU665374872	disponible	si	Humor Al Divan Tute	Tute
MLU665414048	encargo	no	Yolo Aventuras Los Impostores Del Espacio	Yolo
MLU665427304	encargo	no	Cuando Mamá Lastima	Rayo Guzmán
MLU665524722	encargo	no	The Cure - Especial Rolling Stone Para Coleccionistas	Revista Rolling Stone
MLU665525164	disponible	si	¿ Y Si Me Defiendo ? Bullying	ZOLLER,ELISABETH
MLU665525190	encargo	no	Tokyo Ghoul Zakki	Sakurai, Gamon
MLU665654080	encargo	no	La Isla De Las Tormentas Ken Follett	Ken Follett
MLU665654104	encargo	no	La Tregua Mario Benedetti	Mario Benedetti
MLU665679534	encargo	no	Exam Essentials: Cambridge Advanced Practice Tests 2	Osbourne, Charles
MLU665810240	encargo	no	Guía Autista: Consejos Para Sobrevivir En El Loco Mundo	Millán López, Daniel
MLU666084580	encargo	no	Guia Mapa - Ruta 40 - Julian De Dios	Julián de Dios
MLU666110582	encargo	no	El Libro De La Inteligencia Colectiva, De Rey, Amalio A.. Editorial Almuzara, Tapa Blanda (2022)	Rey, Amalio A.
MLU666123536	disponible	si	Libro Violet Hace El Puente Sobre La Hierba, De Del Rey, Lana. Editorial Libros Cúpula, Tapa Dura	Del Rey, Lana
MLU666123540	encargo	no	Libro Cartas A Lucilio	DASSO SALDIVAR
MLU666149672	encargo	no	Análisis Técnico De Los Mercados Financieros - John Murphy	John Murphy
MLU666162520	encargo	no	Aunque Me Cueste La Vida / Stephan Hausner	Stephan, Hausner
MLU666169462	encargo	no	Simpsons Comics Fusion Nuclear	Matt Groening
MLU666175608	encargo	no	Libro - Criando Criollos - 2da.edicion	Dowdall, Roberto C.
MLU666214536	encargo	no	Cronicas De Narnia 2 C.s. Lewis Editorial Destino	C.S. Lewis
MLU666293130	encargo	no	Mi Panadería Sin Gluten Temporini Alejandra	Alejandra Temporini
MLU666512824	encargo	no	Marcelo Bielsa Los 11 Caminos Al Gol Eduardo Rojas Rojas	Eduardo Rojas Rojas
MLU666513138	encargo	no	Fusion Nuclear - Los Simpsons - Matt Groening	Matt Groening
MLU666524762	encargo	no	La Inflación Como Delito Rojas Ricardo Manuel	Ricardo Manuel Rojas
MLU666629214	disponible	no	Primavera Silenciosa Rachel L. Carson	Rachel Carson
MLU666629786	encargo	no	Tokyo Ghoul Zakki - Ishida,sui	Sakurai, Gamon
MLU666629792	disponible	si	Guadal/cyborg - Elena Annibali	Elena Annibali
MLU666642858	disponible	si	Un Paso Adelante En Defensa De Los Animales - Horta,oscar	Horta Alvarez, Oscar
MLU666864172	encargo	no	Analisis Tecnico De Los Mercados Financieros [ Original ]	John J. Murphy
MLU666877224	encargo	no	La Canción De Aquiles	MADELINE MILLER
MLU666877266	encargo	no	Libro La Revolución De La Glucosa: El Método - Jessie Inchauspé - Diana	Jessie Inchauspé
MLU666929118	encargo	no	La Fatal Ignorancia - Axel Kaiser	KAISER AXEL
MLU666942206	disponible	si	Construyendo Identidad Corporal, De Grasso Y Erramouspe. Editorial Novedades Educativas En Español	Grasso y Erramouspe
MLU666955262	encargo	no	Libro Mi Panadería Sin Gluten - Alejandra Temporini	Alejandra Temporini
MLU666968122	encargo	no	Libro Guia Biblica 2023 - Aa.vv	VV. AA.
MLU666968142	disponible	si	Libro Joaquin El Chapo Guzman De Andres Lopez Lopez	Andrés López López
MLU666968150	encargo	no	Recuerdos Que Mienten Un Poco - Libro Indio Solari	Indio Solari
MLU666981256	disponible	si	Libro Enciende Tu Corazon - Cynthia Zak - Vr	Zak, Cynthia
MLU666981258	encargo	no	Libro El Pan - Hamelman, Jefrey	HAMELMAN, JEFREY
MLU667331028	encargo	no	Simpsons Comics Compendio Colosal Vol. 3  Matt Groening	Matt Groening
MLU667347494	encargo	no	A La Orilla De La Luz - Morat	Vargas, Simon
MLU667347498	disponible	si	La Vision Integral	Wilber, Ken
MLU667369900	disponible	si	Un Naturalista En El Plata Charles Darwin	CHARLES DARWIN
MLU667370030	encargo	no	La Red Infinita Yayoi Kusama	Yayoi Kusama
MLU667370046	encargo	no	Comunicación No Verbal Rafael M. López Pérez	A.A.V.V
MLU667383282	encargo	no	A La Orilla De La Luz Simon Vargas	Simón Vargas
MLU667383298	disponible	si	Místico Y Maestro San Juan De La Cruz	Federico ruiz
MLU667410922	encargo	no	Los Amantes De Praga Alyson Richman	Alyson Richman
MLU667412300	encargo	no	Simpson Compendio Colosal Vol. 3 - Bongo, De Bongo. Editorial Ovnipress En Español	Bongo
MLU667412328	disponible	si	Las Lágrimas Que Esconde El Mar, De Juan Manuel López	Juan Manuel López
MLU667434944	disponible	si	Las Lágrimas Que Esconde El Mar Galicia España	Juan Manuel López
MLU667435036	disponible	si	La Visión Integral Wilber, Ken	Wilber, Ken
MLU667447994	encargo	no	La Segunda Mitad - Diego Bernardini	Diego Bernardini
MLU667451406	disponible	si	Libro Irresistible Error - Melissa Ibarra - Cosmo Editorial	Melissa Ibarra
MLU667451416	encargo	no	Libro Alimentación Intuitiva - Tribole, Evelyn/resch, Elyse	TRIBOLE, EVELYN/RESCH, ELYSE
MLU667473534	encargo	no	Nuevo Devocionario Espiritista: Colección De Oraciones Escogidas, De Kardec, Allan. Calli Casa Editorial, Tapa Blanda En Español, 2022	Kardec, Allan
MLU667473538	encargo	no	51 Cnv, De A.a.v.v. Editorial Behavior & Law Ediciones En Español	A.A.V.V
MLU667655786	encargo	no	Aviones De Combate Salvat Jas 39c Gripen	Salvat
MLU667668754	encargo	no	Aviones De Combate Salvat F-22 Raptor	Salvat
MLU667721188	encargo	no	Primavera Silenciosa Rachel Carson	Rachel Carson
MLU668116474	encargo	no	Numeros Que Curan - Grigoti Grabovoi	Grigori Grabovoi
MLU668116506	encargo	no	Hayes Terapia De Aceptacion Y Compromiso	Steven C Hayes Kirk-Strosahl
MLU668129296	encargo	no	Orgullo Y Prejuicio (estuche Libro + Espejo) Jane Austen	Austen, Jane
MLU668163802	encargo	no	Studio Ghibli: 100 Collectible Postcards	Libros de crónica
MLU668167514	encargo	no	Simpsons Comics Confidencial, De Matt Groening. Serie Los Simpsons Editorial Los Simpsons, Tapa Blanda En Español, 2017	Matt Groening
MLU668167518	disponible	si	Manual De Oratoria Neuroexperiencial Y Comunicación -novedad	Antonio Ezequiel Di Genova
MLU668206094	disponible	si	Libro El Enigma Garabandal, De Renedo Carrandi, Francisco. Editorial Almuzara, Tapa Blanda	Renedo Carrandi, Francisco
MLU668229746	encargo	no	Hagakure. El Camino Del Samurái: El Camino Del Samurai	Yamamoto Tsunetooº
MLU668231852	disponible	si	Los Tres Cristos De Ypsilanti	Milton Rokeach
MLU668244524	encargo	no	Orgullo Y Prejuicio - Edición Especial	Austen, Jane
MLU668277269	disponible	no	Libro Mi Papá No Sabe Decir Te Quiero [ Original ], De Luciano Lozano Raya. Editorial Ediciones Sm, Tapa Dura En Español, 2024	Luciano Lozano Raya
MLU668338098	encargo	no	Canciones De Cachoros Patrulla Canina Paw Patrol	Paw Patrol
MLU668351185	encargo	no	Activa Tus Mitocondrias, De Antonio Valenzuela. Alienta Editorial, Tapa Blanda En Español	ANTONIO VALENZUELA
MLU668376636	encargo	no	Heaven & Earth Jack Sephiroth	Jack Sephiroth
MLU668402738	encargo	no	La Cadena De Espinas Clare Cassandra	Clare, Cassandra
MLU668469656	encargo	no	* Educar Por Competencias, Que Hay De - Sacristan, J.	Sacristan, J. Gimeno
MLU668649308	encargo	no	A Quien Mata El Asesino	Tendlarz, Silvia Elena
MLU668668054	encargo	no	Adivinación Con La Bola Cristal Y Misterios Clarividencia	JOHN MELVILLE
MLU668675568	disponible	si	Democracia Hora Cero - Claudia Feld - Marina Franco - Fce	Claudia Feld / Marina Franco
MLU668794196	encargo	no	La Voz De Las Espadas (trilogia La Primera Ley Abercrombie	Abercrombie
MLU668803024	encargo	no	Comprende Tus Emociones Rojas, Enrique	Enrique Rojas
MLU668833146	encargo	no	Sidur Cabalístico - Moshé Cordovero La Plegaria Cabalística	Rabí Moshé Cordovero
MLU668835806	encargo	no	Bartleby Y Compañia Enrique Vila-matas	Enrique Vila-Matas
MLU668859488	encargo	no	Hellboy Edicion Integral Vol 1	
MLU668879080	encargo	no	El Eternauta Coleccion Completa (6 Fasciculos)h.g.oesterheld	H.G.Oesterheld
MLU668898186	encargo	no	Cómo Cultivar Hongos Mágicos Desde Casa Allan Trevor	Trevor, Allan
MLU668959116	encargo	no	Tarots Egipcios + 78 Cartas - Kier	No Aplica
MLU668968342	encargo	no	Como Cultivar Hongos Psilocibios Mágicos Para Principiantes	Yao Tanaka
MLU668970562	encargo	no	Duérmete Tetita Msc. Ana Amparo Acosta Rodríguez	Msc. Ana Amparo Acosta Rodríguez
MLU668975322	encargo	no	La Teoría De La Relatividad Cristhian Daniel Gaona	Cristhian Daniel Gaona
MLU669037242	encargo	no	Rascal Does Not Dream Of Bunny Girl Senpai (light Novel) #1	Kamoshida, Hajime
MLU669037244	encargo	no	Hanako-kun : El Fantasma Del Lavabo 1 - Aida Iro	AidaIro
MLU669050406	encargo	no	Libro Organizaciones Exponenciales [ Español ] Original	Salim Ismail
MLU669084938	encargo	no	La Experiencia Somática Stanley Keleman	Stanley Keleman
MLU669124356	encargo	no	Coaching De Equipos César Piqueras Gómez De Albacete	Enric Arola / César Piqueras
MLU669159970	encargo	no	Terapia Para Llevar Ana Pérez	Ana Pérez
MLU669167274	encargo	no	Sasaki Et Miyano Shou Harusono	Shou Harusono
MLU669174736	disponible	si	Ética Promiscua Dossie Easton	Janet W. Easton, Dossie; Hardy
MLU669181016	encargo	no	El Apego Y La Pérdida John Bowlby	
MLU669181482	encargo	no	La Patrulla Canina Caja Mi Llavero Musical	VV. AA.
MLU669347766	encargo	no	Libro - Naruto Nº26/72	Kishimoto, Masashi
MLU669358778	encargo	no	Todos En Círculo, De Cerasoli, Anna. Editorial Maeva, Tapa Blanda En Español	Cerasoli , Anna
MLU669360514	encargo	no	Libro - Las Mujercitas Se Casan Billiken - Louisa May Alcott	Louisa May Alcott
MLU669360560	encargo	no	Construye Un Avion 3d Libro + Maqueta - Manolito Books	Autores, Vários
MLU669362326	encargo	no	Las Consignas De Enseñanza De La Lengua Riestra	Dora Riestra
MLU669370562	encargo	no	Mientras Yubooh Duerme 2	Paulina Palacios
MLU669371830	disponible	si	Libro Enseñar Pensando En Todos	Pastor, Carmen Alba
MLU669373430	encargo	no	Mensajes De La Maestra Kwan Yin Simo, Guillermina	SIMO, GUILLERMINA
MLU669373534	encargo	no	Libro No Quiero Separarme De Mamá - Levy, Dinah	LEVY, DINAH
MLU669386306	encargo	no	Luz Y Color - James Gurney Dibujo	James Gurney
MLU669386490	encargo	no	Libro Naruto Nº 14/72 - Kishimoto, Masashi	Kishimoto, Masashi
MLU669398376	encargo	no	Libro Los Amores Urgentes - Trilogía Marginal - Juan Solá	Juan Solá
MLU669398392	encargo	no	Libro Miraculous. Las Aventuras De Ladybug - Miraculous	Miraculous
MLU669399358	encargo	no	Libro - El Engaño Populista - Axel Kaiser Y Gloria Álvarez	Álvarez Cross, Gloria
MLU669399534	encargo	no	Piloto Privado De Avion - De Santis , Augusto Javier	DE SANTIS , AUGUSTO JAVIER
MLU669399556	encargo	no	No Quiero Dormir Sola	Laura Sala
MLU669412478	encargo	no	Libro Arta Y La Invasión Máxima (arta Game 2)	ARTA GAME
MLU669425616	encargo	no	El Temor De Un Hombre Sabio - Cronicas Del Asesino De Reyes 2, De Rothfuss, Patrick. Editorial Plaza & Janes, Tapa Blanda En Español, 2014	Rothfuss, Patrick
MLU669425630	encargo	no	El Síndrome De Tourette	Mary Robertson, Andrea Cavanna
MLU669449956	encargo	no	Exitos Latinos . Partituras Para Aficionados Al Piano	FERNANDEZ PEREZ MIGUEL ANGEL
MLU669452806	disponible	no	Mariinsky Orchestra, Valery Gergiev - Tchaikovsky Estándar	
MLU669453192	disponible	si	Los Noventa La Argentina De Menem	Corach, Carlos
MLU669480262	encargo	no	Dios Usa Lapiz Labial Berg Karen	Berg, Karen
MLU669480306	encargo	no	Collins International Primary Science 5	Collins
MLU669510108	encargo	no	El Necronomicon Conjuros, Encantamientos, Exorxismos Y Formulas, De Abdul Alhazred Paul Cartledge. Editorial Humanitas En Español	Abdul Alhazred
MLU669511152	encargo	no	Libro Mientras Yubooh Duerme 2 - Paulina Palacios - Planeta Comics Argentica	Paulina Palacios
MLU669522320	encargo	no	Semillas 1 Decur	Decur
MLU669536860	disponible	si	Libro Argumentos En Una Baldosa - Claudio Cormick	Claudio Cormick Valeria Edelsztein
MLU669536866	encargo	no	Libro : La Fiv Que Cambiara Tu Vida Guia Con Estrategias...	Rami, Dra. Lor
MLU669548412	encargo	no	Pequeño Tratado Sobre La Amistad - D´alessio, Joana	Joana D´alessio
MLU669549068	encargo	no	De Maquinas Y Seres Vivos - Humberto Maturana Romesin	Humberto Maturana Romesin, Francisco Varela G.
MLU669550012	encargo	no	Coaching De Equipos Lo Que Se Necesita Saber Para Facilitar El Desarrollo De Un Equipo De Enric Arola César Piqueras Editorial Profit Tapa Blanda Edición 4 En Español 2019	Piqueras, César - Arola, Enric
MLU669574678	encargo	no	Moreno Y El Psicodrama - Ira A Greenberg 117	Ira A Greenberg 117
MLU669595442	encargo	no	Diario De Greg Atrapados En La Nieve - Jeff Kinney	Jeff Kinney
MLU669602024	encargo	no	Despues Del Invierno Guadalupe Nettel Premio Herralde	Nettel, Guadalupe
MLU669602040	encargo	no	Las Reglas Del Destino De Jazmín Riera - Planeta	Jazmín Riera
MLU669602074	encargo	no	Jurgen Klaric. Pobre Rico Millonario / Jurgen Klari, De Cano, Jo. Editorial Aguilar En Español	Cano, Jo
MLU669602082	disponible	si	Libro Etica Promiscua [ Tercera Edicion ] Dossie Easton	Janet W. Easton, Dossie; Hardy
MLU669628056	disponible	si	Libro Los Noventa - La Argentina De Menem - Corach / Menem	Corach, Carlos
MLU669653604	encargo	no	La Isla Del Tesoro, De Robert Stevenson. Editorial Reino De Cordelia (w), Tapa Blanda En Español	Robert Stevenson
MLU669653614	encargo	no	La Mujer Invisible - Caroline Criado Perez	CRIADO PEREZ, CAROLINE
MLU669698522	encargo	no	Las Reglas Del Boxeador Jazmín Riera	Jazmín Riera
MLU669761646	encargo	no	Psiquiatría De Las Adicciones Revisión Integral Héctor Colón	COLON RIVERA
MLU669859782	encargo	no	Puente: Un Viaje Del Dolor Al Amor, De Iris Rubaja. Editorial Independently Published En Español	Iris Rubaja
MLU669860326	encargo	no	Hombre, De Juan Solá, De Juan Solá. Editorial Ed. Sudestada, Tapa Blanda En Español	Sola, Juan
MLU669860708	encargo	no	La Patrulla Canina, Caja Con Llavero Y Libros, De Vv. Aa.. Editorial Publications International Iberia En Español	VV. AA.
MLU669860932	encargo	no	Nadia Nunca Dice Nada, De Luisa Aguilar. Editorial Beascoa En Español	Luisa Aguilar
MLU669866630	disponible	si	Rurouni Kenshin: La Epopeya Del Guerrero Samurái 6	Nobuhiro Watsuki
MLU669872762	encargo	no	Colección Mafalda: 11 Tomos En Una Lata (edición Limitada), De Quino. Editorial Lumen Gráfica En Español	Quino
MLU669873340	disponible	si	Nuestro Utero: Un Compromiso De Luz En El Camino Espiritual De Las Mujeres, De Marcela Thesz. Editorial B0bmrf4x6m En Español	Marcela Thesz
MLU669886180	disponible	no	Postura Y Rendimiento: Uía Visual Para El Entrenamiento Del Caballo Desde La Perspectiva Anatómica Y Biomecánica, De Gillian Higgins. Editorial Ediciones Tutor En Español	Higgins, Gillian
MLU669887136	disponible	no	Imaginar Un País. España En 2050, De Instituto Cervantes. Editorial Espasa Calpe En Español	Instituto Cervantes
MLU669898790	disponible	si	Mi Estuche De Pictos Xl Acciones, De Vv. Aa.. Editorial Aa.vv En Castellano	VV. AA.
MLU669899234	encargo	no	Latidos Que No Dije Roos, De Roos. Editorial The Poetics Publishing, Tapa Blanda En Español	Roos.
MLU669899240	disponible	si	Místico Y Maestro: San Juan De La Cruz, De Federico Ruiz. Editorial Editorial De Espiritualidad En Español	Federico ruiz
MLU669900096	encargo	no	Los Mas Poderosos Hechizos De Merlín, De Alberto Lajas. Editorial Independently Published En Español	ALBERTO LAJAS
MLU669911846	disponible	si	María Antonia De San José. Vida Documentada - Mama Antula 7, De Sociedad Hijas D... Editorial Ppc En Español	Sociedad Hijas D..
MLU669925454	encargo	no	Golden Art Nouveau Grand Trumps, De Giulia Francesca Massaglia. Editorial Llewellyn Publications En Español	Giulia Francesca Massaglia
MLU669938750	disponible	si	Escuelas Día A Día, De Actis, Beatriz. Editorial Homo Sapiens En Español, 2012	ACTIS, BEATRIZ
MLU669964422	disponible	si	Libro De Los Ositos, El. Para Mi Primera Comunión, De María Eugenia Schindler. Editorial Edibesa, Tapa Dura En Español	María Eugenia Schindler
MLU669964920	disponible	si	Las Mamás Y Los Bebés Primero, De Szejer Caumel Dauphin. Editorial Creavida En Español	Szejer Caumel Dauphin
MLU669973522	encargo	no	¡adiós, Querida Tetita!, De Lozano, Marcela. Editorial Babidi-bu En Español	LOZANO,MARCELA
MLU669980924	encargo	no	Psiquiatria De Las Adicciones, De Colon Rivera. Editorial Elsevier, Tapa Blanda, Edición 1 En Español	COLON RIVERA
MLU669999354	encargo	no	Semillas 1 Por Decur - Decur	Decur
MLU669999573	encargo	no	Manual De Velas Japonesas: Trading Y Bolsa (spanish E, De Nogales, Isabel. Editorial Createspace Independent Publishing Platform, Tapa Blanda En Español, 2015	Nogales, Isabel
MLU670129008	encargo	no	Moby Dick Josep Lorman Roig	Melville, Herman
MLU670131343	disponible	no	Los Superpreguntones. Mates Del Dia A Dia, De Vox Editorial. Editorial Vox, Tapa Dura En Español	VOX Editorial
MLU670490040	disponible	si	La Sociedad De La Nieve Pablo Vierci	Pablo VIerci
MLU670580506	encargo	no	Test Psicotécnicos Razonamiento Abstracto Y Atención, De Vv. Aa.. Editorial Editorial Cep, Tapa Blanda En Español	VV. AA.
MLU670586446	encargo	no	Tú Me Amas. Kepnes, Caroline	CAROLINE KEPNES
MLU670665068	encargo	no	¿quien No Uso Pañal?, De Binder, Walter. Editorial Calibroscopio En Español	Walter Binder
MLU670672780	encargo	no	El Síndrome De La Impostora, De Elisabeth Cadoche Y Anne De Montarlot. Editorial Planeta, Tapa Blanda En Español, 2023	Elisabeth Cadoche y Anne de Montarlot
MLU670698750	disponible	no	Psicofarmacología Esencial De Stahl Casos Clínicos Vol. 2	Stephen Stahl
MLU670711586	encargo	no	Libro Psicocibernetica - Dr Maxwell Maltz [ Original ]	Dr Maxwell Maltz
MLU670720432	encargo	no	El Hilo Invisible, De Patrice Karst. Editorial Océano, Tapa Blanda En Español, 2023	Karst, Patrice
MLU670762988	encargo	no	Complete Business Studies For Cambridge Igcse & O Lev *3e K	Brian Titley
MLU670816104	encargo	no	Hasta Que Te Caigas Bien	Elizabeth Clapes
MLU670861436	encargo	no	Compass Level 2 Language Log	LI, Jennifer
MLU670862214	encargo	no	Planificación Patrimonial Para Celebrities Martin Litwak	Martin Litwak
MLU670863634	encargo	no	Tres Lobitos Y El Cochino Feroz, Los	Trivizas, Eugene
MLU670871120	disponible	si	La Odisea De Los Hombres Buenos	PLA, ALBERT
MLU670885110	encargo	no	Come Grasa Y Adelgaza, De Md Mark Hyman. Editorial Grijalbo, Tapa Blanda En Español	MD Mark Hyman
MLU670889582	encargo	no	Gafas De La Felicidad - Santandreu Lorite,rafael	Santandreu Lorite, Rafael
MLU670898238	encargo	no	El Libro Del Pan, De Chad Robertson. Editorial Col & Col, Tapa Dura En Español, 2021	Chad Robertson
MLU670902770	encargo	no	Nimbus-una Nube De Emociones - Fernandez Selva, Noemi	Fernández Selva, Noemí
MLU670902772	encargo	no	Construye Tu Caballo, De Vv. Aa.. Editorial Susaeta, Tapa Blanda En Español	VV. AA.
MLU670902778	encargo	no	Cola De Dragon, La - Mireia Canals/ Sandra Aguilar	MIREIA CANALS/ SANDRA AGUILAR
MLU670902780	encargo	no	El Incal (integral), De Jodorowsky, Alejandro. Ah Imp Editorial Reservoir Books, Tapa Dura En Español, 2017	Jodorowsky, Alejandro
MLU670911098	encargo	no	Moby Dick	Melville, Herman
MLU670915758	encargo	no	Libro Hygge. Felicidad En Las Pequeñas Cosas - Meik Wiking	Wiking, Meik
MLU670919048	encargo	no	Todo Se Puede Entrenar, De Toni Nadal. Editorial Alienta, Tapa Blanda, Edición 0 En Español, 2015	Toni Nadal
MLU670923274	encargo	no	Mi Aventura Sin Gluten Alejandra Temporini	Alejandra Temporini
MLU670928916	encargo	no	El Oficio De Escuchar, De Peñarrubia, Francisco. Editorial Ediciones La Llave, Tapa Blanda En Español	PEÑARRUBIA, FRANCISCO
MLU670941786	encargo	no	Wider World 2 - Sb + Sb E-book Interactive	VV. AA.
MLU670962568	encargo	no	Cristiano Ronaldo Guillem Balagué	Guillem Balagué
MLU670966566	encargo	no	Chicharrón Vigil Constancio	VIGIL, CONSTANCIO
MLU670967886	encargo	no	Armas, Gérmenes Y Acero, De Diamond, Jared., Vol. No Aplica. Editorial Debols!llo, Tapa Blanda En Español, 2016	Diamond, Jared
MLU670967890	encargo	no	Libro 1491 - Mann, Charles C.	Mann, Charles C.
MLU670967892	encargo	no	El Amor Real Huele A Tostadas - Patricia Faur, De Faur, Patricia. Editorial Ateneo, Tapa Blanda En Español	Faur, Patricia
MLU670976180	encargo	no	Mundo Azul Ama Tu Caos - Espinosa Albert	Espinosa, Albert
MLU671009536	disponible	si	Arteterapia Colorea Y Enmarca Princesas	Varios autores
MLU671010354	encargo	no	La Fórmula De Daniels Para Corredores Jack Daniels	Jack Daniels
MLU671036198	encargo	no	Las Crónicas De Narnia El León La Bruja Y El Armario	C.S. Lewis
MLU671061526	encargo	no	Corro Porque Caminar Me Cansa Sergio Turull Serratosa	Turull Serratosa, Sergio
MLU671088236	encargo	no	Las Crónicas De Narnia. El León, La Bruja Y El Armario, De Lewis, C. S.. Editorial Austral, Tapa Dura En Español	Lewis, C. S.
MLU671090266	encargo	no	Libro: Deja De Pensar Demasiado C92	Nick Trenton
MLU671165618	encargo	no	Libro La Dieta De La Longevidad - Valter Longo	Valter Longo
MLU671234346	encargo	no	¡ Viven ! El Triunfo Del Espíritu Piers Paul Tapa Dura Usado	Piers Paul Read
MLU671309750	disponible	si	Libro - Liderar En Una Cultura De Cambio - Fullan, Michael, De Fullan, Michael. Editorial Octaedro En Español	Fullan, Michael
MLU671310968	encargo	no	Test De Denominación Rápida Predictor De Habilidades Lectoras, De Fonseca. Editorial Autores De Argentina En Español	Fonseca
MLU671349770	disponible	si	La Sociedad De La Nieve, De Pablo Vierci. Editorial Planeta En Español	Vierci, Pablo
MLU671425680	encargo	no	Libro El Presidente Que No Quiso Ser De Silvia Mercado	Silvia Mercado
MLU671761470	disponible	si	Otra Escena, La. (claves De Lo Imaginario), De Mannoni, Octave. Editorial Amorrortu Editores, Edición 0 En Español	Mannoni, Octave
MLU671764008	encargo	no	Nadie Tiene Que Saberlo Excepto Tù Tapa Dura, De Madame M. Rouge. Editorial Bruguera, Tapa Dura En Español	MADAME M. ROUGE
MLU671777308	encargo	no	Minutos De Sabiduria, De C. Torres Pastorino. Editorial Diana En Español	Pastorino, C. Torres
MLU671828740	encargo	no	¡viven!, De Piers Paul Read. Editorial Lippincott Williams & Wilkins En Español	Piers Paul Read
MLU671828796	disponible	si	La Mariposa De Obsidiana, De Juan Bolea. Editorial Zeta Bolsillo En Español	Bolea, Juan
MLU671946578	encargo	no	Duérmete Tetita (pequeño Buda) (spanish Edition)	Rodríguez, Msc. Ana Amparo Acosta
MLU671966842	encargo	no	H De Harry (saga Bg5), De Darlis Stefany. Serie Bg5 Editorial Nova Casa, Tapa Blanda En Español, 2015	Darlis Stefany
MLU671966844	encargo	no	Técnicas De Dibujo. Dominio Del Bolígrafo, Lápiz De Grafito	Mateu-Mestre, Marcos
MLU671970798	disponible	no	Cuando Nuestra Casa Se Partió	Aguirre,Marina/DeGiorgi,Sergio
MLU672042148	encargo	no	Emociones Que Matan Don Colbert	Colbert, Don
MLU672045130	encargo	no	Chris Vencio Al Cancer - Chris Wark	Chris Wark
MLU672067248	encargo	no	Los Dados Astrológicos Zaza, Holistic	Holistic Zaza
MLU672070190	encargo	no	Libro Superar Una Imagen Corporal Distorsionada	Bell, Lorraine
MLU672070192	encargo	no	Libro Imbatible - Tony Robbins	Tony Robbins
MLU672071070	encargo	no	Bésame Mucho Carlos González	González; Carlos
MLU672083362	encargo	no	De Mayor Quiero Ser Feliz - Anna Morato Garcia	Morató García, Anna
MLU672096156	encargo	no	Libro Evolutio: 144 Formas De Descubrir Tu Energía	SWAMI MANUEL
MLU672109302	encargo	no	Comer Amar Mamar - Carlos Gonzalez	Carlos González
MLU672207906	encargo	no	Libro Asi Que Esto Es Un Felices Para Siempre	Lukens, F.T.
MLU672220682	encargo	no	Libro Ani Y Ona 1 La Mochila Desaparecisisisis	CARRILLO HENCHE, RUTH
MLU672223530	encargo	no	Hasta Que Nos Quedemos Sin Estrellas Rubiales Inma	Inma Rubiales
MLU672240040	encargo	no	Modus Operandi  Ariel Darío Idez	Ariel Idez
MLU672283570	disponible	si	Adventures Of Tom Sawyer - Mark Twain	Twain, Mark
MLU672350658	encargo	no	Libro Hasta Que Nos Quedemos Sin Estrellas - Inma Rubiales	Inma Rubiales
MLU672361504	encargo	no	Doom Patrol Libro 1	Grant Morrison
MLU672362744	encargo	no	Libro Un Inmueble Al Año No Hace Daño [ Original ] Español	Letra Fresca, Carlos Devis
MLU672363344	encargo	no	Mentes Peligrosas Ana Beatriz Barbosa Silva	Ana Beatriz Barbosa Silva
MLU672363468	encargo	no	Lunas El Refugio De La Memoria - Carutti Eugenio	Eugenio Carutti
MLU672376656	encargo	no	Emociones Que Matan, De Colbert, Don. Editorial Grupo Nelson En Español	Colbert, Don
MLU672393226	encargo	no	250 Curiosidades De Los Animales, De Susaeta, Equipo. Editorial Susaeta, Tapa Dura En Español	Susaeta, Equipo
MLU672400526	disponible	no	Las Trampas Del Deseo - 75 Aniversario De Ariel	Ariely, Dan
MLU672415478	encargo	no	Bésame Mucho (edición Regalo), De González, Carlos. Editorial Espasa, Tapa Dura En Español	González; Carlos
MLU672462594	encargo	no	No Hay Partes Malas Sistemas De Familia Interna Schwartz	SCHWARTZ, RICHARD C.
MLU672475232	disponible	no	Axel Honneth. Reconocimiento Y Menosprecio	Axel Honneth
MLU672476740	encargo	no	Nuevas Evidencias Científicas De La Existencia De Dios	José Carlos González-Hurtado
MLU672497972	disponible	si	Fundamentos Y Prácticas Comunicación No Violenta La Torre	de la Torre, Pilar
MLU672544338	encargo	no	Learn With Ollie 1 Student's Pack	Richmond; 1er edición
MLU672544582	encargo	no	Xld--high Note 5 Sb With Std Pep Pack	Rachael Roberts
MLU672545198	encargo	no	Nvi Bibliapacta Letra Grande Marron, Piel..., De B&h Español Editorial Staff. Editorial B&h Español	B&H Español Editorial Staff
MLU672545746	encargo	no	The Coaching Habit Las 7 Preguntas Clave Para Liderar	Bungay Stanier, Michael
MLU672545774	disponible	no	Dibujar Anime A Partir De Formas Sencillas Christopher Hart	Christopher Hart
MLU672618220	encargo	no	Él Vino A Dar Libertad A Los Cautivos Rebecca Brown M.d.	Rebecca Brown M.D.
MLU672642878	encargo	no	Educar Hasta La Ternura Siempre - Niñez En Movimiento 2, De Magistris, Gabriela. Editorial Chirimbote, Tapa Blanda En Español, 2021	Magistris, Gabriela
MLU672643858	encargo	no	El Mar De Los Monstruos Percy Jackson Dioses Del Olimpo 2	Riordan, Rick
MLU672653092	encargo	no	El Laboratorio Palestino Antony Loewenstein	Antony Loewenstein
MLU672663930	encargo	no	El Último Reino. Northumbria	Bernard Cornwell
MLU672700146	encargo	no	Esencialismo. Logra El Máximo De Resultados Greg Mckeown	Mckeown, Greg
MLU672700188	encargo	no	La Inmigración Española En El Uruguay Usado	Ernesto PUIGGROS; María del Carmen MEDINA PINTADO; Uruguay R. VEGA CASTILLOS
MLU672700686	encargo	no	Jolly Phonics Pupil Book 2 : In Print Letters	Sara Wernham; Sue Lloyd
MLU673087490	encargo	no	Cansancio De Los Buenos,el - Almada, Roberto	Almada, Roberto
MLU673087502	encargo	no	De Tom Y Jerry A Las Supernenas: La Aventura De Hanna-barber	Schwarz, Mauricio Jose
MLU673087510	disponible	no	Dibujar Anime A Partir De Formas Sencilla - Christopher Hart	Christopher Hart
MLU673100224	disponible	no	Reconocimiento Y Menosprecio - Axel Honneth	Axel Honneth
MLU673113634	encargo	no	A2 Key For Schools Trrainer Six Pract Test	No Aplica
MLU673113636	disponible	no	Libro En Continua Evolucion, De Ginnobili, Santiago. Editorial Kalandraka, Tapa Dura	Ginnobili, Santiago
MLU673126594	encargo	no	La Riqueza De Las Naciones Adam Smith	Adam Smith
MLU673126600	disponible	si	Libro Fundamentos Y Practicas De Comunicacion No Violenta	de la Torre, Pilar
MLU673152800	disponible	si	Diccicionario Avanzado Primaria 2012, De Es, Vários. Editorial Sm Ediciones En Español	Autores, Vários
MLU673152806	disponible	no	Libro 500.000 Seguidores En 5 Meses - Heras, Victor	HERAS, VICTOR
MLU673152816	encargo	no	Percy Jackson El Mar De Los Monstruos - Rick Riordan	Riordan, Rick
MLU673178490	disponible	si	Libro Brújulas Que Buscan Sonrisas - Albert Espinosa	Albert Espinosa
MLU673178496	encargo	no	Libro The Coaching Habit: Las 7 Preguntas Clave Para Liderar Equipos Y Organizaciones -arpa Practica-, De Bungay Stanier, Michael. Editorial Arpa Editores, Tapa Dura (2025)	Bungay Stanier, Michael
MLU673191644	encargo	no	Libro No Hay Partes Malas	SCHWARTZ, RICHARD C.
MLU673191648	encargo	no	Objective Proficiency Students Book With Answer C2 Cambridge	ANNETTE CAPEL
MLU673204940	encargo	no	Northumbria. El Último Reino 1 - Bernard Cornwell	VV. AA.
MLU673248316	encargo	no	Esencialismo. Logra El Maximo De Resultados Con (bestseller)	Mckeown, Greg
MLU673264080	encargo	no	Dioses Mas Locos,los - Septien,rodrigo	Septién, Rodrigo
MLU673264082	encargo	no	Stranger Things 2. Seis, De Jody Houser-stefano Martino-keith Champagne Y. Editorial Norma Editorial, Tapa Blanda En Español	JODY HOUSER-STEFANO MARTINO-KEITH CHAMPAGNE Y
MLU673266314	disponible	si	Cleopatra En El Espacio - El Ladrón Y La Espada	Maihack, Mike
MLU673336282	disponible	no	Las Aventuras De Lola Y Pepe Leer Es Fácil Marc Monfort	Marc Monfort
MLU673342186	encargo	no	Strangers Things 1 El Otro Lado - Houser,jody	Houser, Jody
MLU673390930	encargo	no	Libro La Monogamia Al Desnudo - Waldhuter	VV. AA.
MLU673390932	encargo	no	Nuevos Escenarios Educativos - Aavv	Harf Azzerboni Y Otros
MLU673416704	encargo	no	Go Getter 3 Students Book Pearson	Pearson
MLU673429852	encargo	no	El Diablo En La Botella Robert L. Stevenson	Robert Louis Stevenson
MLU673441264	encargo	no	El Género Y Nuestros Cerebros Gina Rippon	Gina Rippon
MLU673624732	encargo	no	Quimica Ii Con Enfoque Por Competencia Lembrino Perez	LEMBRINO PEREZ, IMELDA LUZ
MLU673637748	disponible	si	La Espía De Cristal Pere Cervantes	PERE CERVANTES
MLU673700914	encargo	no	Perspectivas Antropológicas Del Parto Y El Nacimiento Humano, De Robbie Davis-floyd. Editorial Creavida En Español	Robbie Davis-Floyd
MLU673851274	encargo	no	A2 Key For Schools Trainer 1 Six Pract Test Downl Au Rev2020	No Aplica
MLU673851278	disponible	no	Libro Los Cuatro Altares	del Río, Alonso
MLU673877468	encargo	no	Guía Del Nacimiento - Ina May Gaskin	Ina May Gaskin
MLU673942254	encargo	no	Encontrarnos Dentro De La Incubadora	Santos, Maria Soledad
MLU674048500	encargo	no	Soccer In The Street - Read And Imagine 3	Shipton, Paul
MLU674048504	encargo	no	De Mayor Quiero Ser Feliz 2 - Morato Garcia,anna	Morató García, Anna
MLU674080916	encargo	no	Gold Experience B2 2/ed.- Sb + Interactive Ebook + Digital R	Roderick, Megan
MLU674146688	encargo	no	Peso Pluma Stickers Pegatinas	Peso Pluma
MLU674300484	encargo	no	Diablo En La Botella (serie Roja) Stevenson Robert Louis	Stevenson, Robert Louis
MLU674326318	disponible	si	Aprendiendo A Habitarnos Pepa Horno Goicoechea	Un modelo de intervención psicoterapéutica con personas con historia de trauma
MLU674384626	encargo	no	Agenda Ikigai 2023 - Hector García - Kirai	Héctor García
MLU674463870	disponible	si	El Gato Sin Botas 1 ¡ Vuelve Al Cole ! - Santillana	Mariano Baliero
MLU674508360	encargo	no	Nada Es Tan Terrible - Santandreu, Rafael	Santandreu, Rafael
MLU674537136	encargo	no	Sobre La Vida Feliz O Sobre La Brevedad De - Seneca	Séneca
MLU674683986	encargo	no	Sherlock Holmes And The Stolen Jewels	Arthur Conan Doyle
MLU674724970	encargo	no	21st Century Reading 3: Creative Thinking And Reading	Ingrid Wisniewska;Mari Vargo; Laurie Blass
MLU674736204	encargo	no	Libro Con Sonidos - La Granja De Zenón	Nova rhoman
MLU674736238	disponible	si	Cambridge Igcse® Spanish As A First Language Coursebook	Jacobo Priegue Patiño
MLU674737940	encargo	no	Beehive : Level 5 : Student Book With Online Practice	OXFORD UNIVERSITY PRESS
MLU674748984	encargo	no	Sólo Los Paranoides Sobreviven Andrew S. Grove	Andrew S. Grove
MLU674749170	encargo	no	First For Schools Trainer 2 Six Practice Tests	Cambridge University Press
MLU674762386	encargo	no	Las Montañas Siguen Alli	Pedro Algorta
MLU674762402	encargo	no	Discurso De La Servidumbre Voluntaria Etienne De La Boetie	Boétie, Étienne de La
MLU674775408	encargo	no	¡ Es La Microbiota, Idiota ! ( Edicion Limitada )	Sari Arponen
MLU674788352	encargo	no	Estilos Neuróticos David Shapiro	David Shapiro
MLU674801206	disponible	si	La Experiencia Contemplativa Olga Fajardo	Olga Fajardo
MLU674961694	encargo	no	Entre Mi Hijo Y Yo La Luna - Paez Vilaró Carlos	Paez vilaró Carlos
MLU675006156	encargo	no	Winnie Y Wilbur - Los Piratas	Thomas, Valerie
MLU675052682	encargo	no	Espabila De Una Puta Vez Un Desafio Incomodo Y Doloroso Que Marcará Tu Vida José Montañez En Tapa Blanda	José Montañez
MLU675184242	encargo	no	Winnie Y Wilbur El Caballero Revoltoso De Thomas Valery Y Paul Korky Editorial Oceano	Autor: THOMAS, VALERY/KORKY PAUL
MLU675234590	encargo	no	Libro Luna Roja En El Trabajo Y Los Negocios - Miranda Gray	Gray, Miranda
MLU675387566	encargo	no	Llevaré Su Nombre - Kalinec, Analía	Kalinec Analía
MLU675445440	encargo	no	Libro El Laboratorio Palestino Antony Loewenstein Original, De Antony Loewenstein. Editorial Capitan Swing S.l, Tapa Blanda En Español, 2024	Antony Loewenstein
MLU675465564	disponible	si	El Verdadero Yo : ¡ En Pie !: 25 Lecciones De Comunicación, De John Powell, Sj. Editorial Independently Published En Español	John Powell, SJ
MLU675494910	disponible	no	Legalidad Y Legitimidad, De Schmitt Carl. Editorial Comares En Castellano, 200	Schmitt Carl
MLU675494980	encargo	no	Margaret Thatcher, La Mujer De Hierro, De Hugo Young. Editorial Javier Vergara, Editor, S.a. En Español	Hugo Young
MLU675548162	disponible	si	El Útero, De Leah Hazard. Editorial Salamandra Ediciones En Español	LEAH HAZARD
MLU675584956	encargo	no	Neuromaternal - Dra Susana Carmona	Susana Carmona
MLU675626582	encargo	no	El Acontecimiento - Annie Ernaux	Annie Ernaux
MLU675645046	encargo	no	Silvio Y El Supercofre Explosivo Silvio Gamer	Silvio Gamer
MLU675645058	encargo	no	Silvio Y La Isla Del Oro (silvio 2) Silvio Gamer	Silvio Gamer
MLU675645064	encargo	no	Libro Izquierda No Es Woke Susan Neiman	Susan Neiman
MLU675681790	disponible	si	Mientras Dormíamos: El Engaño Maestro	Giuseppe Nocera Costabile
MLU675681814	encargo	no	Elogio De La Lentitud Honoré Carl Rba Bolsillo 2014	Honore, Carl
MLU675743026	disponible	si	El Mensaje De Las Lágrimas Alba Payàs Puigarnau	ALBA PAYAS PUIGARNAU
MLU675743092	encargo	no	Tras Las Viñas Josep Roca	Josep Roca
MLU675768806	disponible	si	Libro Vigas De Hormigón Armado Flexión Simple Ing Castiñeira	Castiñeiras
MLU675811604	encargo	no	El Libro - Diorama De Los Árboles - Steve Marsh	Steve Marsh
MLU675821298	encargo	no	Cambridge Biology 4th Edition	Mackean, D.G.
MLU675837774	encargo	no	Abuela, Cuéntame - Juan Carlos Chandro	CHANDRO, Juan Carlos
MLU675860200	encargo	no	Trabajar En Instituciones - Los Oficios Del Lazo - Noveduc	Cornu, Laurence
MLU675861040	encargo	no	Lula De La Cárcel A La Presidencia - Juan Manuel Karg	Juan Manuel Karg
MLU675874064	encargo	no	Hajime No Ippo 4/27 - Joji Morikawa	Joji Morikawa
MLU675912220	disponible	si	Jugamos - Marin Santiago, Imma	Marín Santiago, Imma
MLU675990960	encargo	no	Las Aventuras De Ariancita - Un Viaje Con Sorpresa	Ariancita
MLU675991134	encargo	no	Complete Preliminary - Students Without 2ed - Cambridge	Heyderman, Emma
MLU676002408	disponible	si	Mientras Dormiamos El Engaño Maestro, De Nocera Costabile, Giuseppe. Editorial Createspace Independent Publishing Platform, Tapa Blanda En Español, 2019	Nocera Costabile, Giuseppe
MLU676002420	encargo	no	El Libro Diorama De Los Arboles, De Marsh, Steve. Editorial Folioscopio, Tapa Dura En Español	MARSH, STEVE
MLU676002424	encargo	no	Cambridge Igcse Biology (4th.edition	Mackean, D.G.
MLU676028178	encargo	no	Advanced Trainer (2nd.edition) - Six Practice Tests No Key	No Aplica
MLU676028182	encargo	no	Libro Tras Las Viñas, De Josep Roca. Editorial Reservoir Books ( 2017)	Josep Roca
MLU676041132	encargo	no	Los Guardianes Del Ser - Tolle, Eckhart	Tolle, Eckhart
MLU676105704	encargo	no	Manual De Aplicacion De Las 5 Leyes Biologicas - Ulrich P...	Ulrich Pfister, Mark
MLU676105722	encargo	no	Aprende A Hablar Con Los Animales, De Martín Cifredo Clara.. Grupo Editorial Círculo Rojo Sl, Tapa Blanda En Español	Martín Cifredo Clara.
MLU676295674	encargo	no	Mentes Peligrosas, De Ana Beatriz Barbosa Silva. Editorial Aguilar Fontanar En Español	Ana Beatriz Barbosa Silva
MLU676295762	encargo	no	Mentalidad Mamba - Kobe/ King Wesley Bryant, De King Wesley Bryant. Editorial Alienta En Español	King Wesley Bryant
MLU676303756	encargo	no	Psicofarmacología Práctica 4ª Edición	Jufe, Gabriela
MLU676360554	encargo	no	Nuevas Evidencias Científicas De La Existencia De Dios, De José Carlos González Hurtado. Editorial Roca Bolsillo En Español	HURTADO, JOSE CARLOS
MLU676393618	encargo	no	Libro La Estrategia Del Océano Azul - Chan Kim	W. Chan Kim, Renée Mauborgne
MLU676407702	encargo	no	Historias De Amor, Reales Transgeneracionales Vol 3 / Suimei	Suimei Chung Bustos
MLU676407704	encargo	no	Libro - Es Navidad, Stilton	Stilton, Gerónimo
MLU676412588	encargo	no	Ayudarse A Si Mismo, De Lucien Auguer. Editorial Sal Terrae En Español	LUCIEN AUGER
MLU676484888	encargo	no	Pack Tres Libros Joana Marcús	Joana Marcús
MLU676573492	disponible	si	El Kama Sutra Gay Del Siglo Xxi	GABRIEL J. MARTIN , SEBAS MARTIN
MLU676586478	encargo	no	Terapia Basada Procesos (tbp) Cognitivo Conductual Hayes	Stefan G. Hofmann, Steven C. Hayes
MLU676643878	encargo	no	Libro El Punto	Reynolds, Peter H.
MLU676656912	encargo	no	Cómo Ganar Amigos E Influir Sobre Las Personas - Carnegie	Dale Carnegie
MLU676681210	encargo	no	Thomas - Korky | Winnie Y Wilbur. La Casa Embrujada	VALERIE THOMAS
MLU676694212	encargo	no	Alguien Voló Sobre El Nido Del Cucu - Kesey, Ken / Anagrama	Kesey, Ken
MLU676695976	encargo	no	Open World B2 First Students Without Answers Cambridge	Cosgrove, Anthony
MLU676695978	encargo	no	Indomable - Glennon Doyle - Libro	Doyle, Glennon
MLU676707134	disponible	si	Comer Consciente - Pablo Galiesi Y Gabriela Rodríguez Rey	Pablo Galiesi y Gabriela Rodríguez Rey
MLU676746270	disponible	si	Dbt Escuelas: Entrenamiento De Habilidades En Resolución....	Alec L. Miller, Elizabeth T. Dexter-Mazza, Heather E. Murphy, James J. Mazza, Jill H. Rathu
MLU676781518	disponible	si	Analaisis De La Conducta, De Raymundo Gonzalez-terrazas / Mauro Colombo. Editorial Tres Olas, Tapa Blanda En Español, 2023	Mauro Colombo y Raimundo Gonzalez
MLU676926900	encargo	no	Guía Del Prescriptor Psicofarmacología  7ta. Ed	Stephen Stahl
MLU676972932	encargo	no	Dados Astrológicos, De Holistic Zaza. Editorial Guy Trédaniel En Español	Holistic Zaza
MLU677032064	encargo	no	Ready For Ielts (2nd.edition) - Student's Pack With Key	McCarter Sam
MLU677123110	encargo	no	Libro - El Cementerio - Ed Warren, Lorraine Warren	WARREN, ED
MLU677148432	encargo	no	Expert Advanced 3rd Edition Coursebook With Audio	Bell, Jan
MLU677197702	encargo	no	Peppa Pig. Peppa Va Al Dentista	Beascoa
MLU677262718	disponible	si	Mi Árbol De Los Secretos - Olivier Ka	Olivier Ka
MLU677301638	encargo	no	Estimulación Cognitiva Y De Funciones Ejecutivas En Bebés	MERCEDES CACERES CHAVEZ
MLU677318548	disponible	si	Mi Árbol De Los Secretos	KA, OLIVER
MLU677461964	encargo	no	El Dibujo De La Figura Humana En Todo Su Valor - Loomis	Andrew Loomis
MLU677516484	encargo	no	Vamos Al Dentista, De Gummer, Dra.amanda. Editorial Picarona, Tapa Dura En Español	Gummer, Dra.Amanda
MLU677516792	encargo	no	La Alianza Bartolomé Carlos Minetti	Minetti, Bartolomé Carlos
MLU677539934	encargo	no	Cómo Está El Clima!, De Vários Es. Editorial Parramon, Tapa Tapa Dura En Español	Varios autores
MLU677542524	encargo	no	Frutas (coleccion Mi Libro De Olores Y Colores) (cartone)	Mr. Iwi
MLU677593230	disponible	si	Libro El Caballo De Miura	, García Palma, Guillermo
MLU677605962	disponible	no	Nora Y Nico Van Al Dentista - Ainara Calvo	AINARA CALVO LLORENTE
MLU677606140	encargo	no	Vamos Al Dentista - Gummer Amanda	DRA.AMANDA GUMMER
MLU677606226	encargo	no	Las Frutas - Mi Libro De Olores Y Colores - Auzou	Los editores de Auzou
MLU677606370	disponible	si	El Caballo De Miura Guillermo García Palma	, García Palma, Guillermo
MLU677639784	encargo	no	La Alianza: Adiestramiento Del Caballo Basado En La Confianz	BARTOLOME CARLOS MINETTI
MLU677997343	disponible	si	Obesidad Virginia Busnelli Guía Médica Para Bajar De Peso	Virginia Busnelli
MLU678005216	encargo	no	Nueva Gramatica Lengua Española Manual	Real Academia de la Lengua Española
MLU678018066	encargo	no	Cie Complete Igcse Core Mathematics 5th Ed	Rayner
MLU678030828	encargo	no	Como Sanar Su Vida: Lecciones En El Camino De Ayurveda	Dr Marc Halpern
MLU678056435	encargo	no	Saludablemente	Marcos Vázquez
MLU678056972	disponible	no	El Tao Del Amor Y El Sexo Jolan Chang	JOLAN CHANG
MLU678059115	encargo	no	Bhaktivedanta Swami Prabhupada Bhagavad-gt Edición Bolsill	A.C. Bhaktivedanta Swami Prabhupada
MLU678059905	encargo	no	Libro No Te Creas Todo Lo Que Piensas - Joseph Nguyen, De Joseph Nguyen. Editorial Aguilar, Tapa Blanda ( 2025)	Joseph Nguyen
MLU678060612	encargo	no	Nueva Gramatica Lengua Espaaola Manual - Real Academia De...	Real Academia Española
MLU678061649	encargo	no	Audiocuento Granja De Zenón + Figura El Pollito Lito	El Reino Infantil
MLU678062153	encargo	no	Sonidos De Animales Para Bebés	Little Tiger Press
MLU678062203	encargo	no	María Desconocida Madre Judía A Virgen	James D. Tabor
MLU678070124	disponible	si	Llega El Otoño - Lopez Garzon, Gloria	GLORIA LOPEZ GARZON
MLU678111034	encargo	no	Como Sanar Su Vida, De Dr Marc Halpern. Editorial Createspace Independent Publishing Platform, Tapa Blanda En Español	Dr Marc Halpern
MLU678111878	encargo	no	Taylor Swift The Tortured Poets Department Vinyl Estándar	
MLU678136962	encargo	no	Libro Mi Amor	Desbordes, Astrid
MLU678692520	encargo	no	La Lógica Del Caballo Lucy Rees	Lucy Rees
MLU678718506	encargo	no	El Caballero De Los Siete Reinos Martin	Martin
MLU678771386	disponible	si	No Soy Yo De Anabel González Tapa Blanda	González, Anabel
MLU678772316	encargo	no	13 Cosas Que Los Padres Mentalmente Fuertes No Hacen - Morin	Amy Morin
MLU678784416	encargo	no	La Lógica Del Caballo, De Lucy Rees. Editorial Grupo Lettera, S.l., Tapa Blanda En Español	Lucy Rees
MLU678794560	encargo	no	Quijote Clasico Palabras Cruzadas Nro 909	Quijote Clasico
MLU678798304	disponible	si	Diario De Ghostgirl Invisible Tonya Hurley	Tonya Hurley
MLU678811148	encargo	no	La Doma Vaquera Actual Juan Llamas	Juan Llamas
MLU678823296	encargo	no	Libro Un Mundo Inmenso - Aa. Vv	VV. AA.
MLU678842382	encargo	no	Quijote Clasico Palabras Cruzadas Nro 917	Quijote Palabras Cruzadas
MLU678850256	encargo	no	Diario De Sor Fasutina, De La Divina Misericordia	Santa María Faustina Kowalska
MLU679310222	encargo	no	Mariposas. Cuando Las Familias Cambian	Marta Prada
MLU679606082	encargo	no	El Conflicto No Es Abuso Sarah Schulman	Sarah Schulman
MLU679607330	disponible	si	Anastasia - Vladimir Nikolaevich Megre (paperback)	Vladimir Nikolaevich Megre
MLU679612916	encargo	no	Una Amiga Muy Especial Cloe Y Su Unicornio Dana Simpson	Dana S
MLU679638396	disponible	si	Nada Te Turbe, De Vários Autores. San Pablo, Editorial, Tapa Blanda En Español	Varios autores
MLU679638522	encargo	no	La Maldicion Del Amor Verdadero Stephanie Garber	Stephanie Garber
MLU679644846	encargo	no	Libro Liderar Desde Lo Femenino - Tatiana Camps - Urano	Tatiana Camps
MLU679647244	encargo	no	Cuando No Queden Mas Estrellas Que Contar Martinez Maria	Martínez, María
MLU679651530	encargo	no	Disneyland, De Aa.vv.. Editorial Hachette, Tapa Dura En Español	VV. AA.
MLU679657860	disponible	si	Sobreviviendo A Una Psicopata Ojala Nunca Hubiera.., De Simón, Ramiro. Editorial Ramiro Simon En Español	Simón, Ramiro
MLU679658240	disponible	si	Anastasia Vladimir Nikolaevich Megre	Nikolaevich Megre
MLU679664188	encargo	no	Piel Con Piel Irene Mala	IRENE MALA
MLU679670652	encargo	no	Libro La Accion Colectiva Javier Garcia Moritan	Javier García Moritán
MLU679673230	disponible	si	Una Visita Inesperada En Mi Familia: Cáncer Infantil	Monica Fraca Villar
MLU679683534	encargo	no	Liderar Desde Lo Femenino Tatiana Camps	Tatiana Camps
MLU679686270	disponible	no	Mi Papá No Sabe Decir  Te Quiero  Infantil Familia	Luciano Lozano Raya
MLU679690432	encargo	no	Prisioneros De La Geografía Tim Marshall	Tim Marshall
MLU679709570	encargo	no	Practice tests plus 2015 first students  book withou	Practice test
MLU679721198	encargo	no	Disneyland, 50 Ilustraciones En El Corazón Del Parque Vv.aa.	VV. AA.
MLU679745034	encargo	no	El Método Clínico En La Perspectiva Analítica - Lombardi	Gabriel Lombardi
MLU679816938	encargo	no	Hija - Andres Almada, Ariel	Andrés Almada, Ariel
MLU679830066	encargo	no	Libro - Cloe Y Su Unicornio 1-una Amiga Muy Espe	Simpson, Dana
MLU679856036	disponible	si	Género Negro, El. ( Giardinelli, Mempo )	Mempo Giardinelli
MLU679894824	encargo	no	La Clave De La Enseñanza De Cristo José Luis Parise	José Luis Parise
MLU679895202	encargo	no	Gramatica Uso Del Español C1-c2 Teoria Y Practica	Ramon : Aragones Fer Palencia Del Burgo, Ramon : Aragones Fer Palencia Del Burgo
MLU679906244	encargo	no	Los Cuatro Altares Alonso Del Río El Libro De La Liberación	del Río, Alonso
MLU679908306	encargo	no	Libro Prisioneros De La Geografã­a	Marshall, Tim
MLU679933866	encargo	no	Libro Los Cuatro Altares	del Río, Alonso
MLU679976836	disponible	si	Volver A Casa - Mariana Jacobs Acompañar Final Vida	Mariana Jacobs
MLU680002550	disponible	si	Libro Volver A Casa, De Mariana Jacobs. Editorial Vergara, Tapa Blanda (2022)	Mariana Jacobs
MLU680052276	encargo	no	Libro Lo Bello Y Lo Siniestro - Eugenio Trias - En Español	Eugenio Trias, Eugenio Trias
MLU680065202	encargo	no	Libro Carta De Mamá - Raquel Díaz Reguera - Tapa Dura	Raquel Diaz Reguera
MLU680114114	disponible	si	Libro Manual De Logopedia Escolar	GALLEGO ORTEGA, JOSE LUIS
MLU680117438	encargo	no	Ensayos De Warren Buffett,los - Buffett, Warren	Buffett, Warren
MLU680130332	encargo	no	Libro: Los Ensayos De Warren Buffett  - Lawrence Cunningham	Lawrence Cunningham
MLU680137676	disponible	si	Libro Due Diligence Para Abogados Y Contadores	Rodolfo G. Papa
MLU680176182	disponible	si	Travel. La Vuelta Al Mundo En 1000 Preguntas - Aa. Vv	VV. AA.
MLU680240878	disponible	si	Travel. La Vuelta Al Mundo En 1000 Preguntas - Aa. Vv	VV. AA.
MLU680514070	encargo	no	Libro Carta De Mamá, De Raquel Diaz Reguera. Editorial Nubeocho, Tapa Dura, Edición 1 En Español, 2023	Díaz Reguera, Raquel
MLU680540116	encargo	no	Canteros, De Billoch, Clara. Editorial Catapulta, Tapa Blanda En Español, 2019	Billoch, Clara
MLU680590656	encargo	no	Libro De La Tierra Al Universo	DAVID GALADI
MLU680636368	encargo	no	Profecias De Nostradamus (t) (hum)	NOSTRADAMUS MICHEL
MLU680652292	disponible	si	Mucho Más Que Parir En Casa - Voces De Mujeres Empoderadas	
MLU680661658	disponible	si	Libro Manual Practico De Logopedia., De Monroy, Raquel. Editorial Psylicom Ediciones, Tapa Blanda	MONROY, RAQUEL
MLU680670144	disponible	si	Libro: Sobrevivir A Una Madre Narcisista	Olga Fernandez Txasko
MLU680670268	disponible	no	Diario De Un Inocente, Carrascosa - Belsunce Carmel Crimen	Carrascosa, Carlos
MLU680674636	disponible	si	Bestiario De Catedrales - Mundo Antiguo Al Medievo Cristiano	Agudo Villanueva, Mario
MLU680674638	disponible	si	El Bestiario De Las Catedrales, De Mario Agudo Villanueva. Editorial Almuzara, Tapa Blanda En Español	Agudo Villanueva, Mario
MLU680689948	encargo	no	Taylor-verso La Vida De Taylor Swift A Través De Sus Letras	
MLU680694942	encargo	no	Diario De Una Ruptura - Silvia Congost	Silvia Congost
MLU680695864	encargo	no	Libro : 300 Preguntas En 300 Palabras Mitos Y Realidades...	Gabriel Ben-tasgal
MLU680699260	encargo	no	Nietos Cuentan Cómo Fue - Dictadura Desaparecidos Identidad	Analía Argento
MLU680701326	encargo	no	Profecias De Nostradamus - Tapa Dura Aterciopelada	NOSTRADAMUS MICHEL
MLU680708176	encargo	no	Libro Perderte Para Encontrarme De Clapés Esmipsicologa Eliz	Clapés esmipsicologa Elizabeth
MLU680709454	disponible	si	Cuaderno De Dislexia Y Lectoescritura - Los Sonidos - Prieto	Juan José Izquierdo Prieto
MLU680721312	disponible	si	Las Manos De Mi Padre - Deok-kyu Choi	DEOK-KYU CHOI
MLU680721856	encargo	no	Libro : 300 Preguntas En 300 Palabras Mitos Y Realidades...	Gabriel Ben-tasgal
MLU680733566	encargo	no	El Programador Pragmático Edición Especial David Thomas	Thomas, David
MLU680746592	encargo	no	El Padre De Las Almas Oscuras: Hidetaka Miyazaki	Hidetaka Miyazaki
MLU680748298	disponible	no	Diario De Un Inocente - Carlos Carrascosa - Un Amor Una Caus	Carrascosa, Carlos
MLU680758456	encargo	no	¿padres O Pareja?: La Oportunidad De Crecimiento Al Transformarse En Familia, De Mauricio José Strugo. Editorial Independiente En Español, 2017	Mauricio José Strugo
MLU680773122	encargo	no	Libro: La Hospitalidad Jacques Derrida	Jacques Derrida
MLU680786000	disponible	si	Cuaderno De Estimulación Cognitiva - 6 A 8 Años - Escolar	Juan Carlos Ruiz Arroyo
MLU680787510	disponible	si	Manual Práctico De Logopedia, Raquel Monroy - Fonoaudiología	MONROY, RAQUEL
MLU680838034	encargo	no	La Hospitalidad, De Derrida, Jacques., Vol. 1. Editorial De La Flor, Tapa Blanda En Español	Derrida, Jacques
MLU680841720	disponible	si	Libro: Los Rostros De La Injusticia Sklar - Justicia Teoria	Shklar, Judith
MLU680868642	encargo	no	Individuals And Societies For The Ib Myp 2 Kel Ediciones	GRACE, Paul
MLU680881250	disponible	no	Libro Nacer Importa, De Ina May Gaskin. Editorial Ediciones La Llave, Tapa Blanda	Ina May Gaskin
MLU680903034	encargo	no	El Programador Pragmatico Edicion Especial, De Thomas, David. Editorial Anaya Multimedia, Tapa Blanda En Español, 2022	Thomas, David
MLU680906546	encargo	no	Libro Familias Y Terapia Familiar, De Minuchin, Salvador. Editorial Gedisa (2009)	Minuchin, Salvador
MLU680919666	encargo	no	La Crisis Del Parto - Sheila Kitzinger - Ob Stare	SHEILA KITZINGER
MLU680933398	encargo	no	Individuals And Societies For The Ib Myp 2 By Concept	GRACE, Paul
MLU680955456	encargo	no	Yo No Renuncio, De Laura Baena Fernandez. Editorial Lunwerg, Tapa Blanda En Español, 2022	LAURA BAENA FERNANDEZ
MLU680986572	disponible	si	Libro: Las Abandonadoras, Begoña Gómez Urzaiz	Urzaiz, Begoña Gómez
MLU680999544	encargo	no	Libro: Maternar Consciente - Entiende Tus Emociones	Ester Lopez Turrillo
MLU681000556	encargo	no	En El Camino De La Simbolización, Producción Sujeto Psíquico	Myrta Casas de Pereda
MLU681038012	disponible	no	También Soy Su Mamá, Experiencias De Madres Lbt+, Diversidad	Varios autores
MLU681090710	disponible	si	Libro Las Abandonadoras - Begoã¿a Gomez Urzaiz	Urzaiz, Begoña Gómez
MLU681162744	disponible	no	Mi Parto Robado, Alkorta - Violencia Obstétrica Obstetricia	Nahia Alkorta
MLU681209750	encargo	no	Libro: Beyond The Wand, Tom Felton	Felton, Tom
MLU681339970	encargo	no	Compass Level 4 Language Log	THACKER, Claire & ANDERSON, Dale
MLU681365618	disponible	si	Moverse Sin Dolor, De Julien Lepròtre. Editorial Javier Vergara Editor S.a., Tapa Blanda En Español	JULIEN LEPRÒTRE
MLU681391864	encargo	no	Códigos De Activación Pleyadianos, De Ángels Membrive Vilás. Editorial Ediciones Amatista En Español	ANGELS MEMBRIVE VILAS
MLU681417338	encargo	no	Compass 4 - Language Log Kel Ediciones	THACKER, Claire & ANDERSON, Dale
MLU681430476	encargo	no	Libro : El Maestro De Las Emociones: Jesus, El Mayor Espe...	Augusto Cury
MLU681466268	encargo	no	Maestro De Las Emociones - Augusto Cury - Jesús Sentimientos	Augusto Cury
MLU681514168	encargo	no	Libro Analisis E Interpretacion De Estados Contables De Igna	Ignacio Kakazu
MLU681516036	encargo	no	El Regreso Al Pais De Las Sombras Largas - Hans Ruesch	Hans Ruesch
MLU681527332	disponible	no	Cristina Fernandez - Di Marco, Laura	Di Marco Laura
MLU681540236	disponible	si	En Carne Viva: Mi Viaje  Wu-tang Clan Lamont U God Hawkins	Lamont "U-God" Hawkins
MLU681566220	disponible	si	En Carne Viva Mi Viaje Con El Wu-tang Clan, De Lamont U-god Hawkins. Editorial Sextopiso, Edición 1 En Español	Lamont "U-God" Hawkins
MLU681580736	encargo	no	Libro De San Cipriano, De Sufurino, Jonas, Tapa Blanda	Sufurino, Jonas
MLU681640416	encargo	no	El Estilo Virgin - Branson, Richard	Branson, Richard
MLU681816946	disponible	si	Arteterapia Y Resiliencia - Tecnicas Y Talleres Todas Edades	María Cecilia López
MLU681817136	disponible	si	Arteterapia- Mujeres - M4 Editora	M4 Editora
MLU681822682	disponible	no	Pequeño Libro Que Aun Vence Al Mercado,el - Greenblatt,j...	Greenblatt, Joel
MLU681829886	disponible	si	Arteterapia Y Resiliencia - Lopez	Lopez, Maria Cecilia
MLU681835658	disponible	si	Libro: Teoría Completa De La Música, Vol. 2	Dionisio de Pedro
MLU681840474	disponible	no	Libro La Globalización China - Rios, Xulio	RIOS, XULIO
MLU681848668	disponible	no	El Pequeño Libro Que Aún Vence Al Mercado Greenblatt, Joel	Greenblatt, Joel
MLU681853702	encargo	no	Libro: Manual Para Mecánicos Nico De Los Motores	Nico De Los Motores
MLU681869186	encargo	no	Libro Stahl Guía Del Prescriptor 7 Edicion Tapa Blanda	Stephen Stahl
MLU681879720	encargo	no	Libro: El Mundo Azul. Ama Tu Caos, De Espinosa, Albert.	Espinosa, Albert
MLU681881906	encargo	no	Colon Irritable: Cómo Curar Las Intolerancias Alimentarias	Schweigler, Dirk
MLU681882168	encargo	no	Tener O Ser - Erich Fromm - Fce - Libro	Erich Fromm
MLU681887584	encargo	no	Libro Los Buddenbrook - Thomas Mann	Mann, Thomas
MLU681892486	disponible	no	La Globalización China - La Franja Y La Ruta - Xulio Rios	RIOS, XULIO
MLU681900612	encargo	no	Libro: Los Buddenbrook - Thomas Mann	Thomas Mann
MLU681905704	encargo	no	El Mundo Azul. Ama Tu Caos, De Espinosa, Albert. Editorial Grijalbo, Tapa Blanda En Español	Espinosa, Albert
MLU681907834	encargo	no	Colon Irritable: Cómo Curar Las Intolerancias Alimentarias	Dirk Schweigler
MLU681908128	disponible	si	Libro: Arteterapia - Mujeres - M4 Editora	M4 Editora
MLU681913500	encargo	no	Generación De Modelos De Negocio  Visionarios Osterwalder	Osterwalder, Alexan
MLU681921458	encargo	no	Argentina 2024-2027 Desafío Económico -juan Carlos De Pablo	Juan Carlos de Pablo
MLU681926804	encargo	no	Generación De Modelos De Negocio, De Osterwalder, Alexander. Editorial Deusto, Tapa Blanda En Español	Osterwalder, Alexander
MLU681933840	encargo	no	La Facilitación Como Práctica Directiva - Bernardo Blejmar	Bernardo Blejmar
MLU681939028	disponible	si	Libro: Nuevos Cuadernos De Teoria - 1° Grado Elemental	IBAÑEZ - CURSA
MLU681939116	disponible	si	Soy Una Superniña -autoestima Infantil - Somos Superpersonas	CRISTINA OLEBY
MLU682013352	encargo	no	Era Del Capitalismo De La Vigilancia,la - Shoshana Zuboff	Zuboff, Shoshana
MLU682026444	encargo	no	El Estilo Virgin - Richard Branson	Branson, Richard
MLU682065320	disponible	si	Primero Dormir, Despues Soñar, De Sanchez Nestor. Editorial Grijalbo, Tapa Blanda En Español, 2023	Sánchez, Néstor
MLU682113510	disponible	no	Libro: La Semilla Del Abuelo - Mariana Aguirre - Nietos	Mariana Aguirre
MLU682126550	disponible	si	Los Despistes Del Abuelo Pedro	Zafrilla, Marta
MLU682139314	disponible	si	Mi Abuelo Y Yo - Nuria Parera / Almudena Suarez	Nuria Parera / Almudena Suarez
MLU682149328	disponible	si	Este Libro Es De Mi Abuelo	Copons, Jaume
MLU682152576	disponible	si	Libro: Los Despistes Del Abuelo Pedro - Marta Zafrilla	Zafrilla, Marta
MLU682152656	encargo	no	Libro: Abuelos - Ariel Andres Almada	Ariel Andrés Almada
MLU682192848	encargo	no	El Abuelo Ya No Esta	RAQUEL DIEZ, TAMARA DURAN
MLU682201196	disponible	si	Libro Mi Abuelo Es Una Estrella	Azcona, Sacha
MLU682206746	encargo	no	Querido Abuelo, Entre Tu Y Yo, De Vv. Aa.. Editorial Cuentame Tu Vida, Tapa Blanda En Español, 2018	VV. AA.
MLU682214296	disponible	si	Libro: Presentaciones Anatómicas En Cirugia Vascular	WIND VALENTINE  3 ed
MLU682217322	disponible	si	Libro: Mi Abuelo Y Yo - Nuria Parera - Abuelos Nietos Regalo	Nuria Parera / Almudena Suarez
MLU682219350	disponible	no	Libro: El Abuelo, Ramón Bassa - Infantil (7-9 Años)	Ramon Bassa
MLU682230716	encargo	no	Abuelos - Ariel Andres Almada	Ariel Andrés Almada
MLU682242408	disponible	si	El Abuelo Ya No Está, De Castanyer Mora, Gemma. Excellence Editorial, Tapa Dura En Español	Castanyer Mora, Gemma
MLU682256160	disponible	si	Todo Lo Que Aprendi De Ti, Abuela - Abuelos -lucia Gutierrez	Lucía Gutierrez
MLU682285278	encargo	no	Ejercicios Para La Recuperación De La Dislexia 4, De Berdejo Benedi, Bach Alemany., Vol. 4. Editorial Lebón, Tapa Blanda En Español, 2020	Berdejo Benedi, Bach Alemany
MLU682501354	encargo	no	Potencia De La Dulzura, De Dufourmantelle, Anne. Editorial Nocturna Ediciones, Tapa Blanda En Español, 2021	Dufourmantelle, Anne
MLU682514260	encargo	no	Locura Lo Cura - Guillermo Borja	BORJA GUILLERMO
MLU682540298	encargo	no	Libro: Locura Lo Cura - Guillermo Borja - Vilaseca	BORJA GUILLERMO
MLU682553118	encargo	no	Potencia De La Dulzura Dufourmantelle, Anne	Dufourmantelle, Anne
MLU682644715	disponible	si	¿quien Es El Hombre?: Las Conferencias En El Raymond Fred We	ABRAHAM J. HESCHEL
MLU682760320	encargo	no	Huye Rápido, Vete Lejos Vargas, Fred	Vargas, Fred
MLU682769442	encargo	no	La Busqueda Del Asesino Robin Hobb	Robin Hobb
MLU682769480	encargo	no	Comer, Rezar, Amar - Gilbert, Elizabeth	Gilbert, Elizabeth
MLU682769634	disponible	si	Sanadores, Parteras, Curanderos Y Médicas Artes De Curar	Diego Armus
MLU682808188	encargo	no	Los Días De La Luz Fertilidad Asistida Sofia Enz Fiv	Sofía Enz
MLU682821228	encargo	no	Libro Los Dias De La Luz, De Sofía Enz. Editorial Abrazandocuentos, Tapa Blanda ( 2022)	Sofía Enz
MLU682821352	encargo	no	Los Dialogos Interiores - Norberto Levy	Norberto Levy
MLU682821398	encargo	no	Comer, Rezar, Amar Por Elizabeth Gilbert	Gilbert, Elizabeth
MLU682837886	encargo	no	Huye Rapido, Vete Lejos - Fred Vargas	Vargas, Fred
MLU682891854	encargo	no	Busqueda Del Asesino,la Dbbs - Hobb,robin	Hobb, Robin
MLU682895332	disponible	si	Juli No Puede Escapar Libro + Muñeco Nena + Stickers - Bonor	Bonora, Virginia
MLU682908362	encargo	no	El Libro Negro De La Nueva Izquierda - Marquez - Laje	Agustín Laje
MLU682944742	encargo	no	En Carne Viva - Susana Toporosi	Susana Toporosi
MLU682946948	encargo	no	Libro Elementos De Micro Y Macroeconomia Mochon - Beker	Mochon Morcillo, Francisco
MLU682958114	encargo	no	Libro: El Laboratorio Interior -stella Maris Maruso	Stella Maris Maruso
MLU682973060	encargo	no	Libro Neurociencia 5° Ed Purves Augustine Fitzpatrick Hall	dale purves
MLU682973314	encargo	no	Libro Negro De La Nueva Izquierda	Marquez Nicolas
MLU682973386	disponible	si	Libro Juli No Puede Escapar - Autoestima Infantil - Muñeco	Bonora, Virginia
MLU683076722	disponible	no	¿a Que Jugamos Abuel@?	Alba Caraballo Folgado
MLU683076726	encargo	no	Don Quijote De La Mancha Edicion Conmemorativa Iv Centenario	Miguel de Cervantes Saavedra
MLU683076860	encargo	no	El Protocolo Wahls - Terry Wahls	Wahls, Terry
MLU683077624	encargo	no	Libro Las Guerras Medicas - Jara, Javier	JARA, JAVIER
MLU683128628	encargo	no	El Protocolo Wahls Esclerosis Multiple Paleo  Funcional	Terry Wahls
MLU683142048	disponible	si	Mr. Robot German Aleman	Sam Esmail y Courtney Looney
MLU683142218	encargo	no	Expert Proficiency - Student´s Resource Book - Pearson	Pearson
MLU683142752	disponible	no	Tengo Una Abuela Abuelos Nietos Nietas	Antonia Rodenas y Paula Alenda
MLU683155062	encargo	no	Expert Proficiency - Student´s Resource Book - Pearson	Pearson
MLU683168230	encargo	no	Las Guerras Médicas: Grecia Frente A La Invasión Persa	JARA, JAVIER
MLU683193096	encargo	no	Don Quijote De La Mancha Ed. Conmemorativa Rae Iv Centenario	Miguel de Cervantes Saavedra
MLU683194404	encargo	no	Querida Abuela, Entre Tu Y Yo Cuentame Lahistoria De Tu Vida	Redling, Kim
MLU683204352	encargo	no	Mi Primera Librería - Frozen 12 Bonitos Libros De Cartón	Frozen
MLU683204378	encargo	no	Abuela, Háblame De Ti	MONICA KOPRIVOVA
MLU683238258	encargo	no	Libro: Marcas En El Camino, Dag Hammarskjold, Trotta	Dag Hammarskjold
MLU683276966	encargo	no	Practica De La Atencion Plena En Nuestra Vida Cotidiana	Gunaratana, Bhante Henepola
MLU683290558	encargo	no	Marcas En El Camino, Dag Hammarskjold, Trotta	Dag Hammarskjold
MLU683303122	encargo	no	Practica Atencion Plena Vida Cotidiana Senda Buda Bhante	Gunaratana, Bhante Henepola
MLU683316222	encargo	no	Despertar Una Guia Espiritualidad Sin Religion - Sam Harris	Harris, Sam
MLU683378128	encargo	no	El Origen De Las Palabras Ricardo Soca	SOCA, RICARDO
MLU683583486	encargo	no	Aventura Dialógica En La Infancia Myrtha Chokler (ec)	Myrtha Chokler
MLU683751508	disponible	si	Metodo Grez - Los Mitos Me Tienen Gordo Enfermo	Pedro J Grez
MLU683751510	disponible	si	Metodo Grez - Los Mitos Me Tienen Gordo Y Enfermo	Pedro J Grez
MLU683828240	encargo	no	Martes Con Mi Viejo Profesor, De Albom, Mitch. Editorial Maeva Ediciones, Tapa Blanda En Español	Albom, Mitch
MLU683841530	encargo	no	Mi Vida Despues De Tu Vida - Patricia Monica Quinzi	PATRICIA MONICA QUINZI
MLU684115561	disponible	no	Cuadernito De Escritura Divertida, Volumen 2, De El Hematocrítico. Editorial Blackie Little, Tapa Blanda En Español, 2018	El Hematocrítico
MLU684123553	disponible	si	Secuencias Didacticas Para Plurigrado	Adrian Galfrascoli / Silvia Veglia
MLU684143542	encargo	no	Libro: El Clan Del Oso Cavernario - Jean M. Auel	Jean M. Auel
MLU684204682	encargo	no	Advanced Trainer Six Practice Tests With Answers With Audio	O DELL, Felicity
MLU684204782	disponible	si	Experiencias De Tiresias, De Nicole Loraux. Editorial Biblos, Tapa Blanda En Español	Nicole Loraux
MLU684204970	encargo	no	Cómo Acompañar A Morir - Vidal Egea, Ana	Vidal Egea, Ana
MLU684230948	encargo	no	Como Acompañar A Morir - Doulas Final La Vida Y Cuidadores	Vidal Egea, Ana
MLU684256650	encargo	no	Advanced Trainer With Key & Audio Cds 2nd Edition Kel Edic	O DELL, Felicity
MLU684321762	disponible	si	Las Experiencias De Tiresias Lo Femenino Y El Hombre Griego	Nicole Loraux
MLU684348034	encargo	no	Manual De Publicaciones Apa 4 Ed 2021	American Psychological Association
MLU684348390	encargo	no	Estuche Auge Y Caida Del Tercer Reich	William L. Shirer
MLU684348420	encargo	no	Psicofarmacologia Practica  - Gabriela Jufe - 3era Edición	GABRIELA JUFE
MLU684361282	encargo	no	Libro Estuche Auge Y Caida Del Tercer Reich - William L	William L. Shirer
MLU684361366	encargo	no	Libro: El Furor Y El Delirio - Masetti, Jorge	Masetti, Jorge
MLU684382732	encargo	no	La Dieta Cetogénica Onarom, De Onarom. Editorial Independently Published, Tapa Blanda En Español	ONAROM
MLU684387332	encargo	no	Furor Y El Delirio - Masetti, Jorge	Masetti, Jorge
MLU684399876	encargo	no	Inteligencia Emocional 3 Edición Harvard Business Goleman	VV. AA.
MLU684413304	encargo	no	Libro Puertas De Fuego - Pressfield, Steven	Pressfield, Steven
MLU684413492	encargo	no	Winnie And Wilbur: Happy Birthday, Winnie / Con Detalles	VALERIE THOMAS
MLU684413554	disponible	no	Libro: Set Your Voice Free - Roger Love, Donna Frazier	Roger Love
MLU684426360	encargo	no	Psicofarmacologia Practica - Gabriela Jufe	GABRIELA JUFE
MLU684434026	disponible	si	Abecedario De Los Fonemas Elena Campo Martínez, De Elena Campo Martínez. Editorial Eos, Tapa Blanda En Español	Elena Campo Martínez
MLU684434660	encargo	no	Genocidio Y Resistencia: La Destrucción De Los Armenios Por El Imperio Otomano Y La Búsqueda De Justicia (1915-1923), De Juan Pablo Artinian. Editorial Eudeba En Español	Juan Pablo Artinian
MLU684446958	encargo	no	Silvio Y La Isla Del Oro (silvio 2), De Silvio Gamer. Editorial Montena En Español	Silvio Gamer
MLU684451990	disponible	si	Glosario De Terminos Gramaticales Rae	AUTOR
MLU684451992	encargo	no	Manual De Publicaciones American Phychological Association	American Psychological Association
MLU684452062	encargo	no	Cien Mil Millones De Poemas Homenaje A Raymond Queneau	Pilar Adón, Marta Agudo, etc
MLU684464940	disponible	si	Glosario De Terminos Gramaticales -	#N/A
MLU684465208	encargo	no	Libro: Las Puertas De Fuego - Steven Pressfield	Pressfield, Steven
MLU684465444	encargo	no	Winnie And Wilbur: Happy Birthday, Winnie / Valerie Thomas	VALERIE THOMAS
MLU684472734	encargo	no	Diccionariobiodescodificacion, De Vilanova Pujó. Editorial Independently Published En Español	Vilanova Pujó
MLU684473516	disponible	si	Dislexia En El Desarrollo Psiquico: Su Psicodinamica, De Eulalia Torras De Bea. Editorial Paidos Iberica, Edición 2002 En Español, 2002	Eulália Torras De Beá
MLU684482442	encargo	no	Una Guía Práctica A La Terapia De Aceptación Y Compromiso, De Steven C Hayes Kirk-strosahl. Editorial Aba Espana En Español	Steven C Hayes Kirk-Strosahl
MLU684647764	encargo	no	Primera Vez Que Le Pegué De Izquierda, La	Ibarrondo Garay, Imanol
MLU684660682	encargo	no	El Hilo Invisible	Varios
MLU684673712	encargo	no	Libro - Radiestesia Integral De Ricardo Luis Gerula	Ricardo Luis Gerula
MLU684686734	encargo	no	Paw Patrol Vehiculos De Rescate	Varios autores
MLU684686768	encargo	no	Cría Del Caballo De Sangre Pura De Carrera - Cesar D. Valle	Cesar D. Valle
MLU684699812	encargo	no	Los Códigos Energéticos - 7 Pasos - Sue Morter - Original	Morter, Sue
MLU684751054	encargo	no	Brazilian Jiu Jiutsu Libro Basico, De De Moraes Almir. Editorial Alas En Español	DE MORAES ALMIR
MLU684751286	encargo	no	Yo, Negacionista, De Fernando Lopez-mirones. Editorial Arcopress En Español	López-Mirones, Fernando
MLU684788934	disponible	si	La Arrogancia De La Biologia - Jasanoff, Sheila	Jasanoff, Sheila
MLU684788974	encargo	no	El Camino Hacia El Lean Startup. Eric Ries · Paidos	Eric Ries
MLU684797962	disponible	si	Mitos Sueños Y Misterios Mircea Eliade	Eliade, Mircea
MLU684798066	disponible	no	La Arrogancia De  Biología Sentido A La Vida?   Jasanoff	Jasanoff, Sheila
MLU684871650	encargo	no	Los Reyes Malditos 1 - El Rey De Hierro - Maurice Druon	Maurice Druon
MLU684871676	encargo	no	Libro La Bruja En Casa - Arin Murphy - Hiscock	Murphy-Hiscock, Arin
MLU684871708	encargo	no	El Camino Hacia El Lean Startup - Eric Ries	Eric Ries
MLU684931964	disponible	si	Todo Lo Que Ganamos, De Emilia Huelva. Editorial Montena En Español	EMILIA HUELVA
MLU684932114	encargo	no	Libro - Los Nietos Te Cuentano Fue - Argento / Zaffaroni Is, De Analia Argento / Mariana Zaffaroni Islas. Editorial Marea Editorial En Español	Argento Zaffaroni Islas Y Otros
MLU684932128	encargo	no	Purves Neurociencia 5º/2016 Nov Nue Envíos Todo País Mercpag	PURVES
MLU684984350	disponible	si	Becoleando Xi. Taller De Alteraciones Dislexicas Y Disgráficas 2, De Galve Manzano, José Luis. Editorial Giuntieos Psychometrics Sl. En Español	Galve Manzano, José Luis
MLU684997296	disponible	si	Libro: Nueva Teoría Completa De La Música. De Pedro, Dionisio	Dionisio de Pedro
MLU685010668	encargo	no	Patrones 417 - Diciembre 2020 - Avance Primavera	
MLU685036664	encargo	no	Libro Tormenta Cerebral - Daniel J. Siegel [ Original ]	Daniel J. Siegel
MLU685049054	encargo	no	Libro La Maldición Del Amor Verdadero - Stephanie Garber - Puck	Stephanie Garber
MLU685067742	encargo	no	Anne Of Green Gables Complete 8 Books Box Set	L M Montgomery
MLU685067744	encargo	no	Anne Of Green Gables - Complete 8 Book Box Set Kel Ediciones	"
MLU685130426	encargo	no	Beatles - Sgt Pepper's Lonely Hearts Club Band	
MLU685133500	encargo	no	Un Mundo Inmenso De Un Mundo Inmenso - Planeta	Un Mundo Inmenso
MLU685133584	encargo	no	Momo (edicion Ilustrada) Santillana Michael Ende	Michael Ende
MLU685183800	disponible	si	Curación Ayurveda: Guía Completa Vasant Lad	Lad, Vasant
MLU685183802	disponible	si	Libro - Curación Ayurveda - Lad, Vasant	Lad, Vasant
MLU685184012	encargo	no	Rodeados De Idiotas Los Cuatro Tipos De Personalidades	Thomas Erikson
MLU685208846	encargo	no	El Rulas 2: El Rulas Y La Copa Legendaria Animalize21	AMINALIZE21
MLU685211538	encargo	no	Un Mundo Inmenso Explicaciones Lugares Inexplicables	Un Mundo Inmenso
MLU685212792	encargo	no	El Tanaj En Español - Letra Grande - Mikrá - Un Tomo	OI DE
MLU685221244	encargo	no	Disco Vinil Sgt. Pepper's Lonely Heart (vinyl Estándar	
MLU685361632	encargo	no	En El Camino De La Simbolización: Producción Del Sujeto Psíquico, De Myrta Casas De Pereda., Vol. 1. Editorial Paidós, Tapa Blanda, Edición 1 En Español, 1999	Myrta Casas de Pereda
MLU685652324	encargo	no	Los Chicos Del Valle Philip Fracassi	PHILIP FRACASSI
MLU685652500	encargo	no	Peripecias En La Vida De Una Joven Esclava Harriet Jacobs	Harriet Jacobs
MLU685678506	encargo	no	Peripecias En La Vida De Una Joven Esclava, De Jacobs, Harriet. Editorial Jpm Ediciones, Tapa Blanda En Español	Harriet Jacobs
MLU685691280	encargo	no	Libro Los Chicos Del Valle, De Philip Fracassi. Editorial Dilatando Mentes Editorial, Tapa Blanda ( 2023)	PHILIP FRACASSI
MLU685704292	disponible	no	Contes Complets Beatrix Potter En Catalán	Beatrix Potter
MLU685755992	encargo	no	Papa, Cuentame... - Chandro, Juan Carlos	CHANDRO, Juan Carlos
MLU685819164	disponible	no	Taller De Otono  Blas Matamoro	Blas Matamoro
MLU685951752	encargo	no	Papá, Cuéntame De Ti, De Rocío Machuca García. Editorial Creative Journalbooks, Tapa Blanda En Español, 2023	Rocío Machuca García
MLU685977270	encargo	no	Biblico De Matthew Henry: Obra Completa Sin Abreviar - 13	Matthew Henry
MLU685989274	encargo	no	La Inmigración Española En El Uruguay Usado, De Ernesto Puiggros; María Del Carmen Medina Pintado; Uruguay R. Vega Castillos. Editorial Oea , Ipgh, Tapa Blanda En Español	Ernesto PUIGGROS; María del Carmen MEDINA PINTADO; Uruguay R. VEGA CASTILLOS
MLU685990450	encargo	no	Manifiesto Contrasexual Preciado Edición 20.º Aniversario	Paul B. Preciado
MLU685990522	disponible	si	Mala Sangre, De Giselle Krüger Familia Aterrador	Giselle Krüger
MLU686003622	encargo	no	Libertad Financiera José Montoya	MONTOYA, JOSE
MLU686003666	disponible	si	Mala Sangre, De Giselle Krüger. Editorial Plaza & Janes, Tapa Blanda En Español, 2023	Giselle Krüger
MLU686042682	encargo	no	Papa, Cuentame De Ti: 100 Preguntas Para Descubrir Dia Padre	Rocío Machuca García
MLU686068602	encargo	no	Como Lograr Tu Libertad Financiera - Montoya, Jose	MONTOYA, JOSE
MLU686068650	encargo	no	Manifiesto Contrasexual - Paul B Preciado - Anagrama Riv	Paul B. Preciado
MLU686240626	encargo	no	Fonzo Esta Furioso Terapia Para Control De La Ira	Gabriel Genise
MLU686279946	disponible	si	Papá Regalo Dia Padre El Regalo Ideal Para El Día Del Padre	RITXAR BACETE
MLU686283130	encargo	no	Libro: El Jinete De Bronce - Paullina Simons Urss Alemania	Simons, Paullina
MLU686298118	disponible	si	El Erotismo, De Francesco Alberoni. Editorial Círculo De Lectores, Tapa Dura En Español, 1990	FRANCESCO ALBERONI
MLU686307298	encargo	no	Clavicula De Salomon, De (sin Datos). Editorial Humanitas, Tapa Blanda En Español	Sin datos
MLU686311064	disponible	si	Las Células Malvadas Atacan A Mamá, De Olga Dueñas., Vol. 1. Editorial Tinta Mala, Tapa Blanda En Español, 2017	Olga Dueñas
MLU686311070	encargo	no	Comentario Bíblico Matthew Henry, De Henry, Matthew. Editorial Clie, Tapa Dura En Español	Henry, Matthew
MLU686326100	disponible	si	Mi Cofre De Artista. Mis Tarjetas Creativas Para Regalar	Auzou
MLU686350308	encargo	no	El Jinete De Bronce	Simons, Paullina
MLU686416786	encargo	no	De Nuevo Sale El Sol Sonsoles Rey Funes Donacion Organos	Sonsoles Rey
MLU686416942	encargo	no	El Enfoque Gestalt Y Testigos De Terapia	Fritz Perls
MLU686429776	disponible	si	Construir Los Vinculos Del Apego - Daniela A. Hughes	HUGHES,DANIEL A
MLU686429780	encargo	no	El Pozo Mas Profundo, De Burke Harris, Nadine. Editorial Editorial Eleftheria Sl, Tapa Blanda En Español	BURKE HARRIS, NADINE
MLU686429802	encargo	no	Polivagales Seguridad Conexion 50 Prácticas Cliente  Dana	DANA, DEB
MLU686429872	encargo	no	Cursiva Mayuscula  Leer Intensamente 2 Lecto Escritura	Varios autores
MLU686432062	encargo	no	Evaluar...enseñar...evaluar.. - Ana María Kaufman	Ana María Kaufman, Gallo Adriana, Locascio Maximiliano, Marguery Marcela, Ortega Noemí, Rodríguez María Elena, Wuthenau Celina
MLU686454205	encargo	no	Manual Para Sentir Las Energías (spanish Edition), De Swami Manuel. Editorial Publicación Independiente, Tapa Blanda En Español, 2017	SWAMI MANUEL
MLU686454245	encargo	no	Psicodrama Terapia De Accion Y Principios Practica Moreno	JACOBO LEVY MORENO
MLU686454463	encargo	no	Siqueiros Y Blanca Luz Brum Esteban Campos	Esteban Campos
MLU686454465	encargo	no	The Efficacy Of Oxytocin And Misoprostol In Pph	Garba Sadiq Uthman
MLU686456677	encargo	no	Con El Amor No Basta Beck Aaron	Aaron T. Beck
MLU686457011	encargo	no	No + Palidas: Cuatro Actitudes Para El Exito Enrique Baliño	Baliño, Enrique
MLU686467704	disponible	si	Malas Hijas Reparar Vínculo Madre Convertirte Adulta Libre	Sandra Sánchez
MLU686558262	encargo	no	Libro Sistemas De Familia Interna - Vv.aa.	VV. AA.
MLU686571068	encargo	no	Tratar Vergüenza Crónica Relacional Trauma Hemisferio Derech	Patricia A. DeYoung
MLU686610290	encargo	no	Las Paradojas De Los Estoicos Cicerón Estoicismo	Cicerón
MLU686687956	encargo	no	La Transformación Del  Trauma Para Supervivientes Terapeutas	Janina Fisher
MLU687123212	encargo	no	Cien Mil Millones De Poemas, De Pilar Adón, Marta Agudo, Etc. Editorial Demipage Services S.l, Tapa Dura En Español, 2023	Pilar Adón, Marta Agudo, etc
MLU687202860	encargo	no	¿qué Hace Un Psicoanalista?  Los Problemas Técnicos Bonoris	Bruno Bonoris
MLU687316224	encargo	no	Que Hace Un Psicoanalista? - Bruno Bonoris	Bruno Bonoris
MLU687350854	encargo	no	La Sabiduría De Los Lobos - Elli H. Radinger.	Radinger, Elli H.
MLU687364316	encargo	no	Papa Noel, De Vv.aa. Editorial Usborne,	VV. AA.
MLU687376626	encargo	no	Dinosaurios - Pasatiempos Con Pegatinas	VV. AA.
MLU687377294	encargo	no	Libro: Pasatiempos Con Pegatinas. Piratas	SUSANNA LEIGH
MLU687398420	disponible	si	Morador Daria Pietrzak Thriller Sobrenatural, Terror  Brujas	Pietrzak, Daria
MLU687403306	encargo	no	Libro: La Granja - Pasatiempos Con Pegatinas	Leigh, Susannah
MLU687416270	encargo	no	Libro La Granja - Pasatiempos Con Pegatinas, De Leigh, Susannah. Editorial Usborne (2016)	Leigh, Susannah
MLU687424414	encargo	no	Por El Bien Del Imperio - Josep Fontana	Josep Fontana
MLU687424552	disponible	si	Números Para Negocios Exitosos Grabovoi, Grigori	Gema Roman
MLU687429214	encargo	no	Pasatiempos Con Pegatinas. Piratas	SUSANNA LEIGH
MLU687429268	encargo	no	Papa Noel, De Vv.aa. Editorial Usborne, Tapa Blanda, Edición 1 En Español	VV. AA.
MLU687437322	disponible	no	Quiet: The Power Of Introverts In A World That Can't  Cain	Cain, Susan
MLU687437352	disponible	si	Libro: El Morador. Pietrzak, Daria. Dilatando Mentes Editori	Pietrzak, Daria
MLU687437426	encargo	no	Mis Primeros Trazos: La Jungla	AAVV
MLU687467608	encargo	no	Dinosaurios - Pasatiempos Con Pegatinas	VV. AA.
MLU687476034	encargo	no	A Trabajar! (outlet)	Pelagatos
MLU687510092	disponible	si	Numeros Para Negocios Exitosos : Grigori Grabovoi / Gema Rom	Gema Roman
MLU687510100	encargo	no	Ready To Die The Notorious Hardcore  Rap Hip Hop Gangster	
MLU687570326	encargo	no	Violencia De La Interpretacion,la 2ªed - Castoriadis Aul...	Castoriadis Aulagnier, Piera
MLU687596144	encargo	no	Junji Ito's Cat Diary: Yon & Mu	Junji Ito
MLU687641886	disponible	si	Amores Ideales, Rupturas Reales, De Raúl López. Editorial Roca Editorial, Tapa Blanda En Español, 2024	López Lastra, Raúl
MLU687668078	encargo	no	Ejercicios Para La Recuperación De La Dislexia: 8-9 Años, De María José Berdejo Benedí., Vol. 2. Editorial Lebón, Tapa Blanda En Español, 2019	Berdejo Benedi, María José
MLU687668122	encargo	no	Mi Granja Pega Pegatinas Stickers	Varios autores
MLU687668282	disponible	si	Libro: Madre, Entre El Sol Y La Noche - Stephane Servant	Stéphane Servant
MLU687686532	disponible	si	Competencias Parentales, De Rosa Ines. Editorial Cauquen, Tapa Blanda En Español	ROSA INES
MLU687743864	disponible	si	El Erotismo, De Francesco Alberoni. Editorial Gedisa, Tapa Blanda En Español, 1990	FRANCESCO ALBERONI
MLU687883600	disponible	si	Enciclopedia De Animales Prehistóricos  Era Del Hielo Y +	Rodríguez, Carmen
MLU687909604	disponible	si	Enciclopedia De Animales Prehistoricos - Rodriguez,carmen	Rodríguez, Carmen
MLU687948582	encargo	no	El Escondite De Los Compas 2 Perdidos En Biomas	El Trollino y Timba Vk Mikecrack
MLU688171480	disponible	no	Dominó - Figuras Y Colores   Educa España	
MLU688184598	disponible	no	El Mundo De Los Animales Puzzle Desarrrollo Crecimiento	
MLU688195626	encargo	no	Astrofisica Para Chicos Apurados   Degrasse Tyson Neil	Neil deGrasse Tyson / Gregory Mone
MLU688236488	disponible	no	¿qué Hora Es? Aprende La Hora 10 Rompecabezas De Colores	
MLU688236576	disponible	no	El Cofre De Los Juguetes Un Libro Jugar A Buscar Y Encontrar	ADELE MASSARD
MLU688260784	disponible	si	Testigos De La Vida Libro Los Mayores  Carlos Gonzalez	Carlos Gonzalez Valles
MLU688275016	disponible	si	Bebés Llorones Libro Mágico Mundo Del Fondo Mar  Cry Babies	IMC TOYS
MLU688286662	encargo	no	Astrofísica Para Chicos Apurados - Neil Degrasse Tyson	Neil deGrasse Tyson / Gregory Mone
MLU688311108	encargo	no	Libro La Teoría De La Bolsa De La Ficción - Ursula Le Guin	Úrsula Le Guin
MLU688312622	encargo	no	La Transformación Del Legado Vivo Del Trauma, De Janina Fisher. Editorial Editorial Eleftheria, Tapa Blanda En Español, 2023	Fisher, Janina
MLU688377922	encargo	no	Mis Primeros Trazos - La Jungla, De Aavv. Editorial Latinbooks, Tapa Blanda En Español, 2018	AAVV
MLU688508962	encargo	no	Comer Y Adelgazar Se Puede, Karlos Arguiñano, Bainet, De Karlos Arguiñano, Bainet. Editorial Bainet (c), Tapa Blanda En Español, 2014	ARGUIÑANO, KARLOS
MLU688533536	disponible	no	El Cofre De Los Juguetes, De Adele Massard. Editorial Ediciones Akal, Tapa Dura En Español, 2024	ADELE MASSARD
MLU688585530	disponible	si	Fito Páez Dialoga Con Violeta H. De Gainza, De Fito Páez. Puentes Hacia La Comunicación Músical Editorial Lumen, Tapa Blanda En Español, 2013	Fito Páez
MLU688989234	encargo	no	Cultivo Intensivo De Los Hongos Comestibles Edgardo Albertó	Edgardo Alberto
MLU688989388	disponible	no	Real O Imaginario, De Hittouch. Editorial Pastel De Luna, Tapa Blanda En Español	Hittouch
MLU689529636	encargo	no	Melanie Klein - Antar, Bidolsky Y Otros	Antar Bidolsky Y Otros
MLU689533326	encargo	no	Alpinismo Escalada  Cimas Madagascar Groenlandia Guinea	J. A. Pujante
MLU689538816	disponible	si	Casa Arbol Persona Evaluacion Psicologica Actualizacion Htp	Colombo
MLU689541566	encargo	no	Letramania 5 - Seguimos Escribiendo En Cursiva	GOMEZ CARRILLO, Sara Inés
MLU689546980	encargo	no	Mi Tierra Prometida - Shavit,ari	Shavit, Ari
MLU689559260	disponible	si	Oriente Medio Oriente Roto Ayestaran Judios Israel Palestina	Ayestaran, Mikel
MLU689560280	encargo	no	Mi Tierra Prometida Triunfo Y Tragedia De Israel  Ari Shavit	Shavit, Ari
MLU689584986	disponible	si	Oriente Medio Oriente Roto - Ayestaran,mikel	Ayestaran, Mikel
MLU689585728	disponible	si	Practicas Sintaxis Nº 2 La Oración Gramatical	Pedro Lumbreras García
MLU689606506	encargo	no	Letramania 4 - Jugamos Y Escribimos En Cursiva	Johnson, Sally
MLU689633474	encargo	no	Melanie Klein. Surgimiento Y Vigencia De Su Pensamiento	Antar Bidolsky Y Otros
MLU689642988	encargo	no	La Terapia Floral De Bach: Teoria Mechthild Scheffer	Scheffer, Mechthild
MLU689646398	encargo	no	El Tao Del Jeet Kune Do - Con Detalles	Lee, Bruce
MLU689652676	encargo	no	Letramania 4 - Jugamos Y Escribimos En Cursiva	Johnson, Sally
MLU689652818	encargo	no	Letramania 5 - Seguimos Escribiendo En Cursiva	GOMEZ CARRILLO, Sara Inés
MLU689655408	encargo	no	Libro Hardcore Maternity, De De La Rosa, Esther. Editorial Lumen, Tapa Dura (2018)	de la Rosa, Esther
MLU689659264	encargo	no	Gaps El Sindrome Psico Intestinal - Campbell Mcbride, Nat...	Campbell McBride, Natasha
MLU689900552	encargo	no	Mi Primera Librería - Frozen, De Frozen. Editorial Pi Kids En Español, 2022	Frozen
MLU690267454	encargo	no	Iosi - El Espía Arrepentido	Lewin, Miriam; Lutzky, Horacio
MLU690293292	encargo	no	Natacion Para Todos - Paidotribo	LAUGHLIN
MLU690319456	disponible	si	La Nobleza Negra - Génesis Del Imperio Veneciano Tomo 1	Jorge Guerra
MLU690319896	encargo	no	El Evangelio De María Myriam De Magdala  Leloup	Leloup, Jean-Yves
MLU690332286	disponible	no	Libro La Explosion, De Horacio Lutzky. Editorial Sudamericana, Tapa Blanda	Horacio Lutzky
MLU690460378	encargo	no	Crepusculo Decimo Aniversario Edicion Dual Vida Muerte Meyer	Meyer, Stephenie
MLU690498854	encargo	no	Propaganda - Edward Bernays  Manipulacion Conspiracion	Bernays, Edward L.
MLU690706632	disponible	si	Outlet : Como Construir Un Hermano Mayor	VAUGELADE , ANAIS
MLU690784754	disponible	no	Cuando Nuestra Casa Se Partio, De Marina Aguirre. Editorial Algar Editorial En Español	AGUIRRE, MARINA
MLU690823754	encargo	no	Lettera La Doma Vaquera Actual, De Llmas Juan. Editorial Lettera Editorial En Español	LLMAS JUAN
MLU690823756	encargo	no	Todas Las Lactancias Molan, De Saioa Baleztena., Vol. 1. Editorial Txalaparta, Tapa Blanda, Edición 1 En Español, 2024	Saioa Baleztena
MLU690869208	encargo	no	Libro Marxismo Desenmascarado - Ludwig Von Mises	Ludwig von Mises
MLU690959870	encargo	no	Marxismo Desenmascarado Mises Liberalismo	Ludwig von Mises
MLU690972906	encargo	no	Asi Es Mi Mama - Gabriela Burin	Burin, Gabriela
MLU691020334	encargo	no	Así Es Mi Mama - Gabriela Burin	Burin, Gabriela
MLU691020506	disponible	si	O Rei Da Terra Do Nunca - Vol. 1 Crowe, Nikki	Nikki St. CroweNikki St. Crowe
MLU691269740	disponible	si	Libro: Puentes Vol. 1 - Ingenieria Civil, Obras Publicas	Carlos Jurado Cabañes
MLU691630774	encargo	no	Elogio De La Lentitud, De Honore, Carl. Editorial Rba Bolsillo, 2014 En Español	Honore, Carl
MLU691665076	disponible	si	Distintas Miradas Alrededor De La Haptonomía, De Vincent Xambeu. Editorial Creavida En Español	VINCENT XAMBEU
MLU691700860	encargo	no	Gestar: El Creativo Origen De La Vida Humana, De Ibone Olza., Vol. 1. Editorial Vergara, Tapa Blanda En Español, 2024	Olza, Ibone
MLU692039920	encargo	no	Reckless Edición Especial Limitada Saga Powerless 2	Lauren Roberts
MLU692040518	encargo	no	Libro La Divina Geometría, De Buhigas Tallon, Jaime. Editorial Esfera De Los Libros, Tapa Blanda ( 2008)	Buhigas Tallon, Jaime
MLU692054608	encargo	no	Nina: Diario De Una Adolescente Adolescencia Guerrero	Agustina Guerrero
MLU692065674	encargo	no	Ciudad De Hueso Cazadores Sombras Edición Especial Limitada	Cassandra Clare
MLU692118266	encargo	no	Divina Geometria Viaje Iniciatico Geometria Sagrada Buhigas	Buhigas Tallon, Jaime
MLU692118358	disponible	si	Mikeltube 1. Mikeltube Y La Brujula Del Destino	Mikeltube
MLU692118624	encargo	no	Tú No Eres Tus Padres Libera Tu Corazón De Las Decisiones	Maria Beatrice Alonzi
MLU692118704	encargo	no	Furia Serie Crave  Tracy Wolff	Tracy Wolff
MLU692119106	encargo	no	Érase Una Vez Un Corazón Roto. Edición Limitada Caraval 4	Stephanie Garber
MLU692131208	disponible	si	Mikeltube 1. Mikeltube Y La Brújula Del Destino ( Original)	Mikeltube
MLU692157954	encargo	no	Libro Furia ( Serie Crave 2 ) - Tracy Wolff - Planeta	Tracy Wolff
MLU692203772	encargo	no	Teoría De Los Sentimientos Morales	Smith, Adam
MLU692216794	encargo	no	Teoría De Los Sentimientos Morales Libro De Adam Smith	Smith, Adam
MLU692229302	encargo	no	Las Profecías De Nostradamus, De Michel Nostradamus., Vol. 1. Editorial Independently Published, Tapa Blanda En Español, 2020	Michel Nostradamus
MLU692240531	disponible	si	Libro Sin Raices No Hay Alas	Ulsamer, Bertold
MLU692240587	encargo	no	El Mapa De Emily Wilde De Las Tierras Extrañas, De Fawcett, Heather., Vol. 1. Editorial Umbriel, Tapa Blanda En Español, 2024	FAWCETT, HEATHER
MLU692242390	encargo	no	Pedos Como Truenos ( Libro Original ), De Sally Rippin, Mar Benegas, Mar Benegas, Sally Rippin, Mar Benegas, Mar Benegas. Editorial Montena En Español	Sally Rippin, Mar Benegas, Mar Benegas, Sally Rippin, Mar Benegas, Mar Benegas
MLU692255789	disponible	si	Nuestro Mundo Polivagal Vínculos Y Trauma - Porges	Stephen W. Porges - Seth Porges
MLU692600450	disponible	si	El Enigma De La Catedral De Chartres (usado)	Louis Charpentier
MLU692600700	encargo	no	Las Plantas Curativas Y Sus Propiedades Medicinales	Alejandro Itzik
MLU692605326	encargo	no	Doña Lola De Lola De Pietranera - Planeta	Lola de Pietranera
MLU692629378	encargo	no	Libro - En Contacto Íntimo - Virginia Satir	Virginia Satir
MLU692635228	encargo	no	Libro Lo Que Hay - Torres, Sara	TORRES, SARA
MLU692646992	encargo	no	Libro Asterix Tras Las Huellas Del Grifo	Goscinny, René
MLU692647026	disponible	si	Libro Mi Viaje Sin Ti - Alejandro Sequera	Alejandro Sequera
MLU692647448	encargo	no	Libro Método Diverlexia: Intervención Psicopedagógica De La Dislex, De Silva, Carmen. Editorial Bubok Publishing, Tapa Blanda	Silva, Carmen
MLU692648080	encargo	no	Libro Las Cicatrices No Duelen [ Anabel Gonzalez ] Original	González, Anabel
MLU692648284	encargo	no	Libro Pandemonics - Javier Milei	Milei, Javier
MLU692651946	disponible	si	Libro Un Burka Por Amor - Monforte, Reyes	Monforte, Reyes
MLU692660192	disponible	si	Abc Del Discurso Audiovisual	Harari, Alberto
MLU692686168	encargo	no	Libro ¿quién Eres Tú Y Qué Haces Aquí?-el Libro De Io	Yane, Jesus
MLU692737776	encargo	no	Quien Eres Tú Y Que Haces Aquí - El Libro De Io Jesus Yanes	Yane, Jesus
MLU692737962	encargo	no	Lo Que El Viento Se Llevó Tapa Dura	MARGARET MIRCHELL
MLU692750694	disponible	si	Abc Del Discurso Audiovisual Alberto Harari Tapa Del Libro Blanda	Harari, Alberto
MLU692773056	encargo	no	Libro Fisica Moderna 6 Ed De Paul A. Tipler	Paul A. Tipler
MLU692778019	disponible	si	Monstruo De Las Pesadillas, El	Cinetto, Liliana
MLU692778239	disponible	si	Lo Que Vemos, Lo Que Nos Mira - Georges Didi-huberman	Georges Didi-Huberman
MLU692918130	disponible	si	Ami 3 -civilizaciones Internas, De Enrique Barrios., Vol. 1. Editorial Independently Published, Edición 2023 Actualizada En Español, 2023	Enrique Barrios
MLU693128094	encargo	no	Ciudad De Hueso. Cazadores De Sombras 1. Edición Especial, De Cassandra Clare., Vol. 1. Editorial Crossbooks, Tapa Dura En Español, 2024	Cassandra Clare
MLU693128272	disponible	si	Fragilidad En El Envejecimiento: Subjetividad Y Abordajes Preventivos, De Varios Autores., Vol. 1. Editorial Noveduc.com, Tapa Blanda En Español	Varios autores
MLU693135070	encargo	no	Todo Este Tiempo - Rachael Lippincott - Libro	Rachael Lippincott
MLU693141022	disponible	si	La Cura De Naranjas, De Profesor Nicolás Capo., Vol. 1. Editorial Ediciones Obelisco, Tapa Blanda En Español	Profesor Nicolás Capo
MLU693141026	disponible	si	¿dónde Está El Abuelo?, De Dolors Puig Alsina., Vol. 1. Editorial Scribo Editorial, Tapa Blanda En Español, 2020	Dolors Puig Alsina
MLU693155250	encargo	no	La Apasionada Vida De Modigliani	ANDRE SALMON
MLU693193194	encargo	no	Taylor - Verso, El: La Vida De Taylor Swift A Través De Sus Letras, De Satu Hameenaho-fox., Vol. 1. Editorial Plaza & Janes, Tapa Blanda, Edición 1 En Español, 2024	Satu Hämeenaho-Fox
MLU693199838	encargo	no	Basta De Dietas - Lic. Estefanía Beltrami	Lic. Estefanía Beltrami
MLU693200064	encargo	no	Libro Aproximación A Un Modelo De Pastoreo Intensivo, De Ing. Agr. Hill Secco, Walter. Editorial Hemisferio Sur, Tapa Blanda	Ing. Agr. HILL SECCO, Walter
MLU693205914	encargo	no	Sasaki Et Miyano - Tome 1 (vf), De Shou Harusono., Vol. 1. Editorial Akata, Tapa Blanda En Francés	Shou Harusono
MLU693216866	disponible	no	Reinventar El Mundo Con Las Niñeces, De Magistris, Gabriela. N/a, Vol. N/a. Editorial Chirimbote, Tapa Blanda, Edición N/a En Español, 2024	Magistris, Gabriela
MLU693217892	disponible	si	Libro Como Asumir La Incertidumbre - Isabel Caro Gabalda	ISABEL CARO GABALDA
MLU693251128	encargo	no	¿quién Es Quién?: Animales Divertidos, De Vv. Aa.., Vol. 1. Editorial Editorial Bruño, Tapa Blanda En Español, 2024	VV. AA.
MLU693268678	encargo	no	Libro Trading En La Zona - Mark Douglas	Mark Douglas
MLU693268692	disponible	si	Comprensión Negativa, De Raquel Monroy. Colección Logo +, Vol. 1. Editorial Psylicom, Tapa Blanda En Español, 2020	Raquel Monroy
MLU693312186	encargo	no	Mariposas Libres Infancia Trans Diversidad Mansilla Gabriela	MANSILLA GABRIELA
MLU693343792	encargo	no	Mariposas Libres - Mansilla Gabriela (libro)	MANSILLA GABRIELA
MLU693373352	encargo	no	Érase Una Vez Un Corazón Roto. Edición Limitada, De Stephanie Garber. Editorial Puck, Tapa Dura En Español, 2024	Garber, Stephanie
MLU693412524	encargo	no	La Santa Muerte, De Lenormand. Lenormand, Vol. 1. Editorial Red Feather, Tapa Blanda En Español	LENORMAND
MLU693425578	disponible	si	Due Diligence Para Abogados Y Contadores: Un Análisis Integral E Interdisciplinario, De Rodolfo G. Papa., Vol. 1. Editorial Errepar, Tapa Blanda, Edición 2 En Español, 2017	Rodolfo G. Papa
MLU693489556	encargo	no	Curiosidad Extrema: Experimentos Para Entrenar Los Superpoderes De Tu Cerebro, De Melina Furman. Editorial Siglo 21, Tapa Blanda En Español, 2024	MELINA FURMAN
MLU693502424	disponible	si	El Azucar Y La Sal: Vivencias  Diabetico Diabetes Cronica	Patricia Santos
MLU693502506	encargo	no	La Patrulla-x: La Saga De Fénix Oscura, De Chris Claremont, John Byrne. Editorial Panini Comics, Tapa Dura En Español, 2022	Chris Claremont, John Byrne
MLU693701912	encargo	no	Bizancio Los Primeros Siglos  Norwich Roma Constantinopla	John Julius Norwich
MLU693713926	encargo	no	El Entrenamiento En Los Deportes De Equipo	Francisco Seirul-Lo Vargas
MLU693751045	encargo	no	El Nazi Y El Psiquiatra: Hermann Göring Y Douglas M. Kelley: Un Encuentro Letal De Mentes Al Fin De La Segunda Querra Mundial., De El-hai, Jack. Vela Histórica Editorial Planeta México, Tapa Blanda...	El-Hai, Jack
MLU693751339	encargo	no	Forn Yo Recordaré Por Ustedes Crónicas Literarias	Forn, Juan
MLU693754074	encargo	no	El Camino Al Caracter - David Brooks	Brooks, David
MLU693778982	encargo	no	El Entrenamiento En Los Deportes De Equipo / Francisco Seiru	Francisco Seirul-Lo Vargas
MLU693817272	encargo	no	El Camino Al Carácter  David Brooks  Rabino Soloveitchik	Brooks, David
MLU693928852	disponible	si	111 Historias De Personas Con Diabetes, De Susana Ruiz Mostaza. Editorial Libros.com, Tapa Blanda En Español, 2023	SUSANA RUIZ MOSTAZA
MLU693930822	disponible	si	Soda Estereo 97-82	Sudamerican
MLU694053758	encargo	no	El Ladrón Del Siglo - Luis Mario Vitette	Luis Mario Vitette
MLU694080584	encargo	no	El Error De Descartes	Damásio, António
MLU694168456	encargo	no	Historias De La Formula 1. Fernando Alonso	JOSE RAMON LORENZO
MLU694173480	disponible	si	Lego Star Wars - Grandes Batallas Galácticas Jedi Han Solo	VV. AA.
MLU694173570	encargo	no	Lego Star Wars - Las Aventuras De Han Solo	VV. AA.
MLU694173662	disponible	no	Embutidos Guido Tassi  Hermoso Ejemplar Unico	Guido Tassi
MLU694186116	encargo	no	Lego Star Wars - C-3po Echa Una Mano Luke Skywalker	VV. AA.
MLU694186198	disponible	si	Lego Star Wars - Divertidas Misiones Galácticas	VV. AA.
MLU694186332	encargo	no	El Abc De La Inversion En Bienes Raices	Ken McElroy
MLU694276418	disponible	si	Lego Star Wars. Grandes Batallas Galácticas, De Vv. Aa.. Editorial Ecc En Español	VV. AA.
MLU694284620	disponible	si	Hitler En El Cine, De Jaime Noguera Martín. Editorial T&b Editores En Español	Jaime Noguera Martín
MLU694335892	encargo	no	Lego Star Wars. Historias De Rebeldes  Darth Vader	VV. AA.
MLU694335958	disponible	no	Libro Embutidos - Guido Tassi	Guido Tassi
MLU694349266	encargo	no	Lego Star Wars. Preparados! Listos! A Pegar! Chewbacca	VVAA
MLU694349346	encargo	no	Lego Star Wars: Las Misiones Secretas De Yoda	Lego
MLU694374910	encargo	no	Lego Star Wars. Historias De Fantasmas	VV. AA.
MLU694374932	encargo	no	Lego Star Wars. Historias De Rebeldes, De Vv. Aa.. Editorial Ecc En Español	VV. AA.
MLU694374970	encargo	no	Personal Best B1 Pre-intermediate -combined Edition	Scrivener, Jim
MLU694387530	disponible	si	Lego Star Wars. Divertidas Misiones Galácticas, De Vvaa. Editorial Ecc En Español	VV. AA.
MLU694387560	encargo	no	Lego Star Wars. Naves Increíbles, De Vvaa. Editorial Ecc En Español	VV. AA.
MLU694387682	encargo	no	El Abc De La Inversion En Bienes Raices Mcelroy Rich Dad	Ken McElroy
MLU694405449	disponible	si	Palestina La Existencia Negada Teresa Aranguren	Teresa Aranguren
MLU694438826	encargo	no	Siete Leyes Espirituales Del Exito, Las	Deepak, Chopra
MLU694438980	encargo	no	Lego Star Wars - Naves Increíbles Poe Dameron	VV. AA.
MLU694786812	disponible	si	Los Descendientes Huida De La Isla De Los Perdidos Cruz 4	VV. AA.
MLU694799802	encargo	no	Descubriendo A Coco	CHARLES-ROUX, EDMONDE
MLU694851772	encargo	no	Descubriendo A Coco Chanel Moda Diseñadora	CHARLES-ROUX, EDMONDE
MLU694864686	encargo	no	Los Ingenieros Del Caos Da Empoli Manipulación Política	da Empoli, Giuliano
MLU694864848	disponible	si	La Huida De La Isla De Los Perdidos	Vv.Aa.
MLU694877724	encargo	no	Enfoque De  Solución En Constelaciones Sistémicas Hellinger	Insa Sparrer
MLU694906429	disponible	si	Joaquín Torres García Sol Y Luna Del Arcano Maslach	Adolfo M. Maslach
MLU694916969	encargo	no	Libro Donde Viven Las Musas [ Marianela Dos Santos] Original, De Marianela Dos Santos., Vol. 1. Editorial B, Tapa Dura En Español, 2024	MARIANELA DOS SANTOS
MLU694929615	disponible	si	Quiero Teta, De Virginia Alvarez. Editorial Thule, Tapa Blanda, Edición 1 En Español	Virginia Alvarez
MLU694972218	encargo	no	Manual Del Carpintero Carpinteria	Miguel Angel Caiña
MLU694972220	encargo	no	Manual Del Carpintero Carpintería Guía Práctica Miguel Caiña	Miguel Angel Caiña
MLU694991341	disponible	si	En Argentina Libro Fotos Gaucho Ediciones Del Sur Años 70 Ta	Carlos De la Vega
MLU695011378	encargo	no	Cabeza Corazon Y Manos - Gonzalez-alorda, Alvaro	González-Alorda, Álvaro
MLU695037144	disponible	si	Malinche Jane Lewis Brandt Aztecas  Conquista De México.	Jane Lewis Brandt
MLU695037246	encargo	no	El Rulas 3. El Rulas Y La Epica Vuelta Al Mundo Animalize21	Animalize21
MLU695050232	encargo	no	Cabeza Corazón Manos Transformación Personal González Alorda	González-Alorda, Álvaro
MLU695191187	disponible	si	Libro De Los Ositos Rezamos A Mama Maria (cartone)	LUMEN ARGENTINA
MLU695198607	encargo	no	Libro - Mujercitas - Louisa M. Alcott	Louisa M. Alcott
MLU695277516	encargo	no	Libro Querida Abuela, Entre Tú Y Yo	Redling, Kim
MLU695320378	encargo	no	La Coleccionista De Palabras Infantil Belleza Palabras	Wimmer, Sonja
MLU695320462	disponible	si	Valor Para Cambiar Un Día A La Vez  Al-anon Edicion Grande	AL-ANON
MLU695391002	encargo	no	El Predador - Wilbur Smith - Emece - Libro	Wilbur Smith
MLU695403148	disponible	si	Mi Estuche De Pictos Xl Alimentación, De Rosario Lozano. Editorial Grupo Editorial Universitario (geu) En Español	Rosario Lozano
MLU695417186	encargo	no	Como Ser El Amor Que Buscas - Nicole Lepera	Dra. Nicole LePera
MLU695449808	encargo	no	Capital Obra Completa (3 Vol.) - Marx - Ed. Scarón	Marx
MLU695664500	encargo	no	Mediación Organizacional  Organizaciones Equipos Trabajo	Gloria Novel Marti
MLU695809015	encargo	no	China Henry Kissinger Geopolitica Politica Internaciona	Kissinger, Henry
MLU695816949	disponible	si	La Herida Del Abandono: Expresa Tus Emociones Para Sanarte, De Dufour, Daniel. Editorial Ediciones Obelisco, Tapa Blanda En Español, 2010	Dufour, Daniel
MLU695827677	encargo	no	China - Kissinger, Henry	Kissinger, Henry
MLU696074307	disponible	si	Lote Libros Banda Oriental Butazzoni Paternain Cane Parra	Varios autores
MLU696157645	disponible	si	La Taza De La Mañana Sanación Y Reflexión Diaria	Camille J.  Sage
MLU696185184	disponible	si	Guitarras. Pasado Y Presente Musica Instrumentos	Lexus
MLU696185236	encargo	no	Libro Perfecta Brillante Quietud - Carse, David	CARSE, DAVID
MLU696185388	encargo	no	El Síndrome De La Chica Buena Deja De Complacer	Marta Martínez Novoa
MLU696244839	encargo	no	Libro Por Qué Dormimos - Matthew Walker - Capitan Swing	Matthew Walker
MLU696430538	disponible	si	Mis Rutinas Con Pictos, De Melanie Wirtz. Editorial Cepe En Español, 2021	Melanie Wirtz
MLU696502521	encargo	no	Pack Infantil Educativo Hora Abc Y Formas	Varios autores
MLU696579036	encargo	no	Persepolis Marjane Satrapi Reservoir Books	Marjane Satrapi
MLU696591794	encargo	no	Persepolis - Satrapi, Marjane	Marjane Satrapi
MLU696617754	disponible	no	Cultivar Setas Casa Hongos Fungi Guía  Conocer, Cultivar	ELLIOT WEBB
MLU696617854	encargo	no	Narciso Y Goldmundo - Hermann Hesse	Hermann Hesse
MLU696630676	encargo	no	Ser Padres Conscientes 2 Ed., De Siegel. Editorial Grupal En Español	SIEGEL
MLU696656810	encargo	no	Gamificación En El Aula, De M Luisa Sevillano Garcia,esteban Vazquez Cano. Editorial S.a. Mcgraw-hill / Interamericana De España, Tapa Blanda En Español, 2021	M LUISA SEVILLANO GARCIA, ESTEBAN VAZQUEZ CANO
MLU696656864	encargo	no	Metodo Wyckoff Claves Para Entender Los Fundamentos Del Trading, De Diaz Valdecantos Enrique. Editorial Profit, Tapa Blanda En Español, 2016	Diaz Valdecantos Enrique
MLU696711060	encargo	no	El Método Wyckoff Trading Finanzas Mercado Libro	Diaz Valdecantos Enrique
MLU696891990	encargo	no	Coleccion La Iliada Y La Odisea (2 Tomos), De Homero. Del Fondo Editorial, Tapa Blanda En Español, 2020	Homero
MLU696907080	disponible	si	Yo Declaro: 366 Declaraciones De Hombre Para La Mañana, De Camilo Cardozo. Editorial Independently Published, Tapa Blanda En Español, 2022	CAMILO CARDOZO
MLU696965254	disponible	si	El Principito Y Baobabs Matematicas Sopa De Números Y Letras	BERRONDO AGRELL,MARIE
MLU696968680	encargo	no	Reino Fungi. Mundo Entrelazado Hongos Esporas	OCTAVIA MOSCIATTI
MLU696979076	disponible	si	Nubes En La Cabeza Abuelos Nietos Demencia	S/D
MLU697000944	encargo	no	El Demonio Que Hay En Ti: Una Mirada Compasiva A La Crueldad Humana Desde La Psiquiatría Forense, De Gwen Adshead., Vol. 1. Editorial Alianza, Tapa Blanda En Español, 2024	Adshead, Gwen
MLU697004564	disponible	si	Libro The Marzy 4. El Octavo Reino De Hydracraft - The Ma	The MarZy
MLU697044570	encargo	no	Sin Faltas Y A Lo Loco: 100 Trucos, Curiosidades Y Desafíos Para Poner A Prueba Tu Español, De La Letroteca. La Letroteca, Vol. 1. Editorial Montena, Tapa Blanda En Español, 2024	La Letroteca
MLU697056372	encargo	no	Libro: Dulces Diabéticos. Herrero, Noelia. Oberon	Herrero, Noelia
MLU697056738	encargo	no	Libro No Es Facil Pequeña Ardilla - Elisa Ramon / Rosa Osuna	Editorial GG de México
MLU697069772	disponible	si	Marzy 4. El Octavo Reino De Hydracraft The Marzy	The MarZy
MLU697073170	disponible	si	El Español La Argentina Estudios Gramaticales Tullio Angela	Angela Di Tulio
MLU697073172	disponible	si	El Espa¤ol En La Argentina De Angela Di Tulio, De Angela Di Tulio. Editorial Eudeba En Español	Angela Di Tulio
MLU697078988	encargo	no	Ejercicios Para Ralentizar El Deterioro Cognitivo Alzheimer	Ignacio Olivar Noguera
MLU697092034	disponible	si	Nubes En La Cabeza, De S/d. Editorial Akiara En Español	Val, Elena
MLU697154093	disponible	si	Guias De Intervencion Logopedica En Las Disfonias, De Teresa Schuller Moreno. Editorial Sintesis, Tapa Blanda En Español	TERESA SCHULLER MORENO
MLU697219730	encargo	no	Palacio Del Deseo Trilogia El Cairo Naguib Mahfuz	
MLU697257014	encargo	no	Nadie Puede Salvarte Excepto Tu - Rouge, Madame	Madame G. Rouge
MLU697257020	encargo	no	Libro Warren Buffett Y La Interpretación Estados Financieros	David Clark, Mary Buffeyy
MLU697311445	disponible	si	Bitácora De Un Grito Zuleika Esnal Feminismo	Zuleika Esnal
MLU697739244	encargo	no	Nadie Puede Salvarte Excepto Tú El Libro Para Confiar En Ti Misma De Madame Rouge Editorial Bruguera Tapa Dura	Madame G. Rouge
MLU697963130	encargo	no	Libro Antifrágil - Taleb, Nassin Nicholas Desorden Beneficio	TALEB, NASSIN NICHOLAS
MLU698150361	encargo	no	Libro De Enoc Edición Completa Anotada Letra Grande	Tradicional (atribuido a Enoc)
MLU698246581	disponible	si	Everything I Know About Love Mamie Williams Amor Y Pareja	Mamie Williams
MLU698426115	encargo	no	Sopicidios Daniel Vergel - 80 Crímenes Reales True Crime	Daniel Vergel
MLU698452503	disponible	si	Cómo Hacer El Clic Sofijobs Desarrollo Profesional	Sofi Jobs
MLU698723365	disponible	si	En Casa Bill Bryson Libro Divulgación Histórica Original	Bill Bryson
MLU698733187	disponible	si	Pack 3 Libros Humor Uruguayo José Firpo Peloduro Arca Usados	Varios autores
MLU699698280	disponible	si	Libro Mi Abuela Alzha...+que?	VAN DEN ABEELE, VERONIQUE
MLU699698304	encargo	no	El Aliento De Los Dioses Del Cosmere Brandon Sanderson	Brandon Sanderson
MLU699800266	encargo	no	Libro El Campo, De Mctaggart, Lynne. Editorial Sirio, Tapa Blanda ( 2006)	Mctaggart, Lynne
MLU699813382	disponible	si	Dioses Y Mendigos Odisea Evolución Humana  Bermudez Castro	Bermúdez de Castro, José María
MLU699813634	disponible	si	Pnl Para Formadores - Joseph O Connor - Libro - En Dia	O'Connor, Joseph
MLU699822360	disponible	si	La Parte Comun  Derecho La Propiedad Privada Pierre Cretois	Pierre Crétois
MLU699835090	disponible	no	Carteles Españoles. Propaganda Politica 2880-1964, De Velasco Murviedro, Carlos. Editorial Susaeta, Tapa Dura En Español	VELASCO MURVIEDRO, CARLOS
MLU699860006	encargo	no	Los 88 Peldanos Del Exito - Perez Rodriguez Anxo	Pérez Rodríguez, Anxo
MLU699860580	encargo	no	El Campo Lynne Mctaggart  Fuerza Secreta Que Mueve Universo	Lynne Mctaggart
MLU699873250	encargo	no	Aprendiz De Asesino (trilogía Del Vatídico 1) Hobb, Robin	Robin Hobb
MLU699873420	encargo	no	Pan Tartine	Robertson, Chad
MLU699873422	encargo	no	Libro Pan Tartine - Chad Robertson - Col And Col	Chad Robertson
MLU699873472	disponible	si	Pnl Para Los Formadores Connor Y John Seymour	O CONNOR JOSPEH Y SEYMOUR JHON
MLU699960676	encargo	no	Libro El Método Laxmi - Aixa Laxmi - Terapias Verdes	Aixa Laxmi
MLU699988002	encargo	no	Lego Star Wars. Preparados! Listos! A Pegar! Chewbacca, De Vvaa. Editorial Ecc, Tapa Blanda En Español, 2018	VVAA
MLU700014058	encargo	no	Cuaderno Golden Blackie Books. Vol. 4, De María López Villodres., Vol. 4. Editorial Blackie Books, Tapa Blanda En Español, 2024	María López Villodres
MLU700026968	encargo	no	First Expert - Student´s Resource Book - Pearson	Pearson
MLU700041290	encargo	no	Departamento Q 3: El Mensaje Que Llegó En Una Botella	ADLER OLSEN J
MLU700043344	encargo	no	Conan El Barbaro 2 1971 Guardianes Cripta	VV. AA.
MLU700367862	encargo	no	Libro - El Último Francotirador	Lacz, Kevin
MLU700399568	encargo	no	Que Sea Mutuo O No Sea Nada, De Paola Bertiz. Editorial El Ateneo, Tapa Blanda En Español, 2022	Paola Bertiz
MLU700422300	encargo	no	Libro Sentirse Bien - David D. Burns	Burns, David D.
MLU700423462	encargo	no	Libro Anexo A Un Curso De Milagros /	AUTOR
MLU700443540	encargo	no	Los Besos En El Pan- Almudena Grandes	Almudena Grandes
MLU700451800	encargo	no	Un Santo Para Cada Día - Moreno Ruiz, Antonio	Moreno Ruiz, Antonio
MLU700466746	encargo	no	Libro Adopción, De Tomaello, Flavia. Editorial Paidos México, Tapa Blanda ( 2012)	Tomaello, Flavia
MLU700483978	encargo	no	El Casco Del Caballo, De Van Nassau Rob. Editorial Hispano-europea, Tapa Blanda En Español, 2018	VAN NASSAU ROB
MLU700519598	encargo	no	El Español Coloquial En Las Redes Sociales	Mancera Rueda, Ana
MLU700526240	encargo	no	Dancing With The Devil - Edicion Definitiva - Blair Nughes	Blair Nughes
MLU700526722	encargo	no	Con Mis Palabras - Tebar Montes, Cristina	Tébar Montes, Cristina
MLU700528566	encargo	no	La Fiesta Del Chivo Por Mario Vargas Llosa [ Dhl ]	Mario Vargas Llosa
MLU700532664	encargo	no	Libro Kama-sutra. Las 101 Posturas Más Sensuales - Gallotti	Gallotti, Alicia
MLU700539426	encargo	no	Solo Una Cosa / The One Thing - Gary Keller - Ja..., De Gary Keller, Jay Papasan. Editorial Aguilar En Español	Gary Keller, Jay Papasan
MLU700549062	encargo	no	Metagenealogia - Alejandro Jodorowsky	Jodorowsky, Alejandro
MLU700554700	encargo	no	El Medico, De Noah Gordon. Editorial Penguin Random House, Tapa Blanda, Edición 2015 En Español	Gordon, Noah
MLU700558594	disponible	si	Heroínas Compasivas Vida Como Supervivientes Cáncer Mama	REBECA DIEGO PEDRO, EDGAR GONZALEZ HERNANDEZ y LOBSANG TENZIN NEGI
MLU700567990	encargo	no	La Pandilla Perruna (las Aventuras De Lana). Las Aventuras De Lana. Español. Montena - Blanda	Las aventuras de Lana
MLU700584518	disponible	si	Colibri Picoespada Y Yo, El, De Mendez, Luisa. Editorial Edelvives, Tapa Blanda, Edición 1 En Español	Méndez, Luisa
MLU700584536	encargo	no	Quien Se Esconde En El Bosque Y En La Nieve? - Paula Hanacko	PAULA HANACKOVA
MLU700584594	encargo	no	Conocimiento Sagrado Psicodélicos Y Experiencia Religiosa	RICHARDS WILLIAM A.
MLU700586062	disponible	si	Heroínas Compasivas, De Lobsang Tenzin Negi Y Otros	Lobsang Tenzin Negi y otros
MLU700586078	encargo	no	Revistas Comics Decada 90 Do Nicola Cicuta: Decada 90, De Cicuta. Revistas Comics, Vol. 1/2/12/14/22. Editorial Clasicos Del Humor Argentino, Tapa Blanda, Edición 1 En Español, 1950	Cicuta
MLU700601704	encargo	no	Vamos A Dormir - Martin Gruenberg - Libro	Martin Gruenberg
MLU700605424	encargo	no	Libro Papel Pintado - Diego Giacomini	Giacomini, Diego
MLU700684964	encargo	no	Libro ¿existe Dios? - Kung, Hans	Küng, Hans
MLU700708416	encargo	no	Pide Y Se Te Dara Cuaderno De Trabajo	HICKS, JERRY
MLU700724314	encargo	no	Esgrima Criolla, De Lopez Osornio, Mario A.. Editorial Hemisferio Sur En Español	Lopez Osornio, Mario A.
MLU700727840	disponible	si	¿quien Es? ¡cuidado!	PAT HEGARTY
MLU700728096	encargo	no	Destino De Las Almas - Dr. Michael Newton	Dr. Michael Newton
MLU700732988	disponible	si	Libro - Kama-sutra. Las 101 Posturas Más Sensuales - Mr	Alicia Gallotti
MLU700740760	encargo	no	Los Cuatro Acuerdos-cartas	Miguel Ruíz
MLU700747880	encargo	no	A Pesar De Todo, Decir Sí A La Vida / Viktor E. Frankl	Frankl, Viktor E.
MLU700760400	disponible	no	Galeria De Retratos, De Aa. Vv.. Editorial Hachette, Tapa Blanda En Español	VV. AA.
MLU700766852	disponible	si	¿quien Es? ¡cuidado! ­incre­bles Imagenes Cambiantes! Outlet	Hegarty, Patricia
MLU700766968	encargo	no	Avalon, Sacerdocio Sagrado Nina Llinares	Nina, Llinares
MLU700767160	encargo	no	Cuaderno De Trabajo, Pide Y Se Te Dará	Esther Hicks y Jerry Hicks
MLU700796506	encargo	no	Sherlock Holmes Colección Completa - 8 Vols - Conan Doyle	Conan Doyle, Sir Arthur
MLU700845644	encargo	no	Las Flores Del Alba	ESPECHE BARBARA
MLU701117626	encargo	no	Libro El Espejo En La Casa De Mamã¡ / El Espejo En La Cas...	Amavisca, Luis
MLU701130526	encargo	no	Libro Las Manzanas De Eva, De Sust, Imma. Editorial Grijalbo Comercial, S.a., Tapa Blanda	SUST, IMMA
MLU701147822	encargo	no	Baraja De Las Flores Místicas, De Cápsula Dorada., Vol. 1. Editorial Independently Published, Tapa Blanda En Español	Cápsula Dorada
MLU701156572	disponible	si	Sanar Dentro De Nuestras Relaciones Alcohólicas	Grupos de Familia de Al-Anon
MLU701173804	disponible	si	Encendidas: Un Viaje Íntimo Por La Menopausia, De Mariana Carbajal (. Editorial Grijalbo, Tapa Blanda En Español, 2024	Mariana Carbajal
MLU701173852	encargo	no	Reino Fungi: Mundo Entrelazado, De Octavia Mosciatti. Editorial Edicións Do Cumio, Tapa Dura En Español, 2024	OCTAVIA MOSCIATTI
MLU701181466	encargo	no	Querido Yo: Vamos A Estar Bien Sequera	Alejandro Sequera
MLU701182540	disponible	si	Valor Para Cambiar Alanon Al Anon Alcoholismo	Autor desconocido
MLU701182578	disponible	si	Esperanza Para Hoy Alanon Al Anon Alcoholismo	Grupos de Familia Al-Anon
MLU701182634	disponible	si	Adictos Sexuales Anónimos Adiccion Codependencia	SAA Fellowship
MLU701186754	disponible	si	Teoría De La Música, De Danhauser., Vol. 1. Editorial Melos, Tapa Blanda En Español	Danhauser
MLU701186782	encargo	no	Pack Rita Segato - Feminismo, De Rita Segato. Editorial Prometeo, Tapa Blanda En Español	Rita Segato
MLU701186842	encargo	no	El Regreso Al País De Las Sombras Largas, De Hans Ruesch. Grandes Novelistas, Vol. 1. Editorial Emecé, Tapa Blanda En Español, 1974	Hans Ruesch
MLU701194394	encargo	no	El Mago Del Kremlin Putin Autor Ingenieros Caos	GIULIANO DA EMPOLI
MLU701194418	encargo	no	Libro Querido Yo [ Vamos A Estar Bien ] Original	Alejandro Sequera
MLU701208580	disponible	si	Narcóticos Anónimostexto Basico Adiccion Drogas	Wso
MLU701212282	encargo	no	Taroppio Daniel Danza Primal Editorial Continente	TAROPPIO DANIEL
MLU701212792	disponible	si	Pack Bad Ash 1 Nav 22 Estuche: Saltan Chispas, De Alina Not., Vol. 1. Editorial Planeta, Tapa Blanda En Español	Alina Not
MLU701225340	encargo	no	Libro Surrender - Bono - Reservoir Books	Bono
MLU701225766	encargo	no	El Complejo Fraterno: Estudio Psicoanalítico, De Luis Kancyper. Editorial Glova, Tapa Blanda En Español, 2020	Luis Kancyper
MLU701225768	disponible	si	Yo Declaro: 366 Declaraciones De Mujer Para La Mañana, De Camilo Cardozo. Editorial Independently Published, Tapa Blanda En Español, 2022	CAMILO CARDOZO
MLU701225800	encargo	no	Estimulacion Cognitiva Y De Las Funciones Ejecutivas En Bebes: Manual Y Guía De Proyectos Por Competencias, De Mercedes Caceres Chavez., Vol. 1. Editorial Ediciones Pirámide, Tapa Blanda En Español	MERCEDES CACERES CHAVEZ
MLU701225816	encargo	no	Nina. Diario De Una Adolescente, De Agustina Guerrero. Editorial Montena, Tapa Dura En Español, 2013	Agustina Guerrero
MLU701238866	disponible	si	Ana Quiroga: Dialoga Con, De Violeta H. De Gainza. Puentes Hacia La Comunicación Musical, Vol. 1. Editorial Lumen, Tapa Blanda En Español	Violeta H. de Gainza
MLU701238870	encargo	no	Familias Infancias Adolescencias Una Cl Pinica Más Allá De La Piel De Maruia Cristina Rojas Editorial Editorial Entreideas Tapa Blanda	Maria Cristina Rojas
MLU701246710	disponible	si	Rutas Mitológicas Vascas 1  Ventureira Euskera Vasco	VENTUREIRA SAN MIGUEL, AITOR
MLU701246712	disponible	si	Rutas Mitologicas Vascas, De Ventureira San Miguel, Aitor. Editorial Txalaparta, S.l., Tapa Blanda En Español	VENTUREIRA SAN MIGUEL, AITOR
MLU701251958	encargo	no	Cómo Cultivar Hongos Mágicos Desde Casa: Guía De Cultivo Experto, De Allan Trevor., Vol. 1. Editorial Independently Published, Tapa Blanda En Español	Trevor, Allan
MLU701264760	disponible	si	Género, Jóvenes E Iglesia: Juntar Las Piezas, De Marta Rodríguez Díaz. Editorial Ediciones Encuentro, S.a., Tapa Blanda En Español, 2024	Marta Rodríguez Díaz
MLU701276886	encargo	no	Hermanos De Sangre, De Stephen E Ambrose. Editorial Atico De Los Libros, Tapa Dura En Español	Stephen E. Ambrose
MLU701277738	encargo	no	Rodeado De Idiotas: Los Cuatro Tipos De Personalidades, De Thomas Erikson., Vol. 1. Editorial Planeta, Tapa Blanda, Edición 5a. En Español, 2023	Erikson, Thomas
MLU701279056	disponible	si	Elden Ring Libros Del Saber Volumen Iii Shadow The Erdtree	Future Press
MLU701306510	encargo	no	Libro El Mago Del Kremlin - Giuliano Da Empoli	GIULIANO DA EMPOLI
MLU701352008	disponible	si	Rutas Mitológicas Vascas 2 Bilbao Euskera Bernaola Vasco	Aitor Ventureira San Miguel, Imanol Bueno Bernaola
MLU701352106	encargo	no	Obras Completas Jane Austen - Estuche De Lujo En Caja	Jane Austen
MLU701365278	encargo	no	Libro - Tres Veces Tú - Moccia, Federico	Moccia, Federico
MLU701369018	disponible	no	A Jugar Con Blancanieves, De Hervé Éparvier. Editorial Anaya, Tapa Dura En Español, 2024	Hervé Éparvier
MLU701407666	encargo	no	Estuche Inteligencia Emocional: Focus, Confianza, Autoconciencia, De Varios Es. Serie Inteligencia Emocional, Vol. 1/2/3. Editorial Editorial Reverté En Español, 2022	Varios Autores
MLU701416540	encargo	no	Decide De Nuevo Aproximacion A Un Curso De Milagros Porque Tu Prioridad Es La Paz, De Salvat Marta. Editorial Aproximacion A Un Curso De Milagros Porque Tu Prioridad Es La Paz En Español	Salvat, Marta
MLU701444378	disponible	si	Método Guitarra Cifra, De Tarragó. Editorial Editorial De Música Boileau, S.l., Tapa Blanda En Español, 2000	TARRAGÓ
MLU701709700	encargo	no	La Fiv Que Cambiará Tu Vida: Guía Con Estrategias Personales Y Psicológicas Para Enfrentarte A Tu Fecundación In Vitro, De Lorena Rami. Editorial Vivelibro, Tapa Blanda En Español, 2020	Lorena Rami
MLU701726546	disponible	si	Prácticas De Sintaxis 2. La Oración Gramatical, De Pedro Lumbreras García. Prácticas De Sintaxis, Vol. 2. Editorial Editorial Casals, Tapa Blanda, Edición 1ª En Español, 1999	Pedro Lumbreras García
MLU701739298	disponible	si	Puentes Hacia La Comunicación Músical 1: Ezequiel Ander-egg Dialoga Con De Gainza, De Violeta H. De Gainza. Puentes Hacia La Comunicación Músical, Vol. 1. Editorial Lumen, Tapa Blanda En Español	Ezequiel Ander-Egg
MLU701752476	encargo	no	Stick & Stack Gabby's Dollhouse, De Dreamworks., Vol. 1. Editorial Panini España S.a., Tapa Blanda En Español, 2024	Dreamworks
MLU701753564	encargo	no	Libro Fuegos Enciende, Polvos Levanta - Solitude Of Alanna	Solitude of Alanna
MLU701763746	disponible	si	Libro + Rompecabezas - Messi Para Armar - Catapulta	Catapulta
MLU701765732	disponible	no	También Soy Su Mamá: Experiencias De Madres Lbt+, De Varios Autores., Vol. 1. Editorial Les Editorial, Tapa Blanda, Edición 1 En Español, 2024	Varios autores
MLU701817628	encargo	no	La Accion Colectiva: Hacia Un Capitalismo De Bien Público, De Javier Garcia Moritan., Vol. 1. Editorial Planeta, Tapa Blanda En Español	Javier García Moritán
MLU701894062	encargo	no	Merlín Y La Alquimia Espiritual: Guía Para Activar La Piedra Filosofal, De Alberto Lajas. Editorial Independently Published, Tapa Blanda En Español, 2024	ALBERTO LAJAS
MLU701904850	encargo	no	Why Nations Fail Prosperity,  Poverty Daron Acemoglu	Acemoglu, Da
MLU701962666	encargo	no	De Nuevo Sale El Sol: Tres Trasplantes, Mil Vidas Y Cómo Transformar La Espera En Agradecimiento, De Sonsoles Rey., Vol. 1. Editorial Planeta, Tapa Blanda En Español, 2024	Sonsoles Rey
MLU701993142	disponible	si	Rutas Mitológicas Vascas Ii, De Aitor Ventureira San Miguel, Imanol Bueno Bernaola. Editorial Txalaparta, S.l., Tapa Blanda En Español, 2022	Aitor Ventureira San Miguel, Imanol Bueno Bernaola
MLU702071952	disponible	si	Burbujas De Paz - Comas,sylvia	Comas, Sylvia
MLU702146230	disponible	si	Estuche El Rulas (1, 2, 3)	Animalize21
MLU702421390	encargo	no	Moleskine Libreta Clasica Expanded Negra L Lisa Tapa Blanda	Moleskine
MLU702421740	encargo	no	El Camino Del Arbol De La Vida (vol.i)	Maridolas, Eduardo
MLU702432802	disponible	si	Valor Para Cambiar: Un Día A La Vez En Al-anon Ii, De Desconocido. Editorial Alcoholics Anonymous, Tapa Dura En Español	Autor desconocido
MLU702434118	encargo	no	Grupos Produciendo Sentidos Neme De La Vega	Aldana Neme y Federico de la Vega
MLU702434892	encargo	no	El Instituto Tavistock, De Estulin, Daniel	Estulin, Daniel
MLU702445680	encargo	no	Entrevistas Breves Con Hombres Repulsivos Foster Wallace	Wallace, David Foster
MLU702460164	disponible	si	Los Milagros Ocurren Na Narcoticos Anonimos	Narcóticos Anónimos
MLU702484676	encargo	no	Asterix - Escape Game	Varios autores
MLU702486758	encargo	no	Libro Keto Facil, De Keto Raquel. Editorial Anaya Multimedia, Tapa Blanda (2022)	KETO RAQUEL
MLU702486984	encargo	no	Dieta Keto: Restablece Tu Metabolismo, Libérate Del Azúcar	GRAU, ARI
MLU702486986	encargo	no	Dieta Keto, De Grau, Ari. Amat Editorial, Tapa Blanda En Español	GRAU, ARI
MLU702499372	encargo	no	Manual De Billy Graham Para Obreros Cristianos	Graham, Billy
MLU702499818	encargo	no	El Instituto Tavistock, De Estulin, Daniel. Editorial B De Bolsillo (ediciones B), Tapa Blanda En Español	Estulin, Daniel
MLU702536626	encargo	no	Escape Game Asterix - Varios Autores - *	Varios autores
MLU702548132	disponible	si	¿Qué Haceis Vosotros Aqui? (provisional), De Dupin, Olivier. Editorial Hachette, Tapa Dura En Español	DUPIN, OLIVIER
MLU702618496	disponible	si	Qué Puedo Hacer Para Vencer Mi Timidez  -  Freeland, Clair	FREELAND,CLAIREA.B./TONER,JAQUELINEB.
MLU702767670	disponible	si	Quépuedohacerparavencermitimidez, De Freeland,clairea.b./toner,jaquelineb.. Editorial Teaediciones, Tapa Blanda En Español, 2024	FREELAND,CLAIREA.B./TONER,JAQUELINEB.
MLU702785162	encargo	no	Cálculo De Varias Variables. Trascendentes Tempranas	James Stewart
MLU702785164	encargo	no	Calculo De Varias Variables Stewart Nuevo Cengage Original	Stewart, James
MLU702875996	disponible	si	Pack Electrónica Para Electricistas	Oñós Prados y Ruiz Vassallo
MLU702881020	disponible	si	Libro Parejas En Recuperaciòn Anónimas Anonimos Grupos	Recovering Couples Anonymous
MLU702881044	encargo	no	Libro Mi Primer Libro De Terapia	Nemiroff, Marc. A.
MLU702893850	disponible	si	Libro Creadores Stefan Zweig Inspiración Grandes Biografías	Stefan Zweig
MLU702893866	encargo	no	Libro Mi Sistema	NIMZOVICH
MLU702906966	encargo	no	Mis Geniales Predecesores De Gary Kasparov Volumen 4 Ediciones Meran En Español Tapa Blanda	KASPAROV , GARRI
MLU702939492	encargo	no	Manifiesta Tus Sueños - Diario 369 Ley De Atracción Tesla	Saleisha Store
MLU703013706	disponible	si	Libro : Dinero, Felicidad, Tiempo Libre Si Madrugas A...	LONDONO AGUDELO, JUVER
MLU703062934	encargo	no	Dieta Cetogénica: El Protocolo De Una Alimentación Efectiva	Stro, Carlos, Stro, Ricardo
MLU703062936	encargo	no	Libro : Dieta Cetogénica El Protocolo De Una Alimentación.	Stro, Carlos, Stro, Ricardo
MLU703076826	encargo	no	Meditaciones - Marco Aurelio: Sabiduría Estoica Atemporal	Marco Aurelio
MLU703089204	encargo	no	La Supraconciencia Existe Vida Después De La Vida	Dr. Manuel Sans Segarra
MLU703102104	disponible	si	Aprende Electrónica E Robótica Educativa En Portugués	Roberto Montero Miguel
MLU703114984	disponible	si	Libro Veinticuatro Horas Día Meditaciones Y Reflexiones Aa	Anónimo
MLU703120054	encargo	no	Libro Reflexiones Diarias Alcohólicos Anónimos Meditaciones	Alcoholics Anonymous
MLU703124696	disponible	si	El Varón Domado - Esther Vilar Crítica La Dinámica De Género	ESTHER VILAR
MLU703345106	encargo	no	Cuenta Contigo 20 Propuestas Tomar Riendas Patricia Ramirez	Ramírez, Patricia
MLU703345108	encargo	no	Cuenta Contigo - Ramirez Loeffler,patricia	Ramírez, Patricia
MLU703345220	encargo	no	El Rey Leon 12 Dibujos Magicos Rasca Y Descubre - Varios	VV. AA.
MLU703371006	encargo	no	Camino De Santiago  Camino Luz  Guía Espiritual Fotográfico	YVON BOELLE y LUC ADRIAN
MLU703406064	disponible	si	Arteterapia. El Rey León, De Aa. Vv.. Editorial Hachette, Tapa Blanda En Español	VV. AA.
MLU703514356	disponible	si	Van Gogh	VV. AA.
MLU703527104	encargo	no	El Rey León: 12 Dibujos Mágicos - Rasca Y Descubre	VV. AA.
MLU703540284	encargo	no	Libro - Fabricante De Lágrimas Erin Doom	Erin Doom
MLU703852368	encargo	no	Manifiesta Tus Sueños - 369 Diario De Manifestación: Diario Guía Para Manifestar Deseos Con La Ley De Atracción, De Saleisha Store. Editorial Independently Published, Tapa Blanda En Español, 2021	Saleisha Store
MLU703988700	encargo	no	Fundamentos De Producción Ganadera - Jorge O. Pamio	Jorge Omar Pamio
MLU704020306	disponible	si	Contestando A Sus Preguntas Sobre El Magnesio, De Lajusticia, Ana Maria. Editorial Edaf, Tapa Blanda En Español	Lajusticia, Ana Maria
MLU704152540	encargo	no	Belleza Cosmética Natural Marcela Burgos	Marcela Mabel Burgos Rodríguez
MLU704165510	encargo	no	Fotos Históricas De Las Guerras Mundiales Boyle Y Andriessen	J.H.J ANDRIESSEN y DAVID BOYLE
MLU704191572	encargo	no	Coaching De Equipos En La Práctica - Luis Carchak	Carchak, Luis
MLU704191574	encargo	no	Coaching De Equipos En La Práctica: Artesanías De Acompañamiento Para Facilitar Cambios En Equipos, Empresas Y Sus Líderes, De Carchak, Luis. Serie Acción Empresarial Editorial Almuzara, Tapa Blanda E	Carchak, Luis
MLU704191664	encargo	no	Libro Belleza Y Cosmetica Natural Por Marcela Burgos	Marcela Mabel Burgos Rodríguez
MLU704191690	encargo	no	Tengo Un Plan: Lo Que Ellos Saben Y Tu No	SERGIO BEGUERIA
MLU704256376	encargo	no	Lo Que Nadie Contó De La Tragedia Los Andes Conrado Estol	Conrado Estol
MLU704261290	encargo	no	Libros Trilogia El Cuarto Mono Por J. D. Barker	J. D. BARKER
MLU704261396	encargo	no	Deja De Ser Amable, De Thomas D Ansembourg.	Thomas D'Ansembourg
MLU704289682	encargo	no	Amigos Para Siempre. El Rey Leon, De Vv. Aa.. Editorial Pi Kids, Tapa Dura En Español, 2023	VV. AA.
MLU704294082	encargo	no	Un Año En El Jardín  Guía Mensual De Tareas De Jardinería	Billoch, Clara
MLU704294084	encargo	no	Un Año En El Jardín - Tapa Blanda - Clara Billoch	Billoch, Clara
MLU704319998	encargo	no	Quiero: Qué Piensan Y Sienten Las Mujeres Sobre El Sexo	Gillian Anderson
MLU704346060	encargo	no	Crea Tu Vida Deliberada Con Creyendo Y Creando  Sara Espejo	SARA ESPEJO
MLU704359200	encargo	no	Libros Trilogia El Cuarto Mono Por J. D. Barker	J. D. BARKER
MLU704359292	encargo	no	Deja De Ser Amable, De Thomas D Ansembourg. Editorial Sal Terraesal Terrae, Tapa Blanda En Español, 2010	Thomas D'Ansembourg
MLU705109216	encargo	no	The Walking Dead. Vol 23. De Susurros A Gritos	Kirkman, Robert
MLU705189792	encargo	no	La Enciclopedia Del Automovil Clásico, De David Lillywhite. Editorial Edimat Libros, Tapa Dura En Español, 2024	David Lillywhite
MLU705313496	encargo	no	La Enciclopedia De La Aviacion, De Robert Jackson. Editorial Edimat Libros S.a., Tapa Dura En Español, 2024	Robert Jackson
MLU706130070	disponible	si	The Eras Book. Un Recorrido Por La Música De Taylor Swift	NECKO VIDAL
MLU706230844	encargo	no	Credo: Compendio De La Fe Católica, De Monseñor Athanasius Schneider. Editorial Edimaux, Tapa Blanda En Español, 2004	Monseñor Athanasius Schneider
MLU706305296	encargo	no	Los Tres Cerditos - Mini Diverti-libros - Guadal	Guadal
MLU706305392	encargo	no	Box Set 4 Cds Jorge Drexler 30 Años Edición Limitada Rock	
MLU706312382	encargo	no	Edad Del Desconsuelo, La, De Smiley, Jane. Editorial Sexto Piso, Tapa Blanda En Español, 2019	Smiley, Jane
MLU706325736	encargo	no	Doce Pilares Jim Rohn Y Widener  Desarrollo Personal	Jim Rohn
MLU706325738	encargo	no	Libro Doce Pilares - Jim Rohn [ Original ] Express	Jim Rohn
MLU706344502	encargo	no	Indómita Raisa Martín Espinosa	Raisa Martín Espinosa
MLU706344550	disponible	si	Increibles Secretos De Un Yogui Charles Haanel Libro +	Haanel, Charles
MLU706357300	encargo	no	Libro Que Haces Con Un Problema	Yamada, Kobi
MLU706370410	encargo	no	Libro Que Haces Con Un Problema - Yamada Y Besom	Yamada, Kobi
MLU706370682	disponible	si	Increibles Secretos De Un Yogui Charles Haanel Libro	Haanel, Charles
MLU706370750	encargo	no	El Lugar Más Feliz Del Mundo - David Jiménez	Jiménez García, David
MLU706377352	encargo	no	La Edad Del Desconsuelo - Ficción Premiada De Jane Smiley	Jane Smiley
MLU706409202	encargo	no	Los Tres Cerditos Diverti-libros Con Figuras Y Escenario	Guadal
MLU706422674	encargo	no	Ellugarmásfelizdelmundo, De Jiménezgarcía,david. Editorial Kailas, Tapa Tapablandaobolsillo En Español, 2013	Jiménez García, David
MLU706535940	disponible	si	La Muerte No Existe - Sixto Paz Wells	Paz Wells, Sixto
MLU706560590	disponible	si	Libro - La Felicidad De Los Pececillos - Simon Leys	Simon Leys
MLU706560752	encargo	no	El Caballo De Raid - Manual Completo - Nancy Loving 2024	Nancy S. Loving
MLU706585218	encargo	no	La Osa Maia Es Mama, De Lic Lorena Laserre. Editorial Independently Published, Tapa Blanda En Español, 2022	Lic Lorena Laserre
MLU706586600	disponible	si	La Felicidad De Los Pececillos, Simon Leys, Acantilado	Simon Leys
MLU706638418	encargo	no	Libro Guitarra Negra - Spinetta - Primera Edición 2024	Luis Alberto Spinetta
MLU706638748	encargo	no	Tic En Contextos Educativos - Sánchez Rivas - Libro	Sánchez Rivas, Enrique
MLU706638750	encargo	no	Tecnologias De La Informacion Y Comunicacion - Aa.vv	Sánchez Rivas, Enrique
MLU706653242	encargo	no	Libro : El Yo Como Idea - Grinberg Zylberbaum, Dr. Jacobo	Grinberg-Zylberbaum, Dr. Jacobo
MLU706653818	encargo	no	El Mago Del Kremlin De Giuliano Da Empoli Editorial Grupo Planeta Tapa Blanda Edición 2023 En Español	GIULIANO DA EMPOLI
MLU706698094	disponible	si	La Civilizacion De Israel En La Vida Moderna - M. Kaplan	Mordecai M. Kaplan
MLU706711020	disponible	si	Libro Ensayos Sobre La Nacionalidad Judia - Jaime Zhitlows, De Jaime Zhitlowsky. Editorial Editorial Saban	Jaime Zhitlowsky
MLU706723880	disponible	si	Mi Estuche De Imágenes Reales - Herramienta De Comunicación	VV. AA.
MLU706724052	disponible	si	Violencia Nazi Contra La Iglesia - Mario Rosso, De Mario Rosso. Editorial Saban En Español	Mario Rosso
MLU706724108	disponible	si	La Civilizacion De Israel En La Vida Moderna - M. Kaplan	Mordecai M. Kaplan
MLU706737132	disponible	si	Ensayos Sobre La Nacionalidad Judia - Jaime Zhitlowsky	Jaime Zhitlowsky
MLU706775990	encargo	no	Escapando De La Mansión Embrujada Iker Unzu	IKER UNZU
MLU706788802	disponible	no	La Última Hazaña De Fangio: Los Torino En Nürburgring	UDRY, GUSTAVO ADOLFO
MLU706814756	encargo	no	Furia (serie Crave 2) - Tracy Wolff: Vampiros Y Dragones	Tracy Wolff
MLU706814792	disponible	no	La Ultima Hazaña De Fangio - Nurburgring - Gustavo Udry	UDRY, GUSTAVO ADOLFO
MLU707072428	disponible	si	Mi Estuche De Imagenes Reales, De Vv. Aa.. Editorial Grupo Editorial Universitario En Español, 2019	VV. AA.
MLU707085632	encargo	no	Dokkodo, De Miyamoto Musashi	Miyamoto Musashi
MLU707202844	encargo	no	Greenlights - Tu Diario, Tu Viaje De Matthew Mcconaughey	Matthew McConaughey
MLU707228802	encargo	no	Libro Greenlights - Tu Diario, Tu Viaje - Matthew Mcconau...	Matthew McConaughey
MLU707596772	encargo	no	Bajo La Puerta De Los Susurros A Veces El Final No Es Más Que Un Principio De Tj Klune Vol 1 Editorial Crossbooks Tapa Dura Edición 1 En Español 2023	TJ Klune
MLU707679252	encargo	no	Las 100 Primeras Peliculas De Nicolas Cage, De Alcázar, Paco	Alcázar, Paco
MLU707679254	encargo	no	Las 100 Primeras Peliculas De Nicolas Cage, De Alcázar, Paco. Editorial Astiberri En Español	Alcázar, Paco
MLU707679464	encargo	no	Tratado De Alquimia Sexual Samael Aun Weor Ageac	Samael Aun Weor
MLU707692328	encargo	no	Martes Con Mi Viejo Profesor - Usado Excelente Estado	Mitch Albom
MLU707730524	encargo	no	Be 2.0: Cómo Lograr Que Tu Empresa Sea Un Negocio Exitoso Y Sostenible, De Jim Collins / Willliam Lazier., Vol. 1. Editorial Reverté, Tapa Blanda, Edición 1 En Español, 2024	JIM COLLINS / WILLLIAM LAZIER
MLU707730762	encargo	no	Tratado De Alquimia Sexual - Samael Aun Weor: Guía Esotérica	Samael Aun Weor
MLU707743434	encargo	no	Life Is Strange: Bienvenidos A La Academia Blackwell	Forbeck, Matt
MLU707743436	encargo	no	Life Is Strange: Bienvenidos A La Academia Blackwell - Fo...	Forbeck, Matt
MLU707743600	disponible	si	Coleccion Grandes Aventuras - Genios (11 Libros)	VVAA
MLU707764534	encargo	no	Murdle: Más Crímenes Por Resolver	G. T. Karber
MLU707777372	encargo	no	Be 2.0: Cómo Lograr Que Tu Empresa Sea Un Negocio Exitoso	JIM COLLINS / WILLLIAM LAZIER
MLU707777386	encargo	no	Murdle: Resuelve El Crimen	G. T. Karber
MLU707816230	encargo	no	Libro La Totalidad Y El Orden Implicado - Bohm , David	Bohm, David
MLU707859674	disponible	si	Guia Completa De Rastreo	Carss, Bob
MLU707881400	encargo	no	Brighter Ideas 1 - Class Book With Online Practice	Palin, Cheryl
MLU707886024	encargo	no	Cónclave, De Harris, Robert. Editorial Grijalbo, Tapa Blanda En Español	Harris, Robert
MLU707898668	disponible	si	Guía Completa De Rastreo - Bob Carss, Técnicas De Seguimient	Carss, Bob
MLU707972396	encargo	no	La Totalidad Y El Orden Implicado Bohm Un Nuevo Paradigma	la TOTALIDAD Y EL ORDEN IMPLICADO
MLU708027190	encargo	no	Cónclave - Robert Harris, Thriller De Intriga En El Vaticano	Harris, Robert
MLU709076232	encargo	no	La Jubilación Una Nueva Oportunidad - Bartolomé Freire	Freire Arteta, Bartolomé
MLU709193210	encargo	no	Jubilacion Una Nueva Etapa,la - Freire Bartolom	Freire Arteta, Bartolomé
MLU709206194	encargo	no	Te Amo Cuando Estás Enojado, De Erin Winters. Editorial Snowfall Publications, Llc, Tapa Blanda En Español, 2021	Erin Winters
MLU709270934	disponible	si	Para Selena, Con Amor, Edición Español, Chris Perez	Chris Perez
MLU709336090	encargo	no	Lucinda Riley | Las Siete Hermanas (#1)	Riley, Lucinda
MLU709337608	encargo	no	Mentes Dispersas Dr Gabor Maté Orígenes Y Curación Del Tda	Maté, Gabor
MLU709389406	encargo	no	Mentes Dispersas, De Mate, Gabor. Editorial Gaia Ediciones, Tapa Blanda En Español	Maté, Gabor
MLU709503382	encargo	no	Diagnósticos Enfermeros Nanda 2024-2026, Guía Completa	NANDA NANDA International
MLU709660910	encargo	no	Lucinda Riley | Las Siete Hermanas (#1)	Riley, Lucinda
MLU710130674	encargo	no	Libro Querida Yo Tenemos Que Hablar - Elizabeth Clapes	Elisabeth clapes
MLU710156792	disponible	no	Friday Night In San Francisco - Al Di Meola, Paco De Lucía	
MLU710208780	encargo	no	Doce Pasos A La Iluminación - Israel Regardie Espiritualidad	ISRAEL REGARDIE
MLU710221674	encargo	no	Querida Yo: Tenemos Que Hablar - Elizabeth Clapés	Elisabeth clapes
MLU710221846	encargo	no	Brighter Ideas 2 - Class Book With Online Practice - St Book	Charrington, Mary
MLU710270168	encargo	no	Neuroeducacion En El Aula De La Teoria A La Practica - Je...	JESUS C. GUILLEN
MLU710270234	encargo	no	Libro Querida Yo - Edición Limitada Con Contenido Exclusivo	Clapés; Elizabeth
MLU710312574	encargo	no	Manual Mecánico Nacionales E Importados 3.0 Nicodelosmotores	Nico De Los Motores
MLU710377622	encargo	no	Los Sorrentinos - Vida De Inmigrantes En Argentina	S/D
MLU710442318	encargo	no	Libro Los Sorrentinos De Virginia Higa	VIRGINIA HIGA
MLU711220278	encargo	no	De Mí Para Mí - Puedes Con Esto Y Más, Nacarid Portal	Chriss Braund
MLU711246284	disponible	si	Tarjetas Postales Studio Ghibli Vol 2 Final Frames 1984-2023	Varios Autores
MLU711259296	encargo	no	Family And Friends 1 (2nd.edition) - Class Book	Simmons, Naomi
MLU711272644	disponible	si	Libro Cartas Desde El Infierno - Eutanasia Usado	Ramón Sampedro
MLU711325372	disponible	no	El Mágico Mundo De Los Números - Fei Liu Y Wanting Li	Liu Fei
MLU711350282	encargo	no	Family And Friends 1 (2nd.edition) - Class Book + Online Res	Simmons, Naomi
MLU711416410	encargo	no	Xodó - Libro De Amor Y Sentimientos, Jairo Guerrero	Faty Salinas
MLU711453172	disponible	no	La Camorra De Acá Para Allá - Dos Decadas Tango Por El Mundo	
MLU711465884	encargo	no	Lo Indecible - Insua, Gabriela	INSUA, GABRIELA
MLU711507532	disponible	si	La Hiperactina, Que Puede Salir Mal - Sandra Ortonobes Lara	Sandra Ortonobes Lara
MLU711534268	encargo	no	Mis Geniales Predecesores Vol.1, De Kasparov , Garri., Vol. S/d. Editorial Editorial Dilema, Tapa Blanda En Español, 2020	KASPAROV , GARRI
MLU711634816	encargo	no	Murdle: Resuelve El Crimen: 101 Acertijos Endiablados Para Solucionar Usando La Lógica, De G. T. Karber. Editorial Ediciones Temas De Hoy, Tapa Blanda En Español, 2024	G. T. Karber
MLU711729798	disponible	si	Libro Rodolfo Walsh - Montoneros Y La Lucha Revolucionaria	JOZAMI, EDUARDO
MLU711754808	encargo	no	Erase Una Vez Don Quijote / Miguel De Cervantes	Miguel de Cervantes
MLU712079228	encargo	no	Manual Para Mecánicos 3.0: Nacionales E Importados, De Nico De Los Motores. Manual Nico De Motores Editorial Independently Published, Tapa Blanda, Edición 3.0 En Español	Nico De Los Motores
MLU712964966	disponible	no	Libro Barbie Chef - La Biblioteca Rosa 5	Varios autores
MLU713069108	encargo	no	Evangelio Según Tomás. Las Palabras Secretas De Jesús	Anónimo
MLU713121036	encargo	no	Evangelio Gnóstico De Tomás Palabras Secretas Jesús Gnosis	Anónimo
MLU713224874	disponible	si	Richard Feynman - The Pleasure Of Finding Things Out	Richard P. Feynman
MLU713493542	disponible	si	Libro Bodyfulness De Christine Caldwell	Christine Caldwell
MLU713571532	disponible	si	Bodyfulness - Guía De Presencia Corporal Y Empoderamiento	Christine Caldwell
MLU713593482	encargo	no	Libro Como Piensan Los Ricos	Housel, Morgan
MLU713628772	encargo	no	Libro 'los Costos Agrarios Aplicaciones Facultad Agronomía	Liliana Luisa Pagliettini
MLU714021462	encargo	no	Ilíada De Homero - Edición Gredos Clásicos	Homero
MLU714060726	encargo	no	Cambridge B1 Preliminary Practice Tests Plus - Sin Respuesta	Pearson
MLU714072318	encargo	no	Audiocuento Y Canciones La Granja De Zenón Nº2 Zenón	
MLU714316148	encargo	no	Audiocuento Granja De Zenón + Figura De Tito	ZENON
MLU714393754	disponible	si	Manual De Fonoestomatología Trovato Novedad 2018 Envíos	Monica Trovato
MLU714459074	encargo	no	Audiocuento Granja De Zenón + Figura El Pollito Lito	El Reino Infantil
MLU714465568	encargo	no	Libro Tierra Firme - Trilogía Martín Ojo De Plata Asensi	Matilde Asensi
MLU714465596	encargo	no	Box Set Hobbit And The Lord Of The Rings [ Edición De Lujo ]	J R R Tolkien El Señor de los Anillos Hobbit And The Lord Of The Rings
MLU714478364	encargo	no	Precálculo: Matemáticas Para El Cálculo Stewart  7a	Stewart, James
MLU714511144	encargo	no	Audiocuento Granja De Zenón + Figura De Rana	ZENON
MLU714585818	disponible	si	Geografía Es 4: Social Y Económica Mundial - Tinta Fresca	Silvana Escalante
MLU714604980	encargo	no	Precalculo Stewart Matemáticas Para El Cálculo Cengage	Stewart, James
MLU714624588	encargo	no	Los Ingenieros Del Caos Da Empoli Giuliano Tapa Blanda Español	da Empoli, Giuliano
MLU714624652	disponible	no	Granja Zenon Audiocuento Parlante	LGZEA7210
MLU714650704	encargo	no	Audiocuento Granja De Zenón + Figura De Miranda	ZENON
MLU714650752	encargo	no	Audiocuento Granja De Zenón + Figura De Pato	ZENON
MLU714650788	encargo	no	Audiocuento Granja De Zenón + Figura De Mamá Pata	ZENON
MLU714670136	encargo	no	The Shadow Sister - Lucinda Riley, Tercera The Seven Sisters	Lucinda Riley
MLU714676768	encargo	no	Audiocuento Granja De Zenón + Figura De La Cotorra	ZENON
MLU714728600	encargo	no	Audiocuento Granja De Zenón  + Figura De Juan	ZENON
MLU714785850	disponible	si	Libro Ragnarok El Camino De Un Hombre Tapa Blanda	Hombres Peligrosos
MLU714798756	encargo	no	Estuche Lujo El Hobbit Y El Señor De Anillos J.r.r. Tolkien	J R R Tolkien El Señor de los Anillos Hobbit And The Lord Of The Rings
MLU714902644	encargo	no	Mercado De Divisas Y Análisis Del Mercado Financiero, De Juan Mascareñas Pérez. Editorial Piramide, Tapa Blanda En Español	Juan Mascareñas Pérez
MLU714917984	disponible	si	Libro - Borges Y Yo - Jay Parini - Emecé	Jay Parini
MLU715000224	encargo	no	Complete Global Perspectives - Cambridge Lower Secondary - S	No Aplica
MLU715078720	encargo	no	Cambridge Lower Secondary Global Perspectives Student Book	No Aplica
MLU715086980	disponible	no	América Latina: Desigualdad Y Esperanza - Pablo Gentili	Gentili, Pablo
MLU715111284	disponible	no	America Latina, Entre La Desigualdad Y La Esperanza - Pablo	Gentili, Pablo
MLU715427312	encargo	no	Anticáncer, De Servan-schreiber, Dr. David. Editorial Espasa, Tapa Blanda En Español	Servan-Schreiber, Dr. David
MLU715466640	encargo	no	Las Lealtades	Vigan, Delphine de
MLU715575392	encargo	no	Tierra Firme, De Matilde Asensi. Editorial Independently Published, Tapa Blanda En Español, 2007	Matilde Asensi
MLU715687498	encargo	no	Grandmaster Of Demonic Cultivation (mo Dao Zu Shi) 1 Español	Mo Xiang Tong Xiu
MLU715700402	disponible	si	Lo Que Pasó Anabel González Trauma Herida Abandono Pérdida	Anabel Gonzalez
MLU716241584	encargo	no	Rumi Oracle : An Invitation Into The Heart Of The Divine	Alana Fairchild
MLU716520374	encargo	no	The Singles Collection Britney Spears Grandes Éxitos 2009	
MLU716624764	encargo	no	Las Gratitudes - Delphine Devigan	Vigan, Delphine de
MLU716650666	encargo	no	K-on! Complete Edition, De Kakifly. Serie K-on! Editorial Kemuri, Tapa Blanda, Edición 1 En Castellano, 2023	Kakifly
MLU716663648	encargo	no	Manual De Endocrinología Ginecológica Y Reproductiva Saegre	SAEGRE
MLU716753034	encargo	no	Keeping 13: Continuación Del Romance En Los Chicos De Tommen	Chloe Walsh
MLU716769662	encargo	no	Sanando Heridas: Mientras Despido Tus Recuerdos	Jairo Guerrero
MLU716795670	encargo	no	El Cielo Está Abierto: Activación De La Glándula Pineal	Fresia Castro
MLU716894374	disponible	si	El Hielo: Explorando La Torre, De Juan Bermúdez Romero. Editorial Anaya Multimedia, Tapa Blanda En Español, 2022	Bermúdez Romero, Juan
MLU716947896	disponible	si	Dictadura Amor Propio - De Ugarte Crítica Positivismo Tóxico	Nerea De Ugarte López
MLU717026288	encargo	no	Los Principios Que Nos Guìan Narcoticos Anonimos	Narcóticos Anónimos
MLU717104048	disponible	si	La Dictadura Del Amor Propio, De Nerea De Ugarte Lopez. Editorial Montena, Tapa Blanda En Español, 2023	Nerea De Ugarte López
MLU717117712	disponible	si	Un Principio Espiritual Por Día Narcóticos Anónimos	Narcóticos Anónimos
MLU717181774	encargo	no	Libro Colorarteterapia De Merritt	Merritt
MLU717524340	encargo	no	Colección Una Antología Del Tango , De Vvaa. Editorial Sony Music Entertainment Argentina Y Luppa Solutions, Tapa Dura En Español, 2011	VVAA
MLU717628402	disponible	no	Vudú: (3318) Blixen, De Angélica Liddell. Editorial Ediciones La Uña Rota, Tapa Blanda En Español, 2024	Angélica Liddell
MLU717630158	disponible	si	La Muerte: Un Amanecer - Elisabeth Kübler-ross Tapa Dura	Elisabeth Kübler-ros
MLU717668930	encargo	no	Libro Plantas Alucinógenas Calmantes Y Estimulantes	Berdonces i Serra, Josep Lluís
MLU717728508	disponible	si	Cartas De Las Flores De Bach, Las - Satanassi, Lucilla	SATANASSI, LUCILLA
MLU717732940	encargo	no	Crea Tu Riqueza: Libro Inversiones Bolsa Financiera Cardona	Alejandro Cardona
MLU717746228	encargo	no	Libro Blackpink, De Besley, Adrian. Roca Editorial, Tapa Blanda	Besley, Adrian
MLU717759846	disponible	no	Anticancer - Dr David Servan-schreiber	Servan-Schreiber, David
MLU717823714	encargo	no	Crea Tu Propia Riqueza: Descubre El Mundo De Las Inversiones	Independent
MLU717849700	encargo	no	Libro Vehículos Eléctricos E Híbridos 2024 Manual Técnico Fp	Oscar Barrera Doblado - Jaon Antoni Ros Marin
MLU717850192	encargo	no	Blackpink: Todo Sobre Las Reinas Del K-pop Libro Para Blinks	Besley, Adrian
MLU717850276	encargo	no	Enciclopedia Tolkien: Personajes Lugares De La Tierra Media	David Day
MLU717868960	disponible	si	Mi Primera Comunión, De Equipo San Pablo	EQUIPO SAN PABLO
MLU717967880	encargo	no	Libro: Tus Números Mágicos C92	SWAMI MANUEL
MLU717979840	disponible	si	Mi Primera Comunión, De Equipo San Pablo. Editorial San Pablo Editorial, Tapa Dura En Español, 2018	EQUIPO SAN PABLO
MLU718005642	encargo	no	Tus Números Mágicos - Guía De Energía Numérica	SWAMI MANUEL
MLU718021028	disponible	si	Cartas De Las Flores De Bach, Las - Satanassi, Lucilla	SATANASSI, LUCILLA
MLU718175024	encargo	no	Libro Cambridge Primary Global Perspectives 6 Learner Book	Adrian Ravenscroft & Thomas Holman
MLU718279202	disponible	si	El Códice Neshamá. Iniciación. Quini Amores	Quni Amores
MLU718942830	disponible	si	El Kama-sutra Moderno - François Hérausse - Guía Sexual	François Hérausse
MLU718969030	encargo	no	Londres - Guia Mapa (2da. Ed) - De Dios, Julián	De Dios Julián
MLU718981384	disponible	no	Libro La Reina Sin Reino Peridis Trilogía De La Reconquista	Peridis
MLU718994332	disponible	si	Libro Kama Sutra Punto X Punto Manual Práctico  Sexualidad	AUTOR
MLU719007230	disponible	no	La Reina Sin Reino, De Peridis. Editorial Espasa, Tapa Dura En Español	Peridis
MLU719046406	encargo	no	Handpan Method -  Hal Leonard	Mark D'ambrodio
MLU719066460	disponible	si	Mapa De Los Pirineos 1:340.000 -desplegable Anaya Touring	Anaya Touring
MLU719085426	disponible	no	Libro De Ganchillo: Amigurumis De Navidad Por Khuc Cay	Khuc Cay
MLU719085490	disponible	si	Prueba Gráfica Htp Actualizada- Con Detalles -	Rosa Inés Colombo - Marina Gurvich
MLU719226548	disponible	si	Mapa De Los Pirineos 1:340.000 - (desplegable), De Anaya Touring. Editorial Anaya En Spa	Anaya Touring
MLU719552652	encargo	no	Planting Oudolf Kingsbury - Diseño De Jardines Sostenible	Piet Oudolf y Noel Kingsbury
MLU719905226	disponible	si	Esculpiendo Palabras Arena Psic. Emocional Infantil Trauma	Cristina Cortés Viniegra
MLU719905476	disponible	no	Santa Envidia Libro Espiritualidad Y Diálogo Religioso	Barbara Brown Taylor
MLU720089032	encargo	no	Ganchillo Moderno Libro De Patrones Paso A Paso	Crafts, Rosas
MLU720101960	encargo	no	Libro Rosas Crafts. Ganchillo, De Crafts, Rosas. Editorial Libros Cúpula, Tapa Blanda	Crafts, Rosas
MLU720269780	encargo	no	Símbolos Y Mantras. Sanadores Para La Ascensión	Loskant, Jorg
MLU720478680	encargo	no	Boxer 2 Manhwa Coreano Español Drama Y Lucha	JIHUN JUNG
MLU720557046	disponible	si	Sé Quien Quieras Ser Método Nf Fórmula Tu Vida Naty Franz	Naty Franz
MLU720633028	encargo	no	Sanadores Para La Ascensión Guía Espiritual Lemuria	Loskant, Jorg
MLU720634264	encargo	no	Arcángel Miguel Decretos Y Oraciones De Protección	ELIZABETH PROPHET
MLU720747630	encargo	no	Boxer 3  Manhwa E Jihun Jung	JIHUN JUNG
MLU720794554	encargo	no	Valentía 2, De Kelbin Torres. Editorial Venado Real, Tapa Blanda, Edición 1 En Español	Kelbin Torres
MLU720827324	encargo	no	Charlas Ted	Anderson, Chris
MLU720983192	encargo	no	Charlas Ted Guía Oficial Hablar En Público Charles Anderson	Anderson, Chris
MLU721052860	encargo	no	Libro Valentía Ii Kelbin Torres Dolor Y Resiliencia	Kelbin Torres
MLU721130720	disponible	si	Mi Estuche De Pictos, De Aavv. Editorial Grupo Editorial Universitario En Español	AAVV
MLU721322970	disponible	no	Rage Against The Machine 2cd Álbumes Originales Rock	
MLU721323036	encargo	no	Los Palmeras Discografìa Completa Vol 1 Estándar	
MLU721330940	encargo	no	El Tesoro Del Anciano De Las Pirámides Swami Manuel	SWAMI MANUEL
MLU721595646	disponible	si	Libro Gilgamesh	Anónimo
MLU724482130	disponible	si	Seamos Tan Inteligentes Como La Naturaleza - Gunter Pauli	Pauli, Gunter
MLU724487764	encargo	no	113 Cosas Que Hacer Antes De Los 13 - Varios Autores	Varios autores
MLU724489088	disponible	no	El Mundo Después De Gaza - Geopolítica Y Conflicto	Mishra, Pankaj
MLU724500578	encargo	no	Doma Natural - Conexión Respetuosa Con El Caballo Equino	Elisabeth de Corbigny
MLU724501358	encargo	no	Brandon Sanderson Saga Archivo De Las Tormentas Box Estuche	Sanderson, Brandon
MLU724677418	encargo	no	Libro El Paradigma - Superá Bloqueos Mentales Hoy	Proctor, Bob
MLU724738736	disponible	si	Rolling Stones - Las Mejores Tapas De Discos, De Daniel Flores. Editorial Colecciones La Naciòn, Tapa Blanda En Español	Daniel Flores
MLU724742510	encargo	no	Libro El Almanaque De Naval Ravikant - Éxito Y Sabiduría	Eric Jorgenson
MLU724780842	disponible	si	Libro Seamos Tan Inteligentes Como La Naturaleza Gooley	Pauli, Gunter
MLU724788002	encargo	no	Astrogenealogia, De Londero, Elena#malfa, Mauro., Vol. 1. Editorial Ediciones Obelisco S.l., Tapa Blanda, Edición 1 En Español, 2024	londero, elena#malfa, mauro
MLU724788012	disponible	si	Cuaderno De Estimulación Cognitiva 6 A 8 Años: ¿juegas Conmigo?, De Giraldo Granados, Pedro., Vol. 1. Editorial Atomo Games Editorial (libros), Tapa Blanda En Español	GIRALDO GRANADOS, PEDRO
MLU724806572	encargo	no	Libro La Sombra Sobre Innsmouth - Lovecraft Terror Cósmico	H.P. Lovecraft / Tomas Hijo
MLU724819888	encargo	no	Quicksilver Saga Alquimia & Fae 1 Tapa Dura Cantos Tintados	Hart, Callie
MLU724820222	encargo	no	Manual Ejercicios Pleyadianos - Amorah Quan Yin Sanación	Amorah Quan Yin
MLU724832790	disponible	si	El Narcisismo, De Lowen, Alexander. Editorial Paidós, Tapa Blanda En Español, 2019	Lowen, Alexander
MLU724839484	encargo	no	Libro Nuestras Madres - Generación De Mujeres Fuertes	Ruiz Pala, Gemma
MLU724845760	disponible	si	Diseño Humano - Guía De Autoconocimiento Y Energía	Bunnell, Lynda, Ra Uru Hu
MLU724853162	encargo	no	Libro El Rulas Vol. 3 [ La Epica Vuelta Al Mundo ] Original, De Animalize21., Vol. 1. Editorial Destino, Tapa Dura En Español, 2024	Animalize21
MLU724853170	disponible	si	Cuaderno De Dislexia Y Lectoescritura. 5-7 Años: ¿jugamos Con Los Sonidos?, De Izquierdo Prieto, Juan José., Vol. 1. Editorial Atomo Games Editorial (libros), Tapa Blanda En Español	IZQUIERDO PRIETO, JUAN JOSE
MLU724881796	disponible	si	Diseño Humano	Bunnell, Lynda
MLU724888420	encargo	no	Nuestras Madres, De Gemma Ruiz Pala. Editorial Consonni, Tapa Blanda, Edición 1 En Español	Ruiz Pala, Gemma
MLU724894914	encargo	no	Libro Quicksilver Hart Callie Editorial Faeris Editorial Tapa Dura En Español Cantos Pintados 2025	Hart, Callie
MLU724895314	encargo	no	Manual De Ejercicios Pleyadianos - Amorah Quan Yin	Quan Yin, Amorah
MLU724901990	disponible	si	Libro Nuevos Cuadernos De Teoria Vol.1 [ Original ], De Dionisio De Pedro Cursa., Vol. 1. Editorial Real Musical, Tapa Blanda, Edición Nueva Edición En Español, 2015	Dionisio De Pedro Cursa
MLU724914176	encargo	no	Libro Orden Mundial [ Pasta Dura ] Ray Dalio	Ray Dalio
MLU724920930	encargo	no	El Almanaque De Naval Ravikant, De Eric Jorgenson. Editorial Colección Baelo, Tapa Blanda En Español, 2022	Eric Jorgenson
MLU724927902	encargo	no	Indomita, De Martin Espinosa, Raisa. Editorial Siren Books, Tapa Blanda En Español, 2024	MARTIN ESPINOSA, RAISA
MLU724936780	encargo	no	L Universo Holográfico - Talbot Física Y Conciencia Cuantica	Michael Talbot
MLU724937186	encargo	no	Como Ser El Amor Que Buscas: Rompe Ciclos, Encuentra La Paz Y Sana Tus Relaciones, De Nicole Lepera. Editorial Vr Editoras, Tapa Blanda En Español, 2024	LePera, Nicole
MLU724949502	encargo	no	Un Mundo Inmenso 2 - Fronteras Y Curiosidades Globales	Autores, Vários
MLU724974222	encargo	no	Libro Plan De Dieta Keto Intermitente, El, De Carla Nieto Martinez. Editorial Sirio, Tapa Blanda En Español, 2022	Nieto Martínez, Carla
MLU724975126	encargo	no	El Archivo De Las Tormentas (contiene: El Camino De Los Reyes Palabras Radiant, De Sanderson, Brandon., Vol. 0. Editorial B De Bolsillo, Tapa Blanda, Edición 0 En Español, 2024	Sanderson, Brandon
MLU725001718	encargo	no	Dalio - Principios Para El Nuevo Orden Global Hoy	Dalio, Ray
MLU725026232	encargo	no	Dieta Keto Intermitente - Plan Completo Para Adelgazar	Nieto Martínez, Carla
MLU725027656	encargo	no	Murdle Junior. Casos Curiosos Para Mentes Curiosas, De Karber, G. T.. 449, Vol. 1. Editorial Alfaguara, Tapa Blanda, Edición 1 En Castellano, 2025	Karber, G. T.
MLU725027730	encargo	no	Libro Keto Mediterráneo - Dieta Cetogénica Y Sabor	RIBAS TORRES, MARINA
MLU725028208	encargo	no	Binding 13 (edicion Especial), De Walsh, Chloe. Editorial Montena, Tapa Dura En Español, 2024	Walsh, Chloe
MLU725343154	disponible	no	La Teoria Polivagal Y El Desarrollo Infantil, De George S Thompson. Editorial Editorial Eleftheria Sl, Tapa Blanda En Español, 2024	Sanders, Marilyn R.
MLU725395600	disponible	no	Los Oesterheld - Alicia Beltrami / Fernanda Nicolini	Alicia Beltrami / Fernanda Nicolini
MLU725434768	disponible	no	Los Oesterheld - Alicia Beltrami / Fernanda Nicolini	Alicia Beltrami / Fernanda Nicolini
MLU725435232	encargo	no	Libro Punto Tunecino - Tejido Entre Ganchillo Y Tricot	Osswald, Tanja
MLU725447448	encargo	no	Ragnarok. El Camino De Un Hombre. Versión Extendida	Humberto Montesinos
MLU725473134	disponible	no	Libro Polivagal Infantil - Trauma Y Regulación Emocional	GEORGE S THOMPSON
MLU725474470	disponible	si	Guias Para Trabajar Los Pasos De Narcóticos Anónimos	VVAA
MLU725487128	encargo	no	Punto Tunecino Tejido A Ganchillo, De Osswald, Tanja. Editorial El Drac, S.l., Tapa Blanda En Español	Osswald, Tanja
MLU725539444	encargo	no	Ejercicios Espitiruales San Ignacio De Loyola	SAN IGNACIO LOYOLA,KEMPIS, TOMAS DE
MLU725539446	encargo	no	Libro Ejercicios Espirituales/imitación De Cristo - San Ign	SAN IGNACIO LOYOLA,KEMPIS, TOMAS DE
MLU725600532	disponible	si	Tejer Con Los Dedos	Mary Beth Temple
MLU726489334	encargo	no	Neuropediatria, De Caraballo, Roberto. Editorial Medica Panamericana En Español	Roberto H. Caraballo
MLU726549418	disponible	si	Lenin Y Trotsky - Política, Revolución Y Debate	Alejandro Horowicz
MLU727751532	encargo	no	Libro Sal Grasa Acido Calor - Samin Nosrat	Nosrat, Samin
MLU727803130	encargo	no	Las Palabras Que Jamas Dije: Un Viaje Hacia La Libertad Em, De Miumiu, Isabelle. Editorial Independently Published, Tapa Blanda En Español, 2024	Miumiu, Isabelle
MLU727803394	encargo	no	Manual De Velas Japonesas - Trading Y Bolsa - Isabel Nogales	Isabel Nogales
MLU727842200	encargo	no	Las Palabras Que Jamas Dije Viaje Libertad  Miumiu Isabelle	Miumiu, Isabelle
MLU727881314	disponible	si	A Mí También - Paula Bonet, Feminismo Y Denuncia	Soto, Karina M.
MLU727881316	disponible	si	A Mi Tambien - Varios Autores	Soto, Karina M.
MLU727997306	encargo	no	Fundamentos De Tc De Alta Resolución Pulmonar	Brett M. Elicker
MLU728036264	encargo	no	Los Dones De La Imperfección	Brown, Brené
MLU728037612	disponible	no	La Respiración Holotrópica Un Nuevo Enfoque A La Autoexploración Y La Terapia De Grof Stanislav Editorial La Liebre De Marzo Tapa Blanda	Grof, Stanislav
MLU728037624	disponible	no	Buenas Noches, Ovejita (la Ovejita Que Vino A Cenar. Libro De Carton), De Smallman, Steve., Vol. 1. Editorial Beascoa, Tapa Dura En Español	Smallman, Steve
MLU728063126	disponible	si	El Magico Mundo Del Fondo Del Mar, De Aa.vv.. Bebés Llorones, Vol. 1. Editorial Panini España S.a., Tapa Blanda En Español	AA.VV.
MLU728085694	encargo	no	El Trauma D La Vida Cotidiana-mark Epstein-guía Paz Interior	Epstein, Mark
MLU728085932	encargo	no	Fundamentos De Tc De Alta Resolucion Pulmonar - Webb	ELICKER - WEBB
MLU728087302	disponible	no	Movimiento Y Lenguajes: De La Experiencia Sensoperceptiva A La Conciencia Y El Pensamiento, De Cañabate I Ortiz, Dolors., Vol. 1. Editorial Editorial Grao, Tapa Blanda En Español	Cañabate i Ortiz, Dolors
MLU728087308	disponible	si	Parte Comun: Una Concepción Alternativa Del Derecho A La Propiedad Privada, De Cretois, Pierre., Vol. 1. Editorial Nuevos Emprendimientos Editoriales S L, Tapa Blanda En Español	CRETOIS, PIERRE
MLU728099918	encargo	no	Una Vida Extraordinaria (spanish Edition), De Benigno, Juan. Editorial Independently Published, Tapa Pasta Blanda, Edición 1 En Español, 2024	Benigno, Juan
MLU728124200	encargo	no	Libro Ciudad De Dios - Vida De San Agustin	San Agustín
MLU728124212	encargo	no	Trauma De La Vida Cotidiana,el - Epstein, Mark	Epstein, Mark
MLU728130222	disponible	si	Mi Estuche De Pictos - Ropa Y Complementos	Geu Editorial
MLU728137418	encargo	no	Los Dones De La Imperfección - Brené Brown	Brown, Brené
MLU728190552	disponible	si	Más Allá De Lo Creíble: Paradojas Enigmáticas Y Figuras Imposibles, De Falletta, Nicholas. Desafíos Matemáticos, Vol. 1. Editorial Gedisa, Tapa Blanda En Español	Falletta, Nicholas
MLU728227826	encargo	no	San Agustín - La Ciudad De Dios - Vida San Agustín - Posidio	San Agustín
MLU728563918	disponible	si	100 Ejercicios Para Mejorar Tu Comprensión Lectora	José Luis MORA CANO
MLU728729884	encargo	no	Ejercicios Para Ralentizar El Deterioro Cognitivo - 1, De Ignacio Olivar., Vol. 1. Editorial Editorial Ccs, Tapa Blanda En Español	IGNACIO OLIVAR
MLU728733006	disponible	si	Libro Repasando Las Matemáticas 1.1, De González Rus, Gaspar, Tapa Blanda	González Rus, Gaspar
MLU728755870	encargo	no	Conocimiento Sagrado: Psicodélicos Y Experiencia Religiosa, De Richards, William., Vol. 1. Editorial Kairós, Tapa Blanda En Español	Richards, William A.
MLU728781864	encargo	no	La Muerte Un Amanecer, De Kubler Ross Elisabeth. Editorial Luciernaga Ed., Tapa Blanda En Español, 2024	Kublerross, Elisabeth
MLU728820870	encargo	no	Fabricante De Lagrimas Edicion Especial, De Doom, Erin., Vol. 1. Editorial Montena, Tapa Dura En Español, 2024	Doom, Erin
MLU728940672	disponible	si	100 Ejercicios Para Mejorar Tu Comprensión Lectora Razonar	José Luis MORA CANO
MLU728963626	encargo	no	Xodó, De Salinas, Faty. Editorial Independently Published, Tapa Pasta Blanda, Edición 1 En Español, 2023	Salinas, Faty
MLU728963632	encargo	no	Keeping 13 (los Chicos De Tommen 2), De Chloe Walsh. Los Chicos De Tommen, Vol. 2. Editorial Montena, Tapa Blanda En Español, 2024	Walsh, Chloe
MLU729199694	encargo	no	Tim Grover Relentless Book - Elite Mindset Training	Tim Grover Winning
MLU729342456	encargo	no	Psychology Of Money - Morgan Housel Finanzas	Morgan Housel
MLU729342458	encargo	no	Book: The Psychology Of Money - Hardback - Morgan Housel	Morgan Housel
MLU729381408	disponible	si	Resuelvo Problemas 7 Geu Editorial	Geu Editorial
MLU729407086	encargo	no	Conoce La Única Verdad, De Sebastian Santisteban. Editorial Independently Published, Tapa Blanda En Español, 2022	Sebastian Santisteban
MLU729459192	encargo	no	Conoce La Única Verdad Sebastián Santisteban Conocimiento	Sebastian Santisteban
MLU729712256	encargo	no	Ecocardiografía Cabrera 2a Ed Fernando Cabrera Bueno En Español Tapa Dura	Fernando Cabrera Bueno
MLU729738408	disponible	si	Enuresis Nocturna: Tratamientos Eficaces, De Bragado Álvarez, Carmen., Vol. 1. Editorial Ediciones Pirámide, Tapa Blanda En Español	Bragado Álvarez, Carmen
MLU729760110	encargo	no	Vanesa Osorio - Amor Y Pasión Hermosa Rendición	Vanesa Osorio
MLU729765382	disponible	no	Libro Las Eras De Taylor Swift Con Pegatinas	LOGAN POWELL
MLU729792416	encargo	no	Let's Learn About He Sky K3 Journey Sb + With Resources	Unknown Author
MLU729799128	encargo	no	Book : Relentless: From Good To Great To Unstoppable - Ti...	Tim S. Grover
MLU729810610	disponible	no	Rondas 3d - Canciones Infantiles Animadas	
MLU729817136	encargo	no	Spes Non Confundit Papa Francisco Bula Jubileo 2025	Papa Francisco
MLU729838208	encargo	no	Libro Madre Patria [ Desmontando La Leyenda Negra ] Original	Marcelo Gullo Omodeo
MLU729842144	encargo	no	Ecocardiografía Panamericana - Imagen Cardíaca 2024 Cabrera	Fernando Cabrera Bueno
MLU729843108	disponible	si	Conectados Laura Cuesta Cano Uso Del Móvil En Familia	Laura Cuesta CAno
MLU729844120	encargo	no	Comprensión Lectora Estrategias Lectores Autorregulados	Andrés Calero
MLU729868510	encargo	no	Rubin El Acto De Crear Una Manera De Ser	Rick Rubin
MLU729879540	encargo	no	El Tesoro Del Anciano De Las Pirámides Swami Manuel: El Tesoro Del Anciano De Las Pirámides, De Swami Manuel. Sabiduría Antigua Editorial Misticarium, Tapa Blanda, Edición Misticarium En Español, 2025	SWAMI MANUEL
MLU729895186	encargo	no	Dilexit Nos, De Papa Francisco. Editorial San Pablo, Tapa Blanda En Español, 2024	Papa Francisco
MLU729921300	encargo	no	Dilexit Nos Papa Francisco Encíclica 2024	Papa Francisco
MLU729929002	encargo	no	Tim Grover Relentless Book - Elite Mindset Training	Tim S. Grover
MLU729941930	encargo	no	Hermosa Rendición, De Vanesa Osorio. Editorial Ediciones Deja Vu, Tapa Blanda En Español	Vanesa Osorio
MLU729947440	disponible	si	Liga De La Justicia Superhéroes Más Grandiosos Dc	Dini Ross
MLU729955092	disponible	si	La Estafa De La Feminidad Lala Pasquinelli - Mujeres	Lala Pasquinelli
MLU729973342	disponible	si	Liga De La Justicia - Los Superhéroes Más Grandiosos De La T	Dini Ross
MLU730130156	encargo	no	Vehiculos Electricos E Hibridos 2.ª Edicion 2024, De Barrera Doblado, Oscar., Vol. 1. Editorial Paraninfo, Tapa Blanda, Edición 1 En Español, 2024	BARRERA DOBLADO, OSCAR
MLU730162090	disponible	no	El Magico Mundo De Los Numeros, De Fei Liu. Editorial Ediciones Sm, Tapa Dura En Español / Castellano, 2024	Fei Liu
MLU730190378	disponible	si	Guía Para Trabajar Los Pasos De Narcóticos Anónimos, De Vvaa. Editorial Narcóticos Anónimos, Tapa Blanda En Español, 2000	VVAA
MLU730288476	disponible	si	Aprende Electrónica E Robótica Educativa, De Roberto Montero Miguel. Editorial Edicións Xerais, Tapa Blanda En Gallego, 2019	Roberto Montero Miguel
MLU730330942	encargo	no	Powerless (edicion Especial Limitada) (saga Powerless 1), De Roberts, Lauren. Editorial Alfaguara, Tapa Dura En Español, 2024	Roberts, Lauren
MLU730338146	disponible	si	Libro The Eras Book [ Un Recorrido Por La Música ] De Necko Vidal Editorial Crossbooks Tapa Dura En Español 2024	NECKO VIDAL
MLU730351620	disponible	si	Adictos Sexuales Anónimos, De Saa Fellowship. Editorial Sex Addicts Anonymous, Tapa Blanda En Español, 2017	SAA Fellowship
MLU730352002	disponible	si	Cuaderno Isométrico, De Dibujo Técnico Fundamental., Vol. 1. Editorial Independently Published, Tapa Blanda En Español	Dibujo Técnico Fundamental
MLU730359662	encargo	no	Doma Natural. Adiestramiento Del Caballo En Libertad, Pie A	DE CORBIGNY , ELISABETH
MLU730423550	encargo	no	Junji Ito's Cat Diary: Yon & Mu, De Ito, Junji. Editorial Ivrea Argentina, Tapa Blanda, Edición 1 En Español, 2015	Ito, Junji
MLU730696610	encargo	no	Palacio Del Deseo, De Mahfuz, Naguib. Austral Editorial Austral México, Tapa Blanda En Español, 2013	Mahfuz, Naguib
MLU730722480	encargo	no	Cuando El Cielo Se Vuelva Amarillo De Pascual Nerea Vol 1 Editorial Esencia Tapa Blanda Español	pascual, nerea
MLU731344422	encargo	no	Prisioneros De La Geografã­a - Marshall, Tim	Marshall, Tim
MLU731395990	encargo	no	Meditaciones Mujeres Que Aman Demasiado Robin Norwood	Norwood, Robin
MLU731421932	disponible	no	Cosas Que Piensas Cuando Te Muerdes Las Uñas Amalia Andrade	Amalia Andrade
MLU731461480	encargo	no	Karate-do Mi Camino  Autobiografía De Funakoshi	Funakoshi, Gichin
MLU731474046	disponible	no	Cosas Que Piensas Cuando Te Muerdes Las Uñas, De Amalia Andrade. Editorial Temas De Hoy, Tapa Blanda En Español	Amalia Andrade
MLU731526448	encargo	no	Karate Do - Mi Camino - Gichin Funakoshi	Funakoshi, Gichin
MLU731564978	encargo	no	Los Dias Corren Como Caballos Salvajes Por Las Montañas - Ch	Charles Bukowski
MLU731565420	encargo	no	Libro Prisioneros De La Geografía Geopolítica Mapas Marshall	Marshall, Tim
MLU731578014	encargo	no	Meditaciones Para Las Mujeres Que Aman Demasiado: Reflexiones Diarias Para Amar De Una Forma Sana, De Norwood, Robin. Editorial Vergara, Tapa Blanda En Español, 2025	Norwood, Robin
MLU731604618	encargo	no	El Rulas 4 Atrapado En El Mundo Gamer Tapa Dura	Animalize21
MLU731605466	disponible	si	Mini Divertilibros Máquinas A La Obra Libro Interactivo	Palucci, Eliana
MLU731669074	encargo	no	Los Días Corren Como Caballos Salvajes P Montañas Bukowski	Charles Bukowski
MLU731775010	encargo	no	Libro: Trading Al Día: Reflexiones Diarias Para Mejorar Tu O	Ruiz, Emilio
MLU732138198	disponible	si	Síndrome Respiratorio Bovino Guía Práctica Servet	Keith D. DeDonder
MLU732138254	disponible	si	Originales Adam Grant - Creatividad Y Cambio Social	Grant, Adam, H.
MLU732151164	encargo	no	Trading Al Día - Manual Para Invertir En Bolsa Fácil	Ruiz, Emilio
MLU732177144	disponible	no	Pulgas Y Garrapatas Guía Para Veterinarios - D. Gram -servet	Dunbar Gram
MLU732216524	encargo	no	No Te Creas Todo Lo Que Piensas - Joseph Nguyen	Joseph Nguyen
MLU732255262	disponible	si	Guías Prácticas En Producción Bovina. Diarrea Vírica Bovina (bvd), De González Rodríguez, Francisco J.. Editorial Edra, Tapa Blanda En Español	González Rodríguez, Francisco J.
MLU732281324	disponible	si	Originales. Como Los Inconformes Mueven El Mundo	Grant, Adam, H.
MLU732292982	disponible	si	Libro Futuro Es Fungico, El, De Michael Lim. Editorial Blume, Tapa Dura En Español, 2022	Michael Lim
MLU732294182	disponible	si	Guías Prácticas En Producción Porcina. Lawsonia Intracellularis, De Mcorist, Steven. Editorial Servet, Tapa Blanda En Español	McOrist, Steven
MLU733110974	encargo	no	Guía Definitiva Gustavo Cerati Especial Coleccionistas	
MLU733279842	encargo	no	Libro Retratos Realistas Con Lapices De Colores - Hull, K...	HULL, KAREN
MLU733331896	encargo	no	Técnicas De Dibujo: Retratos Realistas Con Lápices Paso	HULL, KAREN
MLU733774480	encargo	no	Spes Non Confundit Papa Francisco Bula Jubileo 2025: La Esperanza No Defrauda, De Papa Francisco. Religión Editorial San Pablo, Tapa Blanda En Español, 2024	Papa Francisco
MLU734878762	disponible	si	Pepe Mujica De Tupamaru A Presidente - Maria Esther Gilio	María Esther Gilio
MLU734948580	disponible	si	Mundo Interior Exterior: Autoconocimiento Pleno Hofmann Lsd	HOFMANN ALBERT
MLU734987578	encargo	no	El Camino Del Hombre Superior Guía Espiritual  Deida	David Deida
MLU735078474	disponible	si	Mundo Interior Mundo Exterior	HOFMANN ALBERT
MLU735091564	disponible	si	La Mujer Incierta, De Bonnett, Piedad., Vol. 1. Editorial Alfaguara, Tapa Blanda, Edición 1 En Español, 2024	Bonnett, Piedad
MLU735130636	encargo	no	Libro Desarrollo Personal Sofía Contreras Cambios Efectivos	Sofía Contreras
MLU735169488	disponible	si	Libro Chicas En Tecnologia - Contreras / Hadad / Masnatta /	Varela, Mariana
MLU735169568	encargo	no	Libro Pasa A La Acción De Sofía Contreras Editorial Planeta En Español	Sofía Contreras
MLU735194832	encargo	no	Pokemon Pikachu Rompecabezas 300 Piezas	
MLU735195550	encargo	no	Libro El Camino Del Hombre Superior. Guã­a Espiritual. Ed...	Deida, David
MLU735195584	disponible	si	Chicas En Tecnología: Libro Sobre Mujeres Líderes Digitales	Varela, Mariana
MLU735246114	encargo	no	Pokemon Pikachu Eevee Rompecabezas 300 Pz Grandes Nintendo	
MLU735308390	encargo	no	Good To Great - Jim Collins - En Español . Stock En Chile	Collins, Jim
MLU735322658	encargo	no	Libro The Mamba Mentality - Kobe Bryant [ Hardcover ]	Bryant, Kobe
MLU735322996	disponible	si	Circovirus Porcino Tipo 2: El Virus, La Enfermedad Y La Vacuna, De Segales I Coma, Joaquim. Editorial Servet, Tapa Dura En Español	Segalés i Coma, Joaquim
MLU735335610	disponible	si	Lo Que Los Caballos Nos Dicen, De Zlotnik, Anahí., Vol. 1. Editorial Kolima, Tapa Blanda En Spa, 2024	Zlotnik, Anahi
MLU735348698	disponible	si	Zoonosis, De Tutusaus,rut. 1, Vol. 1. Editorial Pinolia, Tapa Blanda, Edición 1 En Castellano, 2025	TUTUSAUS,RUT
MLU735381502	disponible	si	El Codice Neshama: Iniciacion: Iniciación, De Amores, Quini. Editorial Independently Published, Tapa Blanda En Español, 2024	Amores, Quini
MLU735387948	encargo	no	Reproducción Ovina: Guía Completa Con Imágenes In Vitro 2024	AA.VV.
MLU735394706	disponible	no	Las Eras De Taylor Swift, De Logan Powell. Editorial Libros Cupula, Tapa Blanda En Español, 2024	LOGAN POWELL
MLU735412244	disponible	si	Cuando Mamá Lastima: Sanación Del Trauma Maternal Libro	RAYO GUZMAN (MARIA DEL RAYO GUZMAN CENGTENO)
MLU735433446	disponible	si	Nudos Con Paracord: 11 Proyectos Fáciles De Hacer Paso A Paso De Pulseras, Diademas, Llaveros..., De Varios Autores., Vol. 1. Editorial Editorial El Drac, S.l., Tapa Blanda En Español, 2013	Varios autores
MLU735433448	encargo	no	Libro En Sintonía [ La Práctica De La Interdependencia ], De Thomas Hübl. Editorial Ediciones El Grano De Mostaza S.l, Tapa Blanda En Español, 2024	Hübl, Thomas
MLU735452246	disponible	si	Lo Que Los Caballos Nos Dicen - Sanar	Zlotnik, Anahi
MLU735452364	disponible	si	Zoonosis Guía Completa Enfermedade Animal Humano Actualizada	TUTUSAUS,RUT
MLU735481188	encargo	no	El Camino De Un Hombre: Ragnarok Versión Extendida, De Hombres Peligrosos., Vol. 2. Editorial Independently Published, Tapa Blanda En Español, 2025	Hombres Peligrosos
MLU735530836	encargo	no	Arqueología. Teorías, Métodos Y Prácticas (nueva Edición / Revisada Y Actualizada), De Renfrew, Colin., Vol. 1. Editorial Akal Ediciones, Tapa Blanda, Edición 01 En Español, 2022	Renfrew, Colin
MLU735569976	encargo	no	Video Girl Ai, No 7: La Declaracion: Comprender La Estructura De La Personalidad En El Proceso Clínico, De Katsura, Masakazu. 1700 Editorial Desclee De Brouwer, Tapa Blanda, Edición 1 En Español, 2025	Katsura, Masakazu
MLU735818498	encargo	no	No Te Creas Todo Lo Que Piensas Nguyen Bestseller	Joseph Nguyen
MLU735818500	encargo	no	Libro No Creas Todo Lo Que Piensas De Joseph Nguyen Editorial Aguilar Tapa Blanda	Joseph Nguyen
MLU736129132	disponible	si	Aprendizajes Filosoficos - Cerletti, Coulo, De Cerletti, Coulo. Editorial Noveduc, Edición 1 En Español	CERLETTI, COULO
MLU736131966	disponible	si	Curso Lingüística General Antología Anotada Ferdi Saussure	Ferdinand de Saussure
MLU736224728	encargo	no	Murdle Mas Crimenes Por Resolver, De G. T. Karber. Editorial Ediciones Temas De Hoy En Español, 2024	G. T. Karber
MLU736243996	encargo	no	Diversión En A Granja, De Varios Autores. Editorial Phidal Publishing, Tapa Dura En Español, 2025	Varios autores
MLU736273664	disponible	si	Curso De Lingüística General - Antología Anotada, De Ferdinand De Saussure. Editorial Akal (a), Tapa Blanda En Español	Ferdinand de Saussure
MLU736274194	encargo	no	Querida Yo: Tenemos Que Hablar (edicion Especial), De Clapes, Elizabeth. Editorial Montena En Español, 2024	Clapés; Elizabeth
MLU736351276	disponible	si	Sistemas De Informacion Gerencial 15 Ed - Laudon - 2024	Laudon
MLU736358120	disponible	si	Manual De Suturas En Veterinaria 3ª Ed: En Veterinaria, De Carbonell Tatay, Jose Maria., Vol. 1. Editorial Edra, Tapa Dura, Tercera Edición En Español	Carbonell Tatay, José María
MLU736427814	encargo	no	Pasos De Gigante La Informacion Que Necesitas Para Triunfar, De Pasos, Margarita. Editorial Harperenfoque, Tapa Blanda En Español, 2023	Pasos, Margarita
MLU736491686	disponible	si	Suturas Veterinaria Rodríguez Fernández Guía Esencial	Carbonell Tatay, José María
MLU736517746	encargo	no	Administración Tiempo Tracy Guía Práctica Tracy	Brian Tracy
MLU736530578	disponible	si	Ejercicios Psicogenealogía Schützenberger Genosociograma	Schützenberger, Anne Ancelin
MLU736556452	encargo	no	Administraci N Del Tiempo, De Brian Tracy. Editorial Grupo Nelson, Tapa Dura En Español	Tracy, Brian
MLU736808782	disponible	si	Lo Que No Paso Cómo Curar Las Heridas Que Nos Dejan El Abandono, La Ausencia Y Las Pérdidas De González Anabel Editorial Planeta Con Tapa Blanda En Español 2025	González, Anabel
MLU736899702	disponible	si	Metodologia De La Investigación Bundle Las Rutas Cuantitativa, Cualitativa Y Mixta De Hernandez Editorial Mcgrawhill Interamericana De España Tapa Blanda Segunda En Español	Hernández Sampieri
MLU737108424	encargo	no	Libro Inside - Marcelo Bosch, De Bosch, Marcelo. Editorial Club House Publishers, Tapa Blanda En Español	Bosch, Marcelo
MLU738143938	encargo	no	Llévame Y Cambiaré Tu Vida: El Método Manniello (spanish Edition), De Manniello Ph.d., Dr Donato Alberto. Editorial Oem, Tapa Blanda, 4ª Edición En Español	Manniello Ph.D., Dr Donato Alberto
MLU738519468	encargo	no	Erks Conciencia Expandida Contacto Espiritual Real Dietrich	MYRIAM DIETRICH
MLU738636428	encargo	no	Libro Calculus ( Volumen 1 ) De Tom M. Apostol	Tom M. Apostol
MLU738649560	encargo	no	Confesiones San Agustín - Traducción Académica Tecnos	Agustin San Agustin
MLU738675068	encargo	no	Llévame Contigo Y Cambiaré Tu Vida. Donato A. Manniello	Manniello Ph.D., Dr Donato Alberto
MLU738688452	encargo	no	Calculus Tomo Uno Tom M. Apostol Calculo Algebra Lineal	Tom M. Apostol
MLU738727288	encargo	no	Libro Las Confesiones, De San Agustín. Editorial Tecnos, Tapa Blanda (2012)	San Agustín
MLU739948662	disponible	no	Libro : El Yugo De Orion (2019) Un Libro Sobre El Sistema De	Topí, Da
MLU739975040	disponible	si	Parasitología Bovina - 60 Preguntas Y Respuestas Clave	Rojo Vázquez, Francisco Antonio
MLU739975134	disponible	si	Falacias Libertarias Agostinelli Cómo Evitar Caer En Estafa	Agostinelli, Guido
MLU740026986	disponible	si	Inspección Animal - Ante Y Post Mortem En Veterinaria	Autor/Autores:Juan Carlos Domínguez Vellarino
MLU740065640	disponible	no	El Yugo De Orión - Control Global Y Conciencia Cósmica	Topí, Da
MLU740066090	encargo	no	First Testbuilder (3rd.edition) With Key	Harrison, Mark
MLU740105106	disponible	si	El Canario En La Mina - Antisemitismo Y Memoria Judía	Cecilia Denot
MLU740117952	disponible	si	Inspección Ante Mortem Post Mortem En Animales De Produccion	Autor/Autores:Juan Carlos Domínguez Vellarino
MLU740182962	disponible	si	60 Q&a Sobre Parasitología Bovina (spanish Edition): Libro De Preguntas Y Respuestas, De Rojo Vázquez, Francisco Antonio., Vol. 1. Editorial Servet, Tapa Dura En Español	Rojo Vázquez, Francisco Antonio
MLU740235092	disponible	si	El Canario En La Mina: Mitos Modernos (y No Tanto) Sobre Israel Y Los Judíos, De Cecilia Denot., Vol. 1. Editorial Libros Del Zorzal, Tapa Blanda, Edición 1 En Español	Denot, Cecilia
MLU740834696	disponible	si	Libro: Los Templarios En América: Secretum Templi O Sigil	
MLU740992524	encargo	no	Stephen Gilligan Y Robert Dilts - El Viaje Del Héroe	GILLIGAN, STEPHEN
MLU740993708	encargo	no	Coger Y Comer Sin Culpa El Placer Es Feminista - Maria Ramón	María del Mar Ramón
MLU741043208	encargo	no	Revolucion Del Bienestar - Yael Kritzer	Kritzer, Yael
MLU741302570	encargo	no	Libro Universo Elegante,el	Greene, Brian
MLU741548546	disponible	no	Veterinaria Superstar, De Bernao Torres, Begoña. Editorial Apuleyo Ediciones, Tapa Dura En Español	Bernao Torres, Begoña
MLU741639524	disponible	si	Mucho Más Que Parir En Casa: Voces De Mujeres Empoderadas, De Sánchez Navarro, Carmen. Editorial Ob Stare, Tapa Blanda En Español, 2022	Sánchez Navarro, Carmen
MLU741704462	encargo	no	Tengo Un Plan: 39 Principios Para Crear Una Vida Con Resultados Y Ser Feliz, De Sergio Begueria., Vol. 1. Editorial Conecta, Tapa Blanda En Español, 2024	SERGIO BEGUERIA
MLU744369748	encargo	no	Deliciosa !	Cooper, Helen
MLU744421562	disponible	si	Hasta Que El Viento Te Devuelva La Sonrisa. Alexandra Roma	Alexandra Roma
MLU744590148	disponible	si	Libro Desarrollo A Escala Humana, De Manfred Max-neef, Vol. Unico. Editorial Econautas, Tapa Blanda (2021)	Manfred Max-Neef
MLU744590338	disponible	si	Libro En Busca Del Ser El Cuarto Camino G I Gurdjieff	G. I. GURDJIEFF
MLU744823666	encargo	no	La Revolución De Una Brizna De Paja - Fukuoka, Masanobu	Fukuoka Masanobu
MLU744888660	encargo	no	Fukuoka Revolución Brizna De Paja - Permacultura	Fukuoka Masanobu
MLU745304778	disponible	si	Libro En Busca Del Ser El Cuarto Camino G I Gurdjieff	G. I. GURDJIEFF
MLU747021176	disponible	si	Ngeles, De Galiana, Helena., Vol. 0. Editorial Tikal Ediciones, Tapa Dura En Español, 2023	Galiana, Helena
MLU747073094	encargo	no	Mentalidad Topuria Las Claves Del Éxito Campeón Ufc Blazquez	Blazquez, Miquel
MLU747437010	encargo	no	Mentalidad Topuria: Todas Las Claves Del Éxito Del Campeón De La Ufc, De Blazquez, Miquel., Vol. 1. Editorial Roca Editorial, Tapa Blanda En Español, 2024	Blazquez, Miquel
MLU748520752	disponible	si	Sola Entre Ellos Descubre La Verdad María Magdalena Saban	MARISA VENTURA
MLU748559372	disponible	si	Libro Sola Entre Ellos - Saban - Marisa Ventura	MARISA VENTURA
MLU749298286	disponible	si	El Varón Domado De Esther Vilar Editorial Ediciones Deusto Tapa Blanda Edición Especial 50° Aniversario En Español 2023	ESTHER VILAR
MLU750102662	disponible	no	Rebeldes, De Espluga, Eudald. Ah Imp Editorial Lumen, Tapa Blanda En Español, 2021	Espluga, Eudald
MLU750102664	disponible	si	Principito Y Los Pequeños Baobabs,el: Sopa De Números Y Letras, De Berrondo Agrell,marie. Desafíos Matemáticos, Vol. 1. Editorial Gedisa, Tapa Blanda En Español	BERRONDO AGRELL,MARIE
MLU751612700	encargo	no	Guitarra Negra, De Spinetta Luis Alberto. N/a, Vol. Volumen Unico. Editorial La Marca, Tapa Blanda, Edición 5 En Español, 2024	Spinetta, Luis Alberto
MLU752377568	disponible	si	Conectados. Un Contrato Familiar Para El Buen Uso Del Movil: Un Contrato Familiar Para Que El Uso Del Móvil Nos Funcione A Todos, De Cuesta, Laura. Editorial Molino, Tapa Blanda En Español, 2024	cuesta, laura
MLU752519554	encargo	no	Libro Diario De Una Ruptura [ Silvia Congost ] Original: Guía Para Curar Un Corazón Roto, De Silvia Gost. Editorial Aguilar, Tapa Blanda En Español, 2024	Silvia Congost
MLU752519558	encargo	no	Libro Netter Cuaderno De Neurociencia Para Colore De Netter Felten Editorial Elsevier Tapa Blanda En Español 2025	NETTER (FELTEN)
MLU753326602	disponible	si	Como Se Aprende, Como Se Enseña La Lengua Escrita - Ortiz, R, De Ortiz, Robino. Editorial Lugar En Español	ORTIZ, ROBINO
MLU753326768	encargo	no	Libro Ubik, De Dick, Philip K.. Editorial Minotauro, Tapa Blanda	Dick, Philip K.
MLU753327218	encargo	no	El Año De La Bruja Verde, De Solitude Of Alanna., Vol. 1. Editorial Bruguera, Tapa Dura, Edición 1 En Español, 2024	Solitude of Alanna
MLU753406478	encargo	no	No Es País Para Viejos - Cormac Mccarthy En Stock	Cormac McCarthy
MLU753430646	encargo	no	Ubik Philip K. Dick - Ficción Científica Psicológica	Dick, Philip K.
MLU753431778	encargo	no	Legado. Lecciones De Hombres Poderosos. Hombres Peligrosos	Varios autores
MLU753445014	encargo	no	Renacer En La Tormenta, De Juan Benigno. Editorial Independently Published, Tapa Blanda En Español, 2025	Benigno, Juan
MLU753456482	disponible	si	Cómo Se Aprende La Lengua Escrita: Claves De Ortiz Y Robino	ORTIZ, ROBINO
MLU753456722	encargo	no	Radiohead The Bends: Clásico 90s Coleccionable High And Dry	
MLU753624758	encargo	no	Renacer En La Tormenta: Libro Inspirador De Juan Benigno	Benigno, Juan
MLU754951450	disponible	no	Libro Jonbtc Y El Fantasma De Las Gemas [ Original ], De Jonbtc. Editorial Montena, Tapa Blanda En Español, 2024	JONBTC
MLU755016226	encargo	no	Frantz Fanon: Piel Negra, Máscaras Blancas Identidad Racismo	Frantz Fanon
MLU755016286	encargo	no	Libro Busca Y Encuentra Con Stickers Paw Patrol-pi Kids Vol. 1. Editorial Phoenix International Publications Inc., Tapa Dura, Edición 2024 En Español	Varios
MLU755016780	encargo	no	Margarita, La - Rosencof, Mauricio	Rosencof, Mauricio
MLU755017022	encargo	no	Nirvana (in Utero) 20 Aniversario Edición, Usa Cobain Kurt	
MLU755054720	encargo	no	Piel Negra, Mascaras Blancas - Frantz Fanon	Frantz Fanon
MLU755067580	disponible	no	Jonbtc Y El Fantasma De Las Gemas: Aventura Interactiva	JONBTC
MLU755068518	disponible	si	Libro Aviación Militar España - Aviones De Combate	Permuy López, Rafael Ángel
MLU756471638	encargo	no	Memento Mori Recuerda Tu Muerte Masculinidad And Sociedad Humberto Montesinos Editorial Independently Published Tapa Blanda En Español 2025	Montesinos, Humberto
MLU757318192	encargo	no	Plomo En Los Bolsillos - Izagirre,ander	Izagirre, Ander
MLU757383446	encargo	no	Libro Desfibrilador De Gilraen Eärfalas Editorial Planeta Tapa Blanda En Español	Eärfalas, Gilraen
MLU757396290	encargo	no	Experto En Vino En 24 Horas: Aprende A Catar Y Maridar Vinos	Robinson, Jancis
MLU757448328	encargo	no	Libro La Biblioteca De La Medianoche Matt Haig Vol 1 Editorial Adn Editorial Grupo Anaya Tapa Blanda En Español 2024	Matt Haig
MLU757513268	encargo	no	Plomo En Los Bolsillos: Historias Tour De Francia Izagirre	Izagirre, Ander
MLU757578048	encargo	no	Hasta La Vista Narcisista: Recupera Tu Autoestima Jiménez	jimenez gonzalez, raquel
MLU757591130	encargo	no	Libro Experto En Vino En 24 Horas - J. Robinson [ Original ]	Robinson, Jancis
MLU757875966	encargo	no	Hasta La Vista Narcisista, De Jimenez Gonzalez, Raquel. 858, Vol. 1. Editorial Harpercollins, Tapa Blanda, Edición 1 En Castellano, 2025	jimenez gonzalez, raquel
MLU758057670	encargo	no	Nazis En La Costa Del Sol, De José Manuel Portero. Serie 1 Editorial Almuzara Editorial, Tapa Blanda, Edición 1 En Español	José Manuel Portero
MLU758135662	encargo	no	Atrapados En El Parque De Atracciones Maldito, De Iker Unzu. Editorial Ediciones Martínez Roca, Tapa Dura En Español, 2025	IKER UNZU
MLU758213556	encargo	no	El Auténcico Taiji De La Familia Yang, De Fu Sheng Yuan. Editorial Alas, Tapa Blanda En Español	Fu Sheng Yuan
MLU758668996	encargo	no	Seras Tan Feliz Como Insistas - Gisela Gilges, De Gilges, Gisela. Editorial Ateneo, Tapa Blanda En Español	Gilges, Gisela
MLU759058822	encargo	no	Serás Tan Feliz Como Insistas Resiliencia Emocional Gilges	Gilges, Gisela
MLU760879752	encargo	no	Vanoni: Pastoreo Racional Intensivo	VANONI, Edgardo J.
MLU760903624	encargo	no	¿cómo Aprendemos?, De Héctor Ruiz Martín	Héctor Ruiz Martín
MLU761087586	encargo	no	Los Dones De La Imperfeccion - Brene Brown Libro Guia	Brown, Brené
MLU761297292	disponible	si	La Humanidad Frente A La Barbarie - Muchnik, D	MUCHNIK, D
MLU761475244	disponible	si	Perdidos Cristina Martin Jimenez Bilderberg Planes Secretos	MARTIN JIMENEZ, CRISTINA
MLU761656936	encargo	no	Rolling Stones Box Set 10 Cds - Edición Bestial, Rarezas Box Set Live Sessions - 10 Cds	
MLU761697760	encargo	no	Los Dones De La Imperfeccion - Brene Brown - Grupal - Libro	Brown, Brené
MLU761736800	disponible	si	Libro El Camino A Tu Hijo Reproducción Asistida Fertilidad	Reproducción Asistida
MLU761736840	encargo	no	Vanoni: Pastoreo Racional Intensivo	VANONI, Edgardo J.
MLU762542612	encargo	no	Diario De Greg: Atrapado (ed Pelicula): Atrapados En La Nieve, De Jeff Kinney., Vol. 1. Editorial Molino, Tapa Dura En Español	Jeff Kinney
MLU762594594	encargo	no	Erks, Un Estado De Conciencia - Miryam Dietrich	Miryam Dietrich
MLU762659510	encargo	no	The Boxer 03, De Jihun Jung., Vol. 0. Editorial Norma Editorial, S.a., Tapa Bolsillo, Edición 0 En Español, 2024	JIHUN JUNG
MLU763819170	disponible	si	Perdidos, De Martin Jimenez, Cristina. Editorial Ediciones Martinez Roca, Tapa Blanda En Español	MARTIN JIMENEZ, CRISTINA
MLU766245318	encargo	no	Cartas Para La Manada Cecilia Solá Sudestada	Sola, Cecilia
MLU766250362	encargo	no	Donde Viven Las Musas. Marianela Dos Santos Poemario	MARIANELA DOS SANTOS
MLU766271394	encargo	no	Libro Por Amor, Vínculos Y Deconstrucción Alaleh Nejafian	Nejafian, Alaleh
MLU766276576	encargo	no	Yo Pude, ¡tú Puedes! Margarita Pasos	Margarita Pasos
MLU766283992	encargo	no	Por Amor Por Qué Pasamos De Soportarlo Todo A No Soportar Nada De Nejafian Alaleh V&r Tapa Blanda	Nejafian, Alaleh
MLU766362930	encargo	no	The Curious Incident Of The Dog In The Night- Time, De Mark Haddon. Editorial Vintage, Tapa Blanda En Español, 2004	Mark Haddon
MLU767391756	disponible	si	Guías Prácticas En Producción Bovina. Síndrome Respiratorio Bovino, De Dedonder, Keith D.. Guías Prácticas En Producción Bovina, Vol. 1. Editorial Editorial Servet, Tapa Blanda En Español	DeDonder, Keith D.
MLU767443780	encargo	no	Dani Vence Las Rabietas, De Picatoste Legazpi,jaime., Vol. 1. Editorial Marcombo, Tapa Blanda En Español	PICATOSTE LEGAZPI,JAIME
MLU767482768	disponible	si	Veinticuatro Horas Al Dia, De Anonymous., Vol. 1. Editorial Hazelden Information Educational Services, Tapa Blanda En Español	Anónimo
MLU767482770	encargo	no	Desafios Medicos, De Aa. Vv.. Editorial Libros Cupula En Español, 2024	AA. VV.
MLU767547738	disponible	si	Demasiadas Leyes, De Spencer, Herbert., Vol. 1. Editorial Sequitur Ediciones,s.l, Tapa Blanda En Español	Spencer, Herbert
MLU767547762	encargo	no	The Boxer 02, De Jihun Jung., Vol. 2. Editorial Norma Editorial, S.a., Tapa Blanda En Español, 2024	JIHUN JUNG
MLU767573640	disponible	no	Tengo Una Abuela, De Alenda González Paula., Vol. 1. Editorial Iglu, Tapa Dura En Español	Alenda González Paula
MLU767573646	encargo	no	Furia. Serie Crave 2, De Tracy Wolff. Planeta Internacional, Vol. 1. Editorial Grupo Planeta, Tapa Blanda, Edición 1 En Español, 2024	Wolff, Tracy
MLU767586606	disponible	si	Suicidio En La Adolescencia: Manual Para Docentes, De Sanchez Alvarez, Nicolas., Vol. 1. Editorial Ediciones Piramide, Tapa Blanda En Español	Pérez Costilla, Lucía
MLU767586608	encargo	no	Juntos: Un Hermano Es Un Amigo Para Siempre: Un Hermano Es Un Amigo Para Siempre, De Aparicio, Nuria., Vol. 1. Editorial Molino, Tapa Dura En Español	APARICIO, NÚRIA
MLU767586656	encargo	no	Libro De Habilidades Cambridge Primary Global Perspectives Stage 1, Acceso Digital (1 Año), Tapa Blanda, De Adrian Ravenscroft, 2021.	Ravenscroft, Adrian
MLU769227532	encargo	no	Cartas Para La Manada: Feminismo Y Crónicas, Cecilia Solá	Sola, Cecilia
MLU773259926	disponible	no	Poeticas Afectivas - Virginia Cano	Virginia Cano
MLU781395744	encargo	no	365 Reflexiones Diarias: Bienestar Emocional Martín Virasoro	Martín Virasoro
MLU781834578	disponible	no	Noam Chomsky: Oriente Medio Y Política Internacional Actual	Noam Chomsky
MLU782991598	encargo	no	365 Una Reflexion Por Dia - Martin Virasoro - Hojas Del Sur	Martín Virasoro
MLU783486456	encargo	no	Dibujo De La Figura Humana : Principios Básicos Para Cualqui	LOOMIS, ANDREW
MLU783486672	disponible	si	Gramática Generativa: Teoría Y Análisis En Español Rivero	VICTOR SANCHEZ DE ZVALA
MLU783512296	encargo	no	Luz Sobre El Pranayama  Bks Iyengar Técnica Respiración	LUZ SOBRE EL PRANAYAMA
MLU783512298	encargo	no	Libro Luz Sobre El Pranayama - Iyengar , B.k.s	Iyengar, B. K. S.
MLU783512424	encargo	no	Cabo Trafalgar - Perez Reverte	Pérez-Reverte, Arturo
MLU783512646	encargo	no	Ramón Preocupón, Emociones Y Miedos Infantiles Browne	ANTHONY BOWNE
MLU783564380	encargo	no	Mahabharata, El - Anonimo	Anónimo
MLU783577258	disponible	si	No Es Lo Mismo - Guarnieri, Silvia, De Guarnieri, Sil. Editorial Lid Publishing En Español	Guarnieri, Sil
MLU783590626	encargo	no	Ramon El Preocupon	ANTHONY BOWNE
MLU783694260	encargo	no	Libro 100% Dulce - Estefi Colombo Ducret - Planeta	Estefi Colombo Ducret
MLU783707716	encargo	no	Sonidos Sanadores: Secretos Para Armonía Y Espiritualidad 7	Goldman, Jonathan
MLU783733720	encargo	no	Utopía Literaria, Los Desposeídos De Ursula Le Guin	Le Guin, Ursula K.
MLU784604122	disponible	si	Revelaciones  Mensajes Secretos De La Virgen María Nueva Ed	Xavier Reyes-Ayral
MLU784798708	encargo	no	El Mahabharata El Paso De Los Días  Gran Épica India	Anónimo
MLU784798970	encargo	no	Los Desposeídos - Ursula K. Le Guin	Le Guin, Ursula K.
MLU785085406	encargo	no	La Transformación Total De Su Dinero, De Dave Ramsey. Editorial Harperenfoque, Tapa Blanda En Español, 2024	Dave Ramsey
MLU785178678	disponible	no	Huevos Yoni - Mace Lilou - Neo Person - Libro	Mace, Lilou
MLU787393080	encargo	no	Diagnósticos Enfermeros. Definiciones Y Clasificación. 2024-2026: Definiciones Y Clasificación 20242026, De Nanda Nanda International. Editorial Elsevier, Tapa Blanda En Español, 2024	NANDA
MLU792782240	disponible	si	Historicamente: Claves Para Pensar (y Contar) Otras Versiones Del Pasado, De Mario Carretero., Vol. 1. Editorial Siglo Xxi Editores Argentina, Tapa Blanda En Español, 2024	Mario Carretero
MLU793432926	encargo	no	Cabeza Corazón Manos Álvaro González Alorda Tapa Dura	GONZALEZ ALORDA, ALVARO
MLU794688398	encargo	no	Bluey La Playa, De Aa.vv. 1, Vol. 1. Editorial Phidal, Tapa Blanda, Edición 1 En Castellano, 2025	AA.VV.
MLU796641994	encargo	no	Libro: Así Curaban Ellos. Meuris, Danie. Isthar Luna-sol	Meuris, Danie
MLU799048378	disponible	no	Abba Gold 40th Anniversary Hits Pop Legendario 3cd	
MLU799229272	encargo	no	7 Fases Madurativas Del Futbolista Juan Cruz Anselmi Y Enrique Borrelli Tapa Blanda	Juan Cruz Anselmi y Enrique Borrelli
MLU799268810	encargo	no	Ramones Road To Ruin Punk Clasico Legendario Disco	
MLU800399322	encargo	no	Libro Lo Que El Cielo Determina - La Tierra No Lo Elimina	Ronny Oliveira
MLU800685490	encargo	no	Ejercicios De Bioenergetica (2012), De Lowen, Alexander. Editorial Sirio, Tapa Blanda En Español, 2010	Lowen, Alexander
MLU800711342	encargo	no	Lo Que El Cielo Determina - Ronny Oliveira Espiritualidad	Ronny Oliveira
MLU800776244	disponible	si	Living In The Countryside Vida Campo Inspirador	B. STOELTIE
MLU800945398	encargo	no	Diamantes En Bruto, Mosquera, Trauma Tlp Emdr Testimonial	Dolores Mosquera
MLU800945498	encargo	no	Ejercicios Bioenergética Alexander Lowen Terapia Corporal	Lowen, Alexander
MLU801062336	encargo	no	Libro Guã­a Practica Del Toc. Pistas Para Su Liberaciã³n	Hyman, Bruce
MLU801647128	encargo	no	Cómo Ganar Dinero Acciones William O'neil Sistema Can Slim	O'NEIL, WILLIAM J.
MLU801764040	encargo	no	Del Inconveniente Haber Nacido Aforismos Filosóficos Cioran	Cioran, E. M.
MLU801789798	encargo	no	Estuche Julia Navarro Dos Novelas Dime Quién Soy Dispara	Navarro, Julia
MLU801790130	encargo	no	Libro Como Ganar Dinero Con Las Acciones - O'neil, Willia	O'NEIL, WILLIAM J.
MLU801803068	encargo	no	Del Inconveniente De Haber Nacido, De Cioran, E. M.., Vol. 1. Editorial Taurus, Tapa Blanda, Edición 1 En Castellano, 2024	Cioran, E. M.
MLU801816072	encargo	no	Dime Quien Soy	Navarro, Julia
MLU802023520	encargo	no	Estuche Julia Navarro (contiene: Dime Quien Soy Dispara, Yo Ya Estoy Muerto), De Navarro, Julia., Vol. 1. Editorial Debols!llo, Tapa Blanda, Edición 1 En Español, 2024	Navarro, Julia
MLU802209486	disponible	si	Teoria Del Caos - Murphy Robert P., La--barbarroja Lib	No Aplica
MLU804663334	disponible	si	Libro Hombre Que Está Solo Y Espera - Raúl Scalabrini Ortiz	Raúl Scalabrini Ortiz
MLU804690566	disponible	si	Tierras Y Gentes Rba 25 Tomos Colección Premium Completa	Varios Autores
MLU806183598	encargo	no	Hechizos, De Anderson, Lorraine. 2469, Vol. 1. Editorial Arkano Books, Tapa Blanda, Edición 1 En Castellano, 2025	Anderson, Lorriane
MLU806911584	encargo	no	Lo Sagrado Y Lo Profano, De Eliade, Mircea. Editorial Austral, Tapa Blanda En Español	Eliade, Mircea
MLU806924586	encargo	no	Lo Sagrado Y Lo Profano, Mircea Eliade, Análisis Religioso	Eliade, Mircea
MLU811150496	disponible	si	Libro Qué Hacemos Con Lo Que Somos - Sofi Jobs - Bruguera	Sofi Jobs
MLU811267508	disponible	si	Qué Hacemos Con Lo Que Somos - Sofi Jobs Reinventarse	Sofi Jobs
MLU811956238	disponible	si	Libro - Tao De La Juventud Eterna, El - Angelo Druda	VV. AA.
MLU815309662	encargo	no	Forex Para Principiantes: Guía Práctica,trading Y Estrategia	Jelle Peters
MLU815361664	encargo	no	Libro Forex Para Principiantes Ambiciosos [ Original ]	Jelle Peters
MLU815400712	encargo	no	Si Lo Hubiera Sabido Antes: Cómo Lograr Paz Y Libertad Financiera (spanish Edition), De Carlos Devis. Editorial Independently Published, Tapa Blanda En Español, 2023	CARLOS DEVIS
MLU815413690	encargo	no	Si Lo Hubiera Sabido Antes: Libertad Financiera Y Consejos	CARLOS DEVIS
MLU815413708	disponible	si	Moisés Y Los Diez Mandamientos, De Marco De Veri. Editorial Imaginador De Ediciones, Tapa Blanda En Español	Marco De Veri
MLU819538002	disponible	no	Libro Sangre Y Barro - Guerras Y Revoluciones Uruguay	Leonardo Borges
MLU824020508	disponible	si	¿cómo Llegó Julia A La Barriga De Mamá?, De M. Deiros, Eva. Editorial Independently Published, Tapa Blanda En Español, 2018	M. Deiros, Eva
MLU824020510	encargo	no	Lo Que Nadie Conto De La Tragedia De Los Andes: El Otro Milagro, De Rado Estol. Editorial Editorial El Ateneo, Tapa Blanda En Español, 2024	Conrado Estol
MLU824476446	disponible	si	Competition Carriage Driving - Guía Completa Carruajes	HRH The Duke of Edinburgh (Príncipe Felipe)
MLU824514116	encargo	no	William Faulkner Luz De Agosto Editorial Alfaguara	William Faulkner
MLU824514282	encargo	no	Pre-suasión Cialdini Método Influir  Convencer.  Presuasion	Robert Cialdini
MLU824631238	disponible	si	Fidel Y Raúl, Mis Hermanos - Juanita Castro	Juanita Castro Ruíz
MLU824657236	encargo	no	A Hombros De Gigantes, De Lucy & Stephen Hawking. Editorial Crítica, Tapa Blanda En Español	Hawking, Stephen
MLU824799558	encargo	no	Lego Star Wars - C-3po Echa Una Mano Luke Skywalker	Lego
MLU826913028	disponible	si	Un Estimulo Todos Los Dias, De Fernández, Victor Manuel. Editorial Guadalupe En Español	Fernández, Victor Manuel
MLU826913476	encargo	no	Manual De Esmaltes Cerámicos Técnicas Cerámica Tomo 1	Jorge Fernández Chiti
MLU826965824	encargo	no	Manual De Ballet, De Vvaa. Editorial Susaeta, Tapa Dura En Español, 2011	VV. AA.
MLU826991910	encargo	no	Manual Ballet Infantil - Movimientos Y Técnicas Básicas	VV. AA.
MLU827095182	encargo	no	Diario Margarita Y Vos,	
MLU833600600	encargo	no	Margarita Edición Oficial: Escenas Y Personajes Con Stickers	
MLU834746174	disponible	si	Memento Mori - Recuerda Tu Muerte	Varios autores
MLU844966630	encargo	no	La Última Lección Randy Pausch Inspiración Vida	Pausch, Randy
MLU844966726	disponible	si	Las Casas De Nuestra Vida - Meazza, Lorenzo	MEAZZA, LORENZO
MLU844968808	encargo	no	Viviendo Su Voluntad Como El Espiritu Santo Nos Guia A Cumplir Nuestro Proposito Eterno De Sebastian Franz Editorial Vida Tapa Blanda En Español 2024	Sebastian Franz
MLU844980962	encargo	no	Hazlo Tan Bien Que No Puedan Ignorarte	Newport, Cal
MLU844990734	encargo	no	Protocolo Clínico Pabon Actualizado 2025 Guia Rapida	Dr. J.H. Pabón
MLU844992556	disponible	si	Las Casas De Nuestra Vida Meazza Interiorismo Decoración	MEAZZA, LORENZO
MLU845003786	disponible	no	Japon Desde Una Capsula - Julian Varsavsky	Julian Varsavsky
MLU845005520	encargo	no	Ultima Leccion,la Dbc - Pausch,randy	Pausch, Randy
MLU845033490	encargo	no	Libro Lo Arácnido Y Otros Textos - Deligny - Pensamiento	Fernand Deligny
MLU845034046	disponible	si	Yo Tengo Un Ángel Que Me Sostiene La Mano - Alya Shaini	Shaini, Alya
MLU845034082	encargo	no	El Trader Disciplinado : Cómo Desarrollar Actitudes Ganadoras, De Mark Douglas. Editorial Valor Editions De España, Tapa Blanda En Español, 2020	Mark Douglas
MLU845044658	encargo	no	Mi Cofre De Baño Libro Acordeón + 4 Juguetes Baño	Autores Varios
MLU845059760	encargo	no	Viviendo Su Voluntad Sebastian Franz Cristiano	Sebastian Franz
MLU845086086	encargo	no	El Trader Disciplinado Mark Douglas Psicotrading Uruguay	Mark Douglas
MLU845099066	disponible	si	Yo Tengo Un Angel Que Me Sostiene La Mano, De Shaini, Alya. Editorial Independently Published, Tapa Blanda En Español, 2024	Shaini, Alya
MLU845146822	disponible	si	Libro Viaje Argentina Uruguay Brasil 1830-1834 Emece	Arséne Isebelle
MLU847018478	encargo	no	101 Trucos Para Decorar Ideas Y Estilos Lunwerg Editores	Cristina Larrumbe Martí
MLU847019744	encargo	no	Hazlo Tan Bien Que No Puedan Ignorarte Cal Newport	Newport, Cal
MLU847042602	disponible	si	Bach La Luz Que Nunca Se Apaga, De Grecco Floral Flores	Grecco, Eduardo H.
MLU847042604	disponible	si	Edward Bach. La Luz Que Nunca Se Apaga, De Grecco, Eduardo H.. Editorial Continente, Tapa Blanda En Español	Grecco, Eduardo H.
MLU847042628	disponible	no	Japon Desde Una Capsula - Julian Varsavsky	Julian Varsavsky
MLU847046376	encargo	no	Libro Lo Arácnido Y Otros Textos - Fernand Deligny - Cactus	Fernand Deligny
MLU848381534	encargo	no	Cuando Todo Se Derrumba Pema Chödrön 2022	Chödrön, Pema
MLU848605914	encargo	no	Dr. House Guía Para La Vida Libro Frases Serie Tv Uruguay	De la Torre, Toni
MLU848800912	encargo	no	Guia Para La Vida Dr. House, De De La Torre Toni. Editorial Alfa Futuro, Tapa Blanda En Español, 2010	De la Torre, Toni
MLU852477170	encargo	no	Qué Es Importante Para Mí Final D Mi Vida Cartasterapéutico	
MLU852923246	disponible	si	Líbranos Del Mal  Experiencias Y Testimonio Espiritual	GUSTAVO JAMUT y DIEGO GONZALEZ
MLU852939218	encargo	no	Apicultura: Conocimiento Abeja Manejo Colmena Jean-prost	JEAN-PROST , PIERRE
MLU852939278	encargo	no	Manual Apicultura Mes A Mes Guía Completa Abejas	RIONDET, Jean
MLU852939384	encargo	no	Konami Classics Videojuegos Retro Gaming Colección	MORENO, JOSE ANTONIO
MLU852978472	encargo	no	Riondet: La Apicultura Mes A Mes	RIONDET, Jean
MLU852978478	disponible	si	La Comunicacion Del Vino, De Castro Galiana, Rodolfo., Vol. 1. Editorial Fragua De Publicaciones, Tapa Blanda En Español	CASTRO GALIANA, RODOLFO
MLU852997830	encargo	no	Ese Que Fui Candelaria Schamun Testimonio Uruguay Intersex	Candelaria Schamun
MLU853001092	disponible	si	Un Sacerdote Revolución  Fernando Cardenal Libro Nicaragua	FERNANDO CARDENAL
MLU853004326	encargo	no	Raíces Del Vino Natural Sin Química Bodegas Tradicionales	Isamat Rivière, Clara
MLU853004336	encargo	no	Apicultura Natural Método Orgánico Sostenible Guia Abejas	Emanuel Canales, Magdalena Cortés
MLU853004482	encargo	no	Tratado De Apicultura Henri Clement Técnicas Actualizadas	Henri Clément
MLU853017780	encargo	no	Libro Pasatiempos Crucigrama Sudoku Entretenimiento	Revistas Rba
MLU853030688	encargo	no	Raíces Del Vino Natural: Un Año De Viña, De Isamat Rivière, Clara., Vol. 1. Editorial Sdòedicions En Español	Isamat Rivière, Clara
MLU853036912	encargo	no	Ese Que Fui: Expediente De Una Rebelión Corporal, De Candelaria Schamun. Editorial Sudamericana, Tapa Blanda En Español, 2023	Candelaria Schamun
MLU853043312	disponible	si	Libro Visión Perfecta Sin Gafas Método Natural Mejorar Vista	Bates, William H.
MLU853043374	encargo	no	Libro Apicultura Conocimiento Abeja Manejo Colmena Español Jean-prost	JEAN-PROST , PIERRE
MLU853052946	encargo	no	Desertemos, De Franco Bifo Berardi., Vol. 1. Editorial Prometeo, Tapa Blanda, Edición 1 En Español	Franco Bifo Berardi
MLU853069620	encargo	no	Konami Classics, De Moreno,jose Antonio., Vol. 1. Editorial Editorial Game Press, Tapa Dura En Español	MORENO, JOSE ANTONIO
MLU853095734	encargo	no	Manual De Sumiller: Servicio, Cata Y Maridaje Del Vino	MARTIN-TEJERA, MARIA-LUISA
MLU853095736	encargo	no	Manual Del Sumiller: El Servicio, La Cata Y El Maridaje Del Vino, De Martin-tejera, Maria-luisa., Vol. 1. Editorial Ediciones Del Azar En Español	MARTIN-TEJERA, MARIA-LUISA
MLU853108650	encargo	no	Colección Postales Color Dragonball Z Anime	Grupo Erik
MLU853145970	disponible	no	Las Señoritas - Laura Ramos - Libro - Lumen Original	Laura Ramos
MLU853921118	encargo	no	El Asombroso Mundo De Gumball 01, De Gibson, Frank. Editorial Norma Editorial, S.a., Tapa Blanda En Español	Gibson, Frank
MLU854998538	encargo	no	Silvio Y El Supercofre Explosivo, De Silvio Gamer. Editorial Montena, Tapa Blanda En Español	Silvio Gamer
MLU862968056	disponible	si	Dondino, De Yomikoko. Editorial Susaeta En Español, 2025	YOMIKOKO
MLU862999110	encargo	no	Libro Las 6r Del Negocio De Pablo Fernandez	Pablo Fernández
MLU863179650	disponible	si	Lo Incapturable - Ruben Szuchumacher	Ruben Szuchumacher
MLU863192516	disponible	si	La Misión Ponsonby I !	de Herrera, Luis Alberto
MLU863219890	encargo	no	San Francisco De Asís Escritos Espirituales - Religión Fe	De Asís, Francisco
MLU863246028	encargo	no	Las 6 R Del Negocio Rentabilidad Estrategias Empresa	Pablo Fernández
MLU863284544	disponible	si	Violencia En Las Parejas Análisis Psicológico Y Social	Sandra Hiriart
MLU863284778	encargo	no	Escritos Espirituales - De Asis, San Francisco	De Asís, Francisco
MLU863357770	disponible	si	Conciencia Fonológica: Cuadernillo De Entrenamiento, De Veronica Cassiraga, Alejandra Gettar., Vol. 1. Editorial Neuroaprendizaje Infantil, Tapa Blanda, Edición Manual En Español, 2022	Veronica Cassiraga, Alejandra Gettar
MLU863358068	disponible	si	Faunis, De Yomikoko. Editorial Susaeta En Español, 2025	YOMIKOKO
MLU863972530	disponible	si	Yo Tendría Que Estar Muerta Prandi Basada Hechos Reales	Julieta Prandi
MLU863973534	disponible	si	Libro Perderte Para Encontrarme - Elizabeth Clapés - Montena	Clapés, Elizabeth
MLU866414212	encargo	no	Libro - De Donde Vienen Los Bebes - Gran Libro De Respuesta, De Los Editores De Yoyo. Editorial S/d En Español	Los Editores De Yoyo
MLU868818280	encargo	no	El Lugar Invisible, De Llatas, Lola., Vol. 1. Editorial Obscura Editorial, Sl, Tapa Blanda En Español	LLATAS, LOLA
MLU868818290	encargo	no	Gomorra - Saviano, Roberto	Saviano, Roberto
MLU868831284	encargo	no	San Franciso De Asis, De Gilbert Keith Chesterton. Editorial Espuela De Plata, Tapa Blanda, Edición 1 En Español	Gilbert Keith Chesterton
MLU868844412	encargo	no	San Francisco De Asís - Hermann Hesse	Hesse, Hermann
MLU868857348	encargo	no	Libro Escritos De San Francisco De Asís	San Francisco de Asís
MLU868870622	encargo	no	Calendario Tolkien 2026 Oficial  Tierra Media	Lee, Alan
MLU868896452	encargo	no	Francisco De Roma Y Francisco De Asís Comparacion Papal	Boff, Leonardo
MLU868935388	encargo	no	365 Días San Francisco Asís Reflexiones Meditaciones Diarias	Pascuale, Gianluigi
MLU868935406	encargo	no	Perderte Para Encontrarme: Supera Una Ruptura Y Vuelve A Enamorarte De Ti, De Elizabeth Clapés. 28, Vol. 1. Editorial B De Bolsillo, Tapa Blanda, Edición 1 En Español, 2025	Elizabeth Clapés
MLU868961480	encargo	no	Francisco De Roma Y Francisco De Asis - Leonardo Boff	Boff, Leonardo
MLU868961556	encargo	no	Conexiones Perdidas - Hari,johan	Hari, Johann
MLU868974268	encargo	no	Gomorra Roberto Saviano Camorra Mafia Napolitana	Saviano, Roberto
MLU868974376	encargo	no	365 Días Con Francisco De Asís, De Pascuale, Gianluigi., Vol. 1. Editorial Editorial San Pablo, Tapa Pasta Blanda, Edición 1 En Español, 2011	Pascuale, Gianluigi
MLU868974378	encargo	no	San Francisco De Asís Escritos Biografías Documentos Textos	San Francisco de Asís
MLU868974568	disponible	si	Game Boy Años 90  Videojuegos Clásicos Retro Gaming	BORJA FIGUEROLA
MLU869168692	encargo	no	Pre Suasion - Cialdini,robert	Cialdini, Robert
MLU873719712	encargo	no	Libro Cero Miligramos, De Talledo, Santi. Editorial Zmg Media Group, Tapa Blanda (2024)	Talledo, Santi
MLU876692338	encargo	no	Hombre Multiorgásmico, El, De Chia, Mantak/abrams, Douglas., Vol. 1.0. Editorial Neo Person, Tapa Blanda, Edición 1.0 En Español, 2005	Chia, Mantak/Abrams, Douglas
MLU876783566	encargo	no	El Hombre Multiorgásmico Mantak Chia Sexualidad Tao	Chia, Mantak/Abrams, Douglas
MLU880959636	encargo	no	Libro Devocionario Espiritista Por Allan Kardec [ Dhl ]	Allan Kardec
MLU881063568	encargo	no	Neurodesarrollo En Neonatologío Graciela Basso Médica Panamericana	Graciela Basso
MLU881076576	encargo	no	Libro Vélez Ecg 4ª Ed 2020	Vélez Rodríguez. Desiree
MLU881180640	disponible	si	Los Secretos De Las Plantas, De David Burnie. Editorial Altea En Español	Burnie, David
MLU881297588	disponible	si	Jack El Destripador. El Mito Equivocado, De Boíza López, Juan Carlos. Editorial Oberon, Tapa Blanda En Español, 2022	Boíza López, Juan Carlos
MLU881700504	encargo	no	Alberts Introducción A La Biología Celular Original Y	Alberts, Bruce
MLU883975552	encargo	no	La Teoria Polivagal En Terapia: Como Unirse Al Rimo De La Re	DANA, DEB
MLU884183578	encargo	no	Libro Los Miedos De Ethan - Darlis Stephany	Darlis Stephany
MLU884248612	disponible	si	Comer Consciente - Pablo Gagliesi, De Gagliesi, Pablo. Editorial Edulp, Tapa Blanda En Español, 2023	Pablo Gagliesi
MLU884354700	encargo	no	Libro Carlo Acutis Inspiración Fe Juventud Cristiana	Silvia Martínez-Markus
MLU884549514	encargo	no	Carlo Acutis. Un Joven Para La Eternidad: Un Joven Para La Eternidad, De Lucas, Jose. Editorial Ediciones Palabra, S.a., Tapa Blanda En Español, 2025	LUCAS, JOSE
MLU884588372	disponible	si	No Es Un Monstruo Es Una Herida Trauma Emocional Libro	Raquel López Pavón
MLU884588438	encargo	no	Libro Carlo Acutis Vida Santidad Juventud Actual	LUCAS, JOSE
MLU884625662	encargo	no	Sabiduría De Los Reinos Ocultos ( Incluye Libro Y Cartas)	Baron-Reid, Colette
MLU884651560	disponible	no	Libro Las Trampas Del Deseo - Dan Ariely - Ariel	Dan Ariely
MLU885990560	encargo	no	La Ética Del Chocolate, De Bernfeld, Siegfried., Vol. Volumen Unico. Editorial Gedisa, Tapa Blanda En Español, 2005	Bernfeld, Siegfried
MLU886068564	disponible	si	Incendiario: 40 Días Para Consumir Tu Apatía - Itiel Arroyo	Arroyo, Itiel
MLU887471944	encargo	no	El Hombre Que Escucha A Los Caballos M Roberts Equinoterapia	ROBERTS(023287)
MLU887485186	disponible	si	La Mirada Interior Desarrollo Personal Libro Cirlot	Cirlot, Victoria;Blanca Garí
MLU887497928	encargo	no	Stranger Things Libro Oficial Serie Netflix	D'Amato, J. L.
MLU887498050	disponible	si	La Mirada Interior - Cirlot, Victoria	Cirlot, Victoria;Blanca Garí
MLU887498072	disponible	si	La Leyenda Del Grial Mitos Clásicos Libro	Jung Emma y Von Franz Marie-Louise
MLU887526750	disponible	si	America Aborigen: De Los Primeros Pobladores A La Invasion E	Mandrini, Raul
MLU887526962	disponible	si	Libro Lali: La Reina Del Pop Argentino, De Los Editores De Catapulta. Editorial Catapulta, Tapa Blanda (2025)	Los editores de Catapulta
MLU887551962	encargo	no	Herraje Caballos Hickman Manual Práctico Veterinaria	John Hickman
MLU887552660	disponible	si	Crímenes Sorprendentes Clase Alta Argentina: Casos Reales	Canaletti, Ricardo
MLU887565610	disponible	si	Crímenes Sorprendentes De La Clase Alta Argentina -canaletti	Canaletti, Ricardo
MLU887575980	disponible	si	La Ley 50	Greene, Robert
MLU887576120	encargo	no	El Hombre Que Escucha A Los Caballos	ROBERTS(023287)
MLU887576350	encargo	no	Península Casas Vacías David Uclés Premio Cálamo	Uclés, David
MLU887589236	disponible	si	La Leyenda Del Grial: Desde Una Perspectiva Psicológica	Jung Emma y Von Franz Marie-Louise
MLU887604842	disponible	si	Por Una Repolitización Del Mundo: Nuevo Análisis Global	Didier Fassin
MLU887630862	disponible	si	Libro De Lali Espósito: Vida, Música Y Giras	Los editores de Catapulta
MLU888292640	disponible	si	Hasta Que Deje De Doler, De Mar Petryk. Editorial Planeta, Tapa Blanda, Edición Nueva En Español, 2023	Mar Petryk
MLU888422838	encargo	no	Libro Maternalmente	Andrés Martín Asuero
MLU889046268	disponible	si	Ojos Gaza Libro Conflicto Medio Oriente	Plestia Alaqad
MLU889630666	encargo	no	Sentir Caballo - Anahi Zlotnik	Anahí Zlotnik
MLU889669648	disponible	si	Libro Todo Lo Que Aprendí De Ti, Abuela [ Original ], De Lucía Gutierrez. Editorial Harpercollins Ibérica, Tapa Blanda En Español, 2024	Lucía Gutierrez
MLU889851596	encargo	no	Instrumentación Quirúrgica En Cirugía Laparoscópica, Percutá	Estaban Martínez
MLU889929526	encargo	no	Libro Soy Mayor - !al Baño!	ALICE LE HENAND
MLU890605784	encargo	no	Acid For The Children - Flea	Flea
MLU890891964	encargo	no	Libro Cosmos Y Psique - Richard Tarnas - Atalanta	Richard, Tarnas
MLU890891968	disponible	si	Animate A Manifestar Tus Sueños, De Naty Franz., Vol. No Aplica. Editorial Planeta, Tapa Blanda, Edición No Aplica En Español, 2020	Naty Franz
MLU890995502	disponible	si	El Kama Sutra Gay Del Siglo Xxi, De Gabriel J. Martin , Sebas Martin. Editorial Roca Editorial De Libros, Tapa Blanda En Español, 2022	Martín, Gabriel J.
MLU893374504	encargo	no	Libro Matemáticas Para La Computación 3ª Edición, De Jiménez Murillo , José Alfredo. Editorial Alfaomega Grupo Editor, Tapa Blanda (2015)	JIMÉNEZ MURILLO , José Alfredo
MLU893426504	disponible	si	De Quien Es La Musica ? - Experiencias Y Propuestas Para La	LURA, USANDIVARAS
MLU894804764	encargo	no	Urgencias Medicas Pocket Marbán 3ra Edición	Francisco Cabrera Franquelo
MLU898318030	encargo	no	Rose In Chains: Él Es Su Mayor Enemigo... Y Su Deseo Más Prohibido., De Julie Soto., Vol. 1. Editorial Crossbooks, Tapa Dura En Español	Julie Soto
MLU898318230	encargo	no	El Apóstol Milenial Carlo Acutis Oraciones Y Novena	AGUIRRE REYES CARLOS
MLU898344212	encargo	no	Atlántida Y Lemuria Rudolf Steiner Civilización Perdida	Steiner, Rudolf
MLU898344214	encargo	no	Libro - Atlantida Y Lemuria - Rudolf Steiner	Steiner, Rudolf
MLU898344340	disponible	si	Adolescencia Schujman Desafíos Y Soluciones Familiares	Schujman, Alejandro
MLU898408942	encargo	no	Rose In Chains Julie Soto Dark Romantasy Edición Especial	Julie Soto
MLU898435216	encargo	no	El Apostol Milenial De La Esperanza, De Aguirre Reyes Carlos. Editorial San Pablo, Tapa Blanda En Español, 2025	AGUIRRE REYES CARLOS
MLU898470844	encargo	no	The Beatles - Let It Be: 50th Anniversary - Deluxe (2cd)-	
MLU898591212	disponible	si	Libro Argentina X Un Cronista A La Caza De Fantasmas - Agostinelli, De Agostinelli, Alejandro, Vol. 1. Editorial Fondo De Cultura Económica, Tapa Blanda (2025)	Agostinelli, Alejandro
MLU898591238	disponible	si	Guía Verde: Plantas Amigas Para Madres Y Niñxs Marcus	Adriana Marcus
MLU898652650	encargo	no	Alumbra La Luna - Lu Gaitán	Lu Gaitán
MLU898899648	encargo	no	Libro Esas Cosas Que Nos Pesan, De Occimorons. Editorial Bruguera, Tapa Dura	Occimorons
MLU903281584	disponible	no	Kiss Ultimate Collectors Edition Box Set 8 Discos Remasterizado	
MLU905243692	disponible	no	U2 - No Line On The Horizon Limited Edition Box Set Edición Limitada	
MLU907439660	encargo	no	Libro Cocinología Técnicas Científicas Para Chefs Y Hogar	Farrimond, Dr. Stuart
MLU912827178	encargo	no	Coca Agenda Anual Semanal 2026 Occímorons	Occimorons
MLU912827230	encargo	no	Libro Merezco Mucho Mas: Un Viaje Intimo Hacia La Sanacion Emoci, De Mercer, Isabel, Vol. 1. Editorial Independently Published, Tapa Blanda (2025)	Mercer, Isabel
MLU912853130	encargo	no	Los Primeros 90 Dias - Michael Watkins	Michael Watkins
MLU912853562	encargo	no	Libro Torres García- Un Moderno En La Arcadia	Alberro, Alexander
MLU912865414	encargo	no	Infografías Bélicas: Conflictos Y Batallas Libro	Vincent, Bernard
MLU912902480	encargo	no	Bluey ¡cómo Brillan! Libro Con Linterna Interactivo	Varios autores
MLU912944146	encargo	no	Libro Tú Eres Tu Prioridad, De Jaden Finn. Editorial Dejavu, Tapa Blanda	Jaden Finn
MLU912996398	encargo	no	Finn Tú Eres Tu Prioridad 100verdades Esenciales Para Amarte	Jaden Finn
MLU913009188	encargo	no	Mercer Sanación Emocional Y Amor Propio Viaje Íntimo	Mercer, Isabel
MLU913009642	encargo	no	Joaquín Torres-garcía: Un Moderno En La Arcadia: , De Alberro, Alexander., Vol. 1. Editorial Oceano, Tapa Pasta Dura, Edición 1 En Español, 2016	Alberro, Alexander
MLU913944844	encargo	no	Canteros Guía De Jardinería Práctica Billoch (con Detalles)	Billoch, Clara
MLU914708306	encargo	no	Watkins Primeros 90 Días Guía Éxito Laboral	Michael Watkins
MLU922183644	encargo	no	Como Hacer Un Coche  Adrian Newey Con Detalles	Adrian Newey
MLU923093472	disponible	si	Peloduro Julio E. Suárez Arca 1969 Primera Edición  Vintage	Julio E. Suarez
MLU924951504	disponible	si	Libro Kit Fluidez Lectora Y Comprensión, De Laura Cutrone. Editorial Neuroaprendizaje Infantil (2023)	Laura Cutrone
MLU925029502	encargo	no	Libro Querida Yo. Mi Agenda, De Elizabeth Clapés, Vol. 1. Editorial Montena, Tapa Dura	Elizabeth Clapés
MLU925766376	encargo	no	Los Hermanos Karamázov	Dostoyevski, Fiódor
MLU925766916	encargo	no	Libro Cálculo De Varias Variables -original, Y Sellado	James Stewart; Daniel Clegg; Saleem Watson
MLU925789894	disponible	no	Libro Mi Sombra Es Rosa	Stuart, Scott
MLU925792172	disponible	si	Antologia (ed.70 Aniversario)	Ortiz, Juan L.
MLU925792312	encargo	no	El Barco De Teseo, De V. M. Straka. Editorial Duomo Ediciones, Tapa Blanda En Español	Abrams, J.J.
MLU925803096	encargo	no	Perreo, Una Revolución: Una Revolución, De Cazzu. Editorial Reservoir Books, Tapa Blanda En Español, 2025	Cazzu
MLU925805148	disponible	si	Libro Tecnicas De Supervivencia Y Bushcraft - Fernandez C	FERNANDEZ CALAVIA, PABLO
MLU925805742	encargo	no	Cálculo De Varias Variables Trascendentes Tempranas Stewart	James Stewart; Daniel Clegg; Saleem Watson
MLU925818724	encargo	no	Chloe Walsh Keeping 13 Los Chicos De Tommen 2	Walsh, Chloe
MLU925842006	encargo	no	La Rueda Astrológica Cómo Calcular E Interpretar Tu Carta	Laurence Luminastro
MLU925896168	disponible	si	Enamorarse De Anna Karénina Un Sábado Por La Noche	Guendalina Middei
MLU925932944	disponible	no	Mamá Tiene Una Enfermedad Invisible - Infantil	Tamara Pellegrini
MLU925935346	encargo	no	Libro Nada Por Lo Que Pedir Perdón	Marcelo Gullo Omodeo
MLU925948170	encargo	no	Los Hermanos Karamázov Dostoyevski Biblioteca Autor	Dostoievski, Fiódor
MLU928514830	disponible	si	Técnicas De Supervivencia Y Bushcraft - Fernández Calavia	FERNANDEZ CALAVIA, PABLO
MLU939489104	encargo	no	Tomo Ii 108 Fórmulas Mágicas Guía Práctica	MANUEL SWAMI
MLU947545504	disponible	si	Adiccion A Las Personas - Pucheu, Olivero	Pucheu, Olivero
MLU949777246	disponible	si	Explora Nueva Zelanda Guía Y Mapa Turístico Granica	Nick Hanna
MLU950735730	disponible	si	México Arqueológico Edición Española Bonechi	Marcia Castro Leal
MLU950735982	disponible	si	Descubrir Egipto 205 Fotografías Edición En Español	Nélida Delgado Morán
MLU951783602	disponible	si	Dioses Y Mendigos, De Jose Maria Bermudez De Castro. Editorial Critica, Tapa Blanda En Español	Bermúdez de Castro, José María
MLU952199506	encargo	no	Libro Tratado De Apicultura [ Henri Clément ] Original, De Henri Clément. Editorial Ediciones Omega, Tapa Blanda En Español, 2023	Henri Clément
MLU953411582	disponible	si	Lote 9 Guías Turísticas Turquía Estambul Capadocia Malta	VVAA
MLU957789536	disponible	si	Libro Violencia En Las Parejas, De Sandra Hiriart, Vol. Único. Editorial Hugo Benjamin, Tapa Blanda	Sandra Hiriart
MLU957971524	disponible	si	Libro No Es Un Monstruo, Es Una Herida, De López Pavón, Raquel, Vol. 1. Editorial Kitaeru Libros, Tapa Blanda (2025)	López Pavón, Raquel
MLU961152240	encargo	no	Libro Mi Niñera De La Kgb, De Laura Elisa Ramos, Vol. Único. Editorial Lumen / Penguin Random House, Tapa Blanda	Laura Elisa Ramos
MLU962254440	encargo	no	Ramos Mi Niñera De La Kgb Espía Soviética En Uruguay	Laura Elisa Ramos
MLU964798254	disponible	no	Kohlmeier Breviario Mitología Clásica 3 Tomos Tapa Dura	Michael Köhlmeier
MLU974523922	disponible	si	Djokovic Bestiario De Las Emociones Fabulas Modernas	BOZIDAR DJOKOVIC
MLU974627124	disponible	si	Un Grito Por La Infancia De Gaza Crónica Feixas	Txell Feixas Torras
MLU976240082	encargo	no	La Ciudad De La Llama Azul Misterios Cerro Uritorco	Sebastiano De Filippi
MLU976265850	encargo	no	Libro La Ciudad De La Llama Azul, De Sebastiano De Filippi. Editorial Ediciones Corona Borealis, Tapa Blanda	Sebastiano De Filippi
MLU976278586	encargo	no	Sanderson Mistborn Trilogía Estuche Cantos Pintados	Brandon Sanderson
MLU976278780	encargo	no	El Mito De Sísifo Tapa Dura De Camus Albert	Camus, Albert
MLU976304880	disponible	si	Arthur Rimbaud	STARKIE, ENID/LOPEZ MUÑOZ, JOSE LUIS
MLU978799298	encargo	no	Obras Completas 2 - Jorge Luis Borges - Sudamericana Libro	Jorge Luis Borges
MLU986181504	disponible	si	Libro La Niña Que Tenia Las Lagrimas Mas Grandes Del Mundo	Giaconda Belli
MLU986441650	disponible	si	Libro - Fertilizacion Asistida. Asi Fueo Llegaste - Jadu	JADUR , DUHALDE
MLU988989524	disponible	si	Pelos Por Todos Lados - Jacqui Bailey	Bailey, Jacqui
MLU991629248	encargo	no	Crónicas Dragonlance N°2 La Tumba De Huma - Hickman	Margaret Weis / Tracy Hickman
MLU991642370	encargo	no	Dragonlance Cronicas 2 La Tumba De Huma	Margaret Weis / Tracy Hickman
MLU996102300	encargo	no	Bhagavad Gita Tal Como Es Edición Español	Bhaktivedanta swami Prabhupada
MLU996115300	encargo	no	Bhagavad Gita Tal Como Es / Pd.	Bhaktivedanta swami Prabhupada
