mlu,estado,proporcion,titulo,imagen,mercadolibre
MLU1001303650,disponible,1.33,La Reina Descalza  De Ildefonso Falcones. Editorial Distribuciones Agapea - Libros Urgentes  Tapa Dura En Castellano,https://http2.mlstatic.com/D_768154-MLU69728632906_052023-O.jpg,https://articulo.mercadolibre.com.uy/MLU-1001303650-la-reina-descalza-de-ildefonso-falcones-editorial-distribuciones-agapea-libros-urgentes-tapa-dura-en-castellano-_JM
MLU1001329818,disponible,1.22,My Hero Academia 42 Edicion Especial Cofre  De Kohei Horikoshi. Editorial Planeta Cómic (2025),https://http2.mlstatic.com/D_919756-MLA101207479189_122025-O.jpg,https://articulo.mercadolibre.com.uy/MLU-1001329818-my-hero-academia-42-edicion-especial-cofre-de-kohei-horikoshi-editorial-planeta-comic-2025-_JM
MLU1001705610,disponible,1.22,My Hero Academia 42 Edición Especial Cofre,https://http2.mlstatic.com/D_919756-MLA101207479189_122025-O.jpg,https://articulo.mercadolibre.com.uy/MLU-1001705610-my-hero-academia-42-edicion-especial-cofre-_JM
MLU1017617454,encargo,1.33,Manual Practico De La Construccion: Para Obras Nuevas Y Arreglos  De Jaime Nisnovich. 1  Vol. 1. Editorial Nisno  Tapa Blanda  Edición 1 En Español  2022,https://http2.mlstatic.com/D_767994-MLA83119183150_032025-O.jpg,https://articulo.mercadolibre.com.uy/MLU-1017617454-manual-practico-de-la-construccion-para-obras-nuevas-y-arreglos-de-jaime-nisnovich-1-vol-1-editorial-nisno-tapa-blanda-edicion-1-en-espanol-2022-_JM
MLU1017669380,encargo,1.33,Manual Práctico De Construcción Obra Y Materiales,https://http2.mlstatic.com/D_767994-MLA83119183150_032025-O.jpg,https://articulo.mercadolibre.com.uy/MLU-1017669380-manual-practico-de-construccion-obra-y-materiales-_JM
MLU1026676570,disponible,1.31,Tomlinson Walls Cd Pop Rock Internacional,https://http2.mlstatic.com/D_857393-MLA99527377608_122025-O.jpg,https://articulo.mercadolibre.com.uy/MLU-1026676570-tomlinson-walls-cd-pop-rock-internacional-_JM
MLU1026884546,disponible,1.31,Louis Tomlinson Walls Cd Nuevo 2020 Original One Direction,https://http2.mlstatic.com/D_857393-MLA99527377608_122025-O.jpg,https://articulo.mercadolibre.com.uy/MLU-1026884546-louis-tomlinson-walls-cd-nuevo-2020-original-one-direction-_JM
MLU1034099538,disponible,1.43,Nora Y Nico Van Al Dentista  De Calvo Llorente  Ainara. Editorial Geu En Español,https://http2.mlstatic.com/D_894132-MLU74203829590_012024-O.jpg,https://articulo.mercadolibre.com.uy/MLU-1034099538-nora-y-nico-van-al-dentista-de-calvo-llorente-ainara-editorial-geu-en-espanol-_JM
MLU1034177556,encargo,2.37,Mi Cofre De Baño. Libro Acordeon  De Martinez  Sigrid. Editorial Auzou En Español,https://http2.mlstatic.com/D_780002-MLU74209576869_012024-O.jpg,https://articulo.mercadolibre.com.uy/MLU-1034177556-mi-cofre-de-bao-libro-acordeon-de-martinez-sigrid-editorial-auzou-en-espanol-_JM
MLU1041316414,encargo,1.33,Cd Las Manos De Filippi - Los Métodos Piqueteros Cd,https://http2.mlstatic.com/D_723556-MLU105586165897_012026-O.jpg,https://articulo.mercadolibre.com.uy/MLU-1041316414-cd-las-manos-de-filippi-los-metodos-piqueteros-cd-_JM
MLU1047219944,disponible,1.26,Let's Learn About The Ocean Immersion Student's Book K1,https://http2.mlstatic.com/D_878001-MLU105667737120_012026-O.jpg,https://articulo.mercadolibre.com.uy/MLU-1047219944-lets-learn-about-the-ocean-immersion-students-book-k1-_JM
MLU1245271578,encargo,1.90,Test - Las Aventuras De Pata Negra,https://http2.mlstatic.com/D_929834-MLA109317410949_032026-O.jpg,https://articulo.mercadolibre.com.uy/MLU-1245271578-test-las-aventuras-de-pata-negra-_JM
MLU1245349882,encargo,1.22,Pack La Sociedad Del Cansancio Y Psicopolítica,https://http2.mlstatic.com/D_612905-MLA108523614118_032026-O.jpg,https://articulo.mercadolibre.com.uy/MLU-1245349882-pack-la-sociedad-del-cansancio-y-psicopolitica-_JM
MLU1248606070,disponible,1.33,Jujutsu Kaisen 29 Y 30 Edicion Especial Manga Gege Akutami,https://http2.mlstatic.com/D_814970-MLU108648996422_032026-O.jpg,https://articulo.mercadolibre.com.uy/MLU-1248606070-jujutsu-kaisen-29-y-30-edicion-especial-manga-gege-akutami-_JM
MLU1248607090,encargo,1.34,Biblia Ntv Letra Gigante Compacta Con Filament Español,https://http2.mlstatic.com/D_845213-MLA94309009089_102025-O.jpg,https://articulo.mercadolibre.com.uy/MLU-1248607090-biblia-ntv-letra-gigante-compacta-con-filament-espanol-_JM
MLU1248899804,encargo,1.34,Biblia Compacta Ntv  Letra Gigante Con Filament (sentipiel  Gris  Letra Roja) (spanish Edition)  De Tyndale. Editorial Tyndale House Publishers,https://http2.mlstatic.com/D_845213-MLA94309009089_102025-O.jpg,https://articulo.mercadolibre.com.uy/MLU-1248899804-biblia-compacta-ntv-letra-gigante-con-filament-sentipiel-gris-letra-roja-spanish-edition-de-tyndale-editorial-tyndale-house-publishers-_JM
MLU1256027000,encargo,1.41,Dislexia Psicomotrices  De Lenguaje  Lectura Y Escritura,https://http2.mlstatic.com/D_954480-MLA108742549328_032026-O.jpg,https://articulo.mercadolibre.com.uy/MLU-1256027000-dislexia-psicomotrices-de-lenguaje-lectura-y-escritura-_JM
MLU1258432688,disponible,1.24,Van Gogh,https://http2.mlstatic.com/D_726715-MLA109557563653_032026-O.jpg,https://articulo.mercadolibre.com.uy/MLU-1258432688-van-gogh-_JM
MLU1284134606,encargo,1.34,Reina Valera 1960 Letra Grande Cierre Protector,https://http2.mlstatic.com/D_609535-MLM31957600089_082019-O.jpg,https://articulo.mercadolibre.com.uy/MLU-1284134606-reina-valera-1960-letra-grande-cierre-protector-_JM
MLU1285132686,encargo,1.46,Biblia Reina Valera 1960 Letra Grande Tamaño Manual Cierre,https://http2.mlstatic.com/D_814246-MLU109206625986_042026-O.jpg,https://articulo.mercadolibre.com.uy/MLU-1285132686-biblia-reina-valera-1960-letra-grande-tamano-manual-cierre-_JM
MLU1297947570,encargo,1.23,Libro - Las 21 Leyes Irrefutables Del Liderazgo -john Maxwel,https://http2.mlstatic.com/D_984661-MLA109385423418_042026-O.jpg,https://articulo.mercadolibre.com.uy/MLU-1297947570-libro-las-21-leyes-irrefutables-del-liderazgo-john-maxwel-_JM
MLU1314314594,disponible,1.18,La Niña Del Parche Silvia G. Guirado Tapa Dura Español Gamusetes,https://http2.mlstatic.com/D_987841-MLU77818772041_072024-O.jpg,https://articulo.mercadolibre.com.uy/MLU-1314314594-la-nina-del-parche-silvia-g-guirado-tapa-dura-espanol-gamusetes-_JM
MLU1317659464,disponible,1.66,Papa Francisco Los Tweets De Francisco 2 Mensajes Diarios,https://http2.mlstatic.com/D_806303-MLA109639433142_042026-O.jpg,https://articulo.mercadolibre.com.uy/MLU-1317659464-papa-francisco-los-tweets-de-francisco-2-mensajes-diarios-_JM
MLU1330191560,disponible,1.33,Libro Club De Brujas - Mel Knarik / Ayelén Romano,https://http2.mlstatic.com/D_728366-MLA52222987887_102022-O.jpg,https://articulo.mercadolibre.com.uy/MLU-1330191560-libro-club-de-brujas-mel-knarik-ayelen-romano-_JM
MLU1412217840,encargo,1.33,Bluey Cuentos Inglés Bluey Tattle Tales Original,https://http2.mlstatic.com/D_621742-MLA111359638178_052026-O.jpg,https://articulo.mercadolibre.com.uy/MLU-1412217840-bluey-cuentos-ingles-bluey-tattle-tales-original-_JM
MLU1412218158,disponible,1.33,Libro Caminaré En Tu Presencia Señor 8  De Paulinas  Vol. 8. Editorial Paulinas  Tapa Blanda (2009),https://http2.mlstatic.com/D_665725-MLA111360190696_052026-O.jpg,https://articulo.mercadolibre.com.uy/MLU-1412218158-libro-caminare-en-tu-presencia-senor-8-de-paulinas-vol-8-editorial-paulinas-tapa-blanda-2009-_JM
MLU1412218222,disponible,1.78,Biblia Infantil Del Apóstol San Pablo,https://http2.mlstatic.com/D_693031-MLA112401439583_052026-O.jpg,https://articulo.mercadolibre.com.uy/MLU-1412218222-biblia-infantil-del-apostol-san-pablo-_JM
MLU1416779600,disponible,1.33,Lote 11 Figuras Japonesas Fortuna Resina Simil Marfil Dioses Beige,https://http2.mlstatic.com/D_638195-MLU111523426604_062026-O.jpg,https://articulo.mercadolibre.com.uy/MLU-1416779600-lote-11-figuras-japonesas-fortuna-resina-simil-marfil-dioses-beige-_JM
MLU1418154920,encargo,1.19,Zutani Juego De Mesa Emociones Comunicación Psicologia,https://http2.mlstatic.com/D_626953-MLU112637406387_062026-O.jpg,https://articulo.mercadolibre.com.uy/MLU-1418154920-zutani-juego-de-mesa-emociones-comunicacion-psicologia-_JM
MLU1418182490,disponible,1.33,Parches Militares Bordados Lote Aviacion Escuadron Usa Retro Azul Bordado,https://http2.mlstatic.com/D_817890-MLU112638313617_062026-O.jpg,https://articulo.mercadolibre.com.uy/MLU-1418182490-parches-militares-bordados-lote-aviacion-escuadron-usa-retro-azul-bordado-_JM
MLU1418191100,disponible,1.33,Lote Escritura Vintage Bs Lapiz Mecanico Repuestos Cross Set Plateado Azul,https://http2.mlstatic.com/D_609840-MLU112634980849_062026-O.jpg,https://articulo.mercadolibre.com.uy/MLU-1418191100-lote-escritura-vintage-bs-lapiz-mecanico-repuestos-cross-set-plateado-azul-_JM
MLU1421304746,disponible,1.16,Kit Desarrollo De La Conciencia Fonológica Tarjetas Juegos,https://http2.mlstatic.com/D_742655-MLA111610674718_062026-O.jpg,https://articulo.mercadolibre.com.uy/MLU-1421304746-kit-desarrollo-de-la-conciencia-fonologica-tarjetas-juegos-_JM
MLU1422591200,disponible,1.43,Disney Princess Moana Barco De Aventura,https://http2.mlstatic.com/D_988769-MLA79306916566_092024-O.jpg,https://articulo.mercadolibre.com.uy/MLU-1422591200-disney-princess-moana-barco-de-aventura-_JM
MLU1427061610,disponible,1.33,Lote 5 Libros Arte Cocina Historia Arguiñano Fray Butler,https://http2.mlstatic.com/D_742524-MLU112983037615_062026-O.jpg,https://articulo.mercadolibre.com.uy/MLU-1427061610-lote-5-libros-arte-cocina-historia-arguinano-fray-butler-_JM
MLU1428441348,disponible,1.50,6 Candados Elzett Hungría - Reliquia Guerra Fría Industrial Varios,https://http2.mlstatic.com/D_600235-MLU113044733985_062026-O.jpg,https://articulo.mercadolibre.com.uy/MLU-1428441348-6-candados-elzett-hungria-reliquia-guerra-fria-industrial-varios-_JM
MLU1428451562,disponible,1.33,Lote 3 Libretas Postales Francesas 1920 Color Bf/nd,https://http2.mlstatic.com/D_715800-MLU111920648652_062026-O.jpg,https://articulo.mercadolibre.com.uy/MLU-1428451562-lote-3-libretas-postales-francesas-1920-color-bfnd-_JM
MLU1428458770,disponible,1.33,Chapa Matrícula Antigua Montevideo 255490 Metal Negro Vintag,https://http2.mlstatic.com/D_824668-MLU111917376870_062026-O.jpg,https://articulo.mercadolibre.com.uy/MLU-1428458770-chapa-matricula-antigua-montevideo-255490-metal-negro-vintag-_JM
MLU1428471794,disponible,1.33,Chapa Matrícula Antigua Montevideo 206834 Metal Negro Vintag,https://http2.mlstatic.com/D_684199-MLU113040835971_062026-O.jpg,https://articulo.mercadolibre.com.uy/MLU-1428471794-chapa-matricula-antigua-montevideo-206834-metal-negro-vintag-_JM
MLU1430305332,disponible,1.33,Antiguo Carnet 24 Postales Conciergerie Paris Nd Phot,https://http2.mlstatic.com/D_846651-MLU113088580071_062026-O.jpg,https://articulo.mercadolibre.com.uy/MLU-1430305332-antiguo-carnet-24-postales-conciergerie-paris-nd-phot-_JM
MLU1430307562,disponible,1.45,Pack 1920-1940: Navaja Francesa Thiers + Postales Notre Dame Negro,https://http2.mlstatic.com/D_946621-MLU113090900529_062026-O.jpg,https://articulo.mercadolibre.com.uy/MLU-1430307562-pack-1920-1940-navaja-francesa-thiers-postales-notre-dame-negro-_JM
MLU1430338516,disponible,1.30,Pachita Jacobo Grinberg Curaciones Chamanicas Zen Libro Cero,https://http2.mlstatic.com/D_697309-MLU113094890549_062026-O.jpg,https://articulo.mercadolibre.com.uy/MLU-1430338516-pachita-jacobo-grinberg-curaciones-chamanicas-zen-libro-cero-_JM
MLU1430370116,disponible,1.33,Antiguo Carnet 24 Postales Iglesias Paris Eld Belle Epoque,https://http2.mlstatic.com/D_639819-MLU111961232988_062026-O.jpg,https://articulo.mercadolibre.com.uy/MLU-1430370116-antiguo-carnet-24-postales-iglesias-paris-eld-belle-epoque-_JM
MLU1430370316,disponible,1.33,Antiguo Carnet 24 Postales St. Germain En Laye Ll Francia,https://http2.mlstatic.com/D_911428-MLU113090126489_062026-O.jpg,https://articulo.mercadolibre.com.uy/MLU-1430370316-antiguo-carnet-24-postales-st-germain-en-laye-ll-francia-_JM
MLU1430370530,disponible,1.33,Antiguo Carnet 24 Postales Louvre G. Braun 1910 Francia,https://http2.mlstatic.com/D_991282-MLU113090039495_062026-O.jpg,https://articulo.mercadolibre.com.uy/MLU-1430370530-antiguo-carnet-24-postales-louvre-g-braun-1910-francia-_JM
MLU1435128154,disponible,1.55,Pulgas Y Garrapatas Guía Para Veterinarios - D. Gram -servet,https://http2.mlstatic.com/D_760859-MLA112600086565_062026-O.jpg,https://articulo.mercadolibre.com.uy/MLU-1435128154-pulgas-y-garrapatas-guia-para-veterinarios-d-gram-servet-_JM
MLU1435128184,disponible,1.38,Mi Estuche De Pictos - Ropa Y Complementos,https://http2.mlstatic.com/D_621186-MLA111531490332_062026-O.jpg,https://articulo.mercadolibre.com.uy/MLU-1435128184-mi-estuche-de-pictos-ropa-y-complementos-_JM
MLU1435128188,disponible,1.31,Let's Learn About: The Ocean K1 Immersion - Student's Bo,https://http2.mlstatic.com/D_605459-MLA112673086463_062026-O.jpg,https://articulo.mercadolibre.com.uy/MLU-1435128188-lets-learn-about-the-ocean-k1-immersion-students-bo-_JM
MLU1435969292,disponible,1.20,Libro Canciones Para Ir A Dormir. Libro Musical  De Amy Adele  Vol. 1. Editorial Timun Mas Infantil  Tapa Dura (2025),https://http2.mlstatic.com/D_769344-MLA111553756452_062026-O.jpg,https://articulo.mercadolibre.com.uy/MLU-1435969292-libro-canciones-para-ir-a-dormir-libro-musical-de-amy-adele-vol-1-editorial-timun-mas-infantil-tapa-dura-2025-_JM
MLU1445451016,disponible,1.23,Calendario Del Bebé: ¡con Muchas Pegatinas!  De Mcbratney  Sam. Adivina Cuánto Te Quiero  Vol. 1. Editorial Editorial Kókinos  Tapa Dura En Español,https://http2.mlstatic.com/D_805078-MLA80544813303_112024-O.jpg,https://articulo.mercadolibre.com.uy/MLU-1445451016-calendario-del-beb-con-muchas-pegatinas-de-mcbratney-sam-adivina-cuanto-te-quiero-vol-1-editorial-editorial-kokinos-tapa-dura-en-espanol-_JM
MLU1445538032,disponible,1.23,Calendario Bebé Adivina Cuánto Te Quiero Pegatinas,https://http2.mlstatic.com/D_805078-MLA80544813303_112024-O.jpg,https://articulo.mercadolibre.com.uy/MLU-1445538032-calendario-bebe-adivina-cuanto-te-quiero-pegatinas-_JM
MLU1445603352,encargo,1.82,Libro Pack Como Hacer Un Coche 2026  De Adrian Newey  Vol. 1. Editorial Libros Cúpula  Tapa Dura (2026),https://http2.mlstatic.com/D_812089-MLA112605638365_062026-O.jpg,https://articulo.mercadolibre.com.uy/MLU-1445603352-libro-pack-como-hacer-un-coche-2026-de-adrian-newey-vol-1-editorial-libros-cupula-tapa-dura-2026-_JM
MLU1446385512,disponible,1.33,Cartel Chapa Esmaltada 3413 Cont 18 De Julio Antiguo Uy Deco Blanco,https://http2.mlstatic.com/D_949066-MLU112634039924_062026-O.jpg,https://articulo.mercadolibre.com.uy/MLU-1446385512-cartel-chapa-esmaltada-3413-cont-18-de-julio-antiguo-uy-deco-blanco-_JM
MLU1447039446,disponible,1.33,Lote Novelas Antiguas Sagan Carpentier Serena Gray Usadas Uy,https://http2.mlstatic.com/D_840027-MLU113912150041_062026-O.jpg,https://articulo.mercadolibre.com.uy/MLU-1447039446-lote-novelas-antiguas-sagan-carpentier-serena-gray-usadas-uy-_JM
MLU1447491564,disponible,1.58,Lote Folklore Martin Fierro Yupanqui Falu Cuartel Sabalero,https://http2.mlstatic.com/D_938296-MLU113918043085_062026-O.jpg,https://articulo.mercadolibre.com.uy/MLU-1447491564-lote-folklore-martin-fierro-yupanqui-falu-cuartel-sabalero-_JM
MLU1448955902,disponible,1.33,Libros Afiches Feria Nacional Y Grabados Artesanias 2005,https://http2.mlstatic.com/D_737017-MLU114011576881_072026-O.jpg,https://articulo.mercadolibre.com.uy/MLU-1448955902-libros-afiches-feria-nacional-y-grabados-artesanias-2005-_JM
MLU1449037268,encargo,1.77,Disco Sólido Ssd Interno Kingston Nv2 Snv2s/1tb Azul Azul,https://http2.mlstatic.com/D_730091-MLA99508667092_112025-O.jpg,https://articulo.mercadolibre.com.uy/MLU-1449037268-disco-solido-ssd-interno-kingston-nv2-snv2s1tb-azul-azul-_JM
MLU1459114878,encargo,1.90,Golden Son Red Rising 2 Pierce Brown Ciencia Ficcion Ingles,https://http2.mlstatic.com/D_747147-MLU113389210240_072026-O.jpg,https://articulo.mercadolibre.com.uy/MLU-1459114878-golden-son-red-rising-2-pierce-brown-ciencia-ficcion-ingles-_JM
MLU1464737564,disponible,1.64,Cartel Chapa Centenario Uruguay 1830 1930 Esmaltada Retro Uy,https://http2.mlstatic.com/D_936011-MLU113632540196_072026-O.jpg,https://articulo.mercadolibre.com.uy/MLU-1464737564-cartel-chapa-centenario-uruguay-1830-1930-esmaltada-retro-uy-_JM
MLU1468166198,disponible,1.23,Malone Susurros De Nuestros Ángeles Oráculo 52 Cartas,https://http2.mlstatic.com/D_823617-MLU115085254887_072026-O.jpg,https://articulo.mercadolibre.com.uy/MLU-1468166198-malone-susurros-de-nuestros-angeles-oraculo-52-cartas-_JM
MLU1470739384,disponible,1.32,Disney Frozen Megalibro Para Colorear Con Pegatinas,https://http2.mlstatic.com/D_751661-MLU113934545928_072026-O.jpg,https://articulo.mercadolibre.com.uy/MLU-1470739384-disney-frozen-megalibro-para-colorear-con-pegatinas-_JM
MLU1471986062,disponible,1.43,Quino Colección Mafalda Edición Limitada 11 Tomos,https://http2.mlstatic.com/D_984067-MLU115299732241_072026-O.jpg,https://articulo.mercadolibre.com.uy/MLU-1471986062-quino-coleccion-mafalda-edicion-limitada-11-tomos-_JM
MLU1472701274,disponible,1.34,Melloni Anatomía Handbook Manual Ilustrado En Español,https://http2.mlstatic.com/D_968948-MLU115350153387_072026-O.jpg,https://articulo.mercadolibre.com.uy/MLU-1472701274-melloni-anatomia-handbook-manual-ilustrado-en-espanol-_JM
MLU1477977784,disponible,1.50,Lote 3 Libros Agro Ganadería Campo Y Carnes,https://http2.mlstatic.com/D_703968-MLU115772467581_082026-O.jpg,https://articulo.mercadolibre.com.uy/MLU-1477977784-lote-3-libros-agro-ganaderia-campo-y-carnes-_JM
MLU1488610972,disponible,1.37,Biblia Ntv Valor Premium Letra Grande Filament Rosa,https://http2.mlstatic.com/D_663098-MLU115102127426_082026-O.jpg,https://articulo.mercadolibre.com.uy/MLU-1488610972-biblia-ntv-valor-premium-letra-grande-filament-rosa-_JM
MLU1488611636,disponible,1.32,Biblia Ntv Ultrafina Letra Grande Filament Sentipiel Rosa,https://http2.mlstatic.com/D_925550-MLU115102606354_082026-O.jpg,https://articulo.mercadolibre.com.uy/MLU-1488611636-biblia-ntv-ultrafina-letra-grande-filament-sentipiel-rosa-_JM
MLU1495316570,disponible,1.37,Suplemento: 86 Pictos + Caja Organizadora - Geu Editorial - Blanda,https://http2.mlstatic.com/D_670899-MLA116773751539_082026-O.jpg,https://articulo.mercadolibre.com.uy/MLU-1495316570-suplemento-86-pictos-caja-organizadora-geu-editorial-blanda-_JM
MLU1496093278,disponible,1.28,Pack Libros Política Democracia Comunicación Uruguay Francia,https://http2.mlstatic.com/D_671077-MLU115546259162_082026-O.jpg,https://articulo.mercadolibre.com.uy/MLU-1496093278-pack-libros-politica-democracia-comunicacion-uruguay-francia-_JM
MLU1500634460,disponible,1.94,Carpenters Passage The Singles 1969 1973 Pack Dos Vinilos Lp,https://http2.mlstatic.com/D_657133-MLU115907250850_092026-O.jpg,https://articulo.mercadolibre.com.uy/MLU-1500634460-carpenters-passage-the-singles-1969-1973-pack-dos-vinilos-lp-_JM
MLU1501805082,disponible,1.61,Pack 3 Libros Clásicos Mann Maeterlinck Irving,https://http2.mlstatic.com/D_987466-MLU117475362631_092026-O.jpg,https://articulo.mercadolibre.com.uy/MLU-1501805082-pack-3-libros-clasicos-mann-maeterlinck-irving-_JM
MLU1501863540,disponible,1.33,Pedro Figari Lote Láminas Reproducciones Color Arte Uruguayo,https://http2.mlstatic.com/D_717456-MLU117485301661_092026-O.jpg,https://articulo.mercadolibre.com.uy/MLU-1501863540-pedro-figari-lote-laminas-reproducciones-color-arte-uruguayo-_JM
MLU476020189,encargo,1.90,Karina & Marina - Listas Para La Party - Exclusivo,https://http2.mlstatic.com/D_926287-MLU44064637260_112020-O.jpg,https://articulo.mercadolibre.com.uy/MLU-476020189-karina-marina-listas-para-la-party-exclusivo-_JM
MLU476404373,encargo,1.42,Willy El Tímido - Anthony Browne,https://http2.mlstatic.com/D_992216-MLU44250573530_122020-O.jpg,https://articulo.mercadolibre.com.uy/MLU-476404373-willy-el-timido-anthony-browne-_JM
MLU476645308,encargo,1.20,Crecer Felices  Marta Prada Montessori,https://http2.mlstatic.com/D_638672-MLU70963735448_082023-O.jpg,https://articulo.mercadolibre.com.uy/MLU-476645308-crecer-felices-marta-prada-montessori-_JM
MLU476742053,encargo,1.43,El Libro De La Lactancia - Paricio - Novedad,https://http2.mlstatic.com/D_793985-MLU44404662906_122020-O.jpg,https://articulo.mercadolibre.com.uy/MLU-476742053-el-libro-de-la-lactancia-paricio-novedad-_JM
MLU476742915,encargo,1.20,No Quiero Dormir Sola!,https://http2.mlstatic.com/D_735576-MLU44405074860_122020-O.jpg,https://articulo.mercadolibre.com.uy/MLU-476742915-no-quiero-dormir-sola-_JM
MLU476750663,disponible,1.33,Ninfa Rota - Alfredo Gómez Cerdá - Premio Anaya 2019,https://http2.mlstatic.com/D_824575-MLU71032215019_082023-O.jpg,https://articulo.mercadolibre.com.uy/MLU-476750663-ninfa-rota-alfredo-gomez-cerda-premio-anaya-2019-_JM
MLU477260894,encargo,1.62,Mamá - Anna Llenas,https://http2.mlstatic.com/D_961397-MLU70995279644_082023-O.jpg,https://articulo.mercadolibre.com.uy/MLU-477260894-mama-anna-llenas-_JM
MLU477509991,disponible,1.33,La Magia De Daniela - Un Libro Para Entender La Menstruación,https://http2.mlstatic.com/D_730332-MLU70995357642_082023-O.jpg,https://articulo.mercadolibre.com.uy/MLU-477509991-la-magia-de-daniela-un-libro-para-entender-la-menstruacion-_JM
MLU477861921,encargo,1.28,Que Digo Cuando Digo Te Amo De Gabriel Cartañá Libro,https://http2.mlstatic.com/D_715411-MLU45058444241_032021-O.jpg,https://articulo.mercadolibre.com.uy/MLU-477861921-que-digo-cuando-digo-te-amo-de-gabriel-cartana-libro-_JM
MLU478786881,encargo,1.28,Magicseer Tarot - Tarot Para Principiantes Y Lectores Expert,https://http2.mlstatic.com/D_602649-MLU45609422676_042021-O.jpg,https://articulo.mercadolibre.com.uy/MLU-478786881-magicseer-tarot-tarot-para-principiantes-y-lectores-expert-_JM
MLU478801002,encargo,1.28,Tarot Light Seer,https://http2.mlstatic.com/D_890917-MLU45625204391_042021-O.jpg,https://articulo.mercadolibre.com.uy/MLU-478801002-tarot-light-seer-_JM
MLU478829196,encargo,1.31,Test Guestaltico Visomotor-juego Tarjeta Bender Nv,https://http2.mlstatic.com/D_964744-MLU45637960919_042021-O.jpg,https://articulo.mercadolibre.com.uy/MLU-478829196-test-guestaltico-visomotor-juego-tarjeta-bender-nv-_JM
MLU479740743,encargo,1.22,Libro A Cocochito Canticuenticos,https://http2.mlstatic.com/D_634073-MLU46230184473_062021-O.jpg,https://articulo.mercadolibre.com.uy/MLU-479740743-libro-a-cocochito-canticuenticos-_JM
MLU479901283,encargo,1.57,Aprende Con Teo + 4 - Para Pintar  Jugar Y Aprender,https://http2.mlstatic.com/D_635906-MLU46308247175_062021-O.jpg,https://articulo.mercadolibre.com.uy/MLU-479901283-aprende-con-teo-4-para-pintar-jugar-y-aprender-_JM
MLU479905327,encargo,1.50,Meal Prep Si Nos Organizamos Comemos To2 Paulina Cocina,https://http2.mlstatic.com/D_607451-MLA70963193829_082023-O.jpg,https://articulo.mercadolibre.com.uy/MLU-479905327-meal-prep-si-nos-organizamos-comemos-to2-paulina-cocina-_JM
MLU479905332,encargo,1.50,Meal Prep Si Nos Organizamos Comemos Todos » Paulina Cocina,https://http2.mlstatic.com/D_958406-MLU46315153056_062021-O.jpg,https://articulo.mercadolibre.com.uy/MLU-479905332-meal-prep-si-nos-organizamos-comemos-todos-paulina-cocina-_JM
MLU481229022,encargo,1.33,Libro - Yo Nena  Yo Princesa (2da Edición) - Mansilla  Gabri,https://http2.mlstatic.com/D_959343-MLU47073851666_082021-O.jpg,https://articulo.mercadolibre.com.uy/MLU-481229022-libro-yo-nena-yo-princesa-2da-edicion-mansilla-gabri-_JM
MLU600549008,encargo,1.22,Libro - A Cocochito - Canticuenticos En Papel,https://http2.mlstatic.com/D_688880-MLU71031936983_082023-O.jpg,https://articulo.mercadolibre.com.uy/MLU-600549008-libro-a-cocochito-canticuenticos-en-papel-_JM
MLU601668380,encargo,1.78,Microcosmos Del Movimiento El Phil Unseld,https://http2.mlstatic.com/D_796364-MLU70995534764_082023-O.jpg,https://articulo.mercadolibre.com.uy/MLU-601668380-microcosmos-del-movimiento-el-phil-unseld-_JM
MLU602728339,encargo,1.84,Libro Seis Años  Seis Casitas - Josep Gregori,https://http2.mlstatic.com/D_884511-MLU47863937269_102021-O.jpg,https://articulo.mercadolibre.com.uy/MLU-602728339-libro-seis-anos-seis-casitas-josep-gregori-_JM
MLU603227596,encargo,1.78,Libro - Reina Roja Gomez Jurado,https://http2.mlstatic.com/D_727537-MLU48010554482_102021-O.jpg,https://articulo.mercadolibre.com.uy/MLU-603227596-libro-reina-roja-gomez-jurado-_JM
MLU603255265,encargo,1.62,Vida Secreta De La Mente Nuestro Cerebro Mariano Sigman,https://http2.mlstatic.com/D_932280-MLU48028826330_102021-O.jpg,https://articulo.mercadolibre.com.uy/MLU-603255265-vida-secreta-de-la-mente-nuestro-cerebro-mariano-sigman-_JM
MLU603268240,encargo,1.34,Libro La Ola Suzy Lee,https://http2.mlstatic.com/D_682392-MLU48028980175_102021-O.jpg,https://articulo.mercadolibre.com.uy/MLU-603268240-libro-la-ola-suzy-lee-_JM
MLU605155144,encargo,1.19,Mafalda. Todas Las Tiras - Quino,https://http2.mlstatic.com/D_860848-MLU71032215543_082023-O.jpg,https://articulo.mercadolibre.com.uy/MLU-605155144-mafalda-todas-las-tiras-quino-_JM
MLU605155159,encargo,1.19,Pequeño Oraculo De Los Angeles Guarda Salerno Carmine Tarot,https://http2.mlstatic.com/D_989934-MLA48436482479_122021-O.jpg,https://articulo.mercadolibre.com.uy/MLU-605155159-pequeno-oraculo-de-los-angeles-guarda-salerno-carmine-tarot-_JM
MLU609565549,encargo,1.57,Beyond B1 - Student´s Book Premium Pack And Workbook,https://http2.mlstatic.com/D_999366-MLU49391367605_032022-O.jpg,https://articulo.mercadolibre.com.uy/MLU-609565549-beyond-b1-students-book-premium-pack-and-workbook-_JM
MLU609587518,encargo,1.24,Libro Ríe Chinito - Dolores Aguirre Y Mey!,https://http2.mlstatic.com/D_901909-MLU70995230818_082023-O.jpg,https://articulo.mercadolibre.com.uy/MLU-609587518-libro-rie-chinito-dolores-aguirre-y-mey-_JM
MLU610521886,encargo,1.23,Libro Happy Hearts Starter Pupil's Book,https://http2.mlstatic.com/D_908165-MLU70995362770_082023-O.jpg,https://articulo.mercadolibre.com.uy/MLU-610521886-libro-happy-hearts-starter-pupils-book-_JM
MLU610833391,encargo,1.26,Libro Bebop 3 - Student´s Book - Macmillan,https://http2.mlstatic.com/D_778298-MLU49649292502_042022-O.jpg,https://articulo.mercadolibre.com.uy/MLU-610833391-libro-bebop-3-students-book-macmillan-_JM
MLU610858534,encargo,1.22,Libro Bebop 3 - Activity Book - Macmillan,https://http2.mlstatic.com/D_865627-MLU49649400318_042022-O.jpg,https://articulo.mercadolibre.com.uy/MLU-610858534-libro-bebop-3-activity-book-macmillan-_JM
MLU611249434,encargo,1.20,Oráculo - Baraja De Las Flores Místicas,https://http2.mlstatic.com/D_864349-MLU70994628802_082023-O.jpg,https://articulo.mercadolibre.com.uy/MLU-611249434-oraculo-baraja-de-las-flores-misticas-_JM
MLU611848613,encargo,1.22,Cartas - Oráculo - Pequeño Oráculo De Los Colores - Claire D,https://http2.mlstatic.com/D_831131-MLU49841894295_052022-O.jpg,https://articulo.mercadolibre.com.uy/MLU-611848613-cartas-oraculo-pequeno-oraculo-de-los-colores-claire-d-_JM
MLU612009785,encargo,1.36,Cartas Tarot - Magas Ilustradas: Libro De Tarot + Mazo,https://http2.mlstatic.com/D_689337-MLU49865850270_052022-O.jpg,https://articulo.mercadolibre.com.uy/MLU-612009785-cartas-tarot-magas-ilustradas-libro-de-tarot-mazo-_JM
MLU612576105,disponible,1.32,Libro - Spiderman - Marvel - Estuche,https://http2.mlstatic.com/D_952223-MLU71032117441_082023-O.jpg,https://articulo.mercadolibre.com.uy/MLU-612576105-libro-spiderman-marvel-estuche-_JM
MLU612990668,encargo,2.02,El Espejo En Casa De Mamá Papá - Separacion Divorcio,https://http2.mlstatic.com/D_825749-MLU50107349614_052022-O.jpg,https://articulo.mercadolibre.com.uy/MLU-612990668-el-espejo-en-casa-de-mama-papa-separacion-divorcio-_JM
MLU613258878,encargo,1.47,Libro - Pubertad En Marcha - Calvo  Lynn Y Otro,https://http2.mlstatic.com/D_822432-MLU70995183934_082023-O.jpg,https://articulo.mercadolibre.com.uy/MLU-613258878-libro-pubertad-en-marcha-calvo-lynn-y-otro-_JM
MLU615514990,encargo,1.33,Libro - Feminismos. Debates Pendientes - Rita Segato,https://http2.mlstatic.com/D_961387-MLU50745497618_072022-O.jpg,https://articulo.mercadolibre.com.uy/MLU-615514990-libro-feminismos-debates-pendientes-rita-segato-_JM
MLU616086768,encargo,1.44,Libro -cuentos Spiderman Hombre Araña 4 Tomos Pizarra Magica,https://http2.mlstatic.com/D_931988-MLU50944731048_072022-O.jpg,https://articulo.mercadolibre.com.uy/MLU-616086768-libro-cuentos-spiderman-hombre-arana-4-tomos-pizarra-magica-_JM
MLU616130634,encargo,1.60,Libro Juego - Frozen. El Reino Del Hielo - Editorial Geu,https://http2.mlstatic.com/D_670585-MLU50945521094_072022-O.jpg,https://articulo.mercadolibre.com.uy/MLU-616130634-libro-juego-frozen-el-reino-del-hielo-editorial-geu-_JM
MLU616136653,encargo,1.25,Libro - Buscando S Dory. Percepción Espacial Y Lateralidad,https://http2.mlstatic.com/D_967907-MLU70963920984_082023-O.jpg,https://articulo.mercadolibre.com.uy/MLU-616136653-libro-buscando-s-dory-percepcion-espacial-y-lateralidad-_JM
MLU616466958,encargo,1.19,Cartas - Anne Stokes Legends Tarot,https://http2.mlstatic.com/D_611898-MLA51050184761_082022-O.jpg,https://articulo.mercadolibre.com.uy/MLU-616466958-cartas-anne-stokes-legends-tarot-_JM
MLU616788696,encargo,1.43,Libro - Tony Stark Iron Man 5 Ironman 2020 Parte 1 Dan Slott,https://http2.mlstatic.com/D_695249-MLU71174749643_082023-O.jpg,https://articulo.mercadolibre.com.uy/MLU-616788696-libro-tony-stark-iron-man-5-ironman-2020-parte-1-dan-slott-_JM
MLU616800908,encargo,1.57,Libro - El Saber Proscrito - Alice Miller,https://http2.mlstatic.com/D_765731-MLU51116645061_082022-O.jpg,https://articulo.mercadolibre.com.uy/MLU-616800908-libro-el-saber-proscrito-alice-miller-_JM
MLU616839611,encargo,1.30,Libro - Feroz... ¡feroz! - Liliana Cinetto,https://http2.mlstatic.com/D_839385-MLU51110857563_082022-O.jpg,https://articulo.mercadolibre.com.uy/MLU-616839611-libro-feroz-feroz-liliana-cinetto-_JM
MLU616858148,disponible,1.36,Tarjetas Disciplina Positiva En Inglés,https://http2.mlstatic.com/D_930565-MLU70963916604_082023-O.jpg,https://articulo.mercadolibre.com.uy/MLU-616858148-tarjetas-disciplina-positiva-en-ingles-_JM
MLU617157279,encargo,1.45,Libro - Test Del Dibujo De Familia Ampliado Con 103 Ilustrac,https://http2.mlstatic.com/D_752517-MLU51233029737_082022-O.jpg,https://articulo.mercadolibre.com.uy/MLU-617157279-libro-test-del-dibujo-de-familia-ampliado-con-103-ilustrac-_JM
MLU617185029,encargo,1.22,Cartas - Pequeño Oráculo De Marsella - Marianne Costa,https://http2.mlstatic.com/D_643485-MLU71031850005_082023-O.jpg,https://articulo.mercadolibre.com.uy/MLU-617185029-cartas-pequeno-oraculo-de-marsella-marianne-costa-_JM
MLU617515286,encargo,1.22,Cartas - Universal Tarot Grand Trumps - Lo Scarabeo,https://http2.mlstatic.com/D_654865-MLU51358487107_082022-O.jpg,https://articulo.mercadolibre.com.uy/MLU-617515286-cartas-universal-tarot-grand-trumps-lo-scarabeo-_JM
MLU617950424,encargo,1.40,Libro - Gaturro : Mundial Qatar 2022,https://http2.mlstatic.com/D_949113-MLU51474808482_092022-O.jpg,https://articulo.mercadolibre.com.uy/MLU-617950424-libro-gaturro-mundial-qatar-2022-_JM
MLU618446214,disponible,1.17,Summa+ #118: Hacia Una Arquitectura Sostenible,https://http2.mlstatic.com/D_936517-MLU70999688003_082023-O.jpg,https://articulo.mercadolibre.com.uy/MLU-618446214-summa-118-hacia-una-arquitectura-sostenible-_JM
MLU618477275,encargo,1.48,Revista Lazer  Lote 20 Revistas  Manga  Anime,https://http2.mlstatic.com/D_941428-MLA70963193811_082023-O.jpg,https://articulo.mercadolibre.com.uy/MLU-618477275-revista-lazer-lote-20-revistas-manga-anime-_JM
MLU619022766,encargo,1.61,Coleccion Audiocuentos La Granja De Zenon Cuento + Bartolito,https://http2.mlstatic.com/D_693346-MLU51720448625_092022-O.jpg,https://articulo.mercadolibre.com.uy/MLU-619022766-coleccion-audiocuentos-la-granja-de-zenon-cuento-bartolito-_JM
MLU619633719,encargo,1.50,Libro - El Síndrome De La Impostora - Cadoche,https://http2.mlstatic.com/D_789403-MLU51889249206_102022-O.jpg,https://articulo.mercadolibre.com.uy/MLU-619633719-libro-el-sindrome-de-la-impostora-cadoche-_JM
MLU620082583,encargo,1.48,Libro - La Oruga Muy Hambrienta/the Very Hungry Caterpill...,https://http2.mlstatic.com/D_907595-MLU51957791157_102022-O.jpg,https://articulo.mercadolibre.com.uy/MLU-620082583-libro-la-oruga-muy-hambrientathe-very-hungry-caterpill-_JM
MLU620684875,encargo,1.28,Libro - Duelo Mascotas Infantil Siempre Querré,https://http2.mlstatic.com/D_852042-MLU52169978459_102022-O.jpg,https://articulo.mercadolibre.com.uy/MLU-620684875-libro-duelo-mascotas-infantil-siempre-querre-_JM
MLU620695247,disponible,1.33,Libro - Caminaré En Tu Presencia  Señor! 8 (nuevo),https://http2.mlstatic.com/D_854325-MLU71031559989_082023-O.jpg,https://articulo.mercadolibre.com.uy/MLU-620695247-libro-caminare-en-tu-presencia-senor-8-nuevo-_JM
MLU620771899,encargo,1.85,Libro - Bird Checklist - Horacio Matarazzo,https://http2.mlstatic.com/D_603282-MLU71031423923_082023-O.jpg,https://articulo.mercadolibre.com.uy/MLU-620771899-libro-bird-checklist-horacio-matarazzo-_JM
MLU621571836,disponible,1.24,Libro - Big Ben De Dúo Karma,https://http2.mlstatic.com/D_729051-MLU71031369851_082023-O.jpg,https://articulo.mercadolibre.com.uy/MLU-621571836-libro-big-ben-de-duo-karma-_JM
MLU621870399,disponible,1.24,Caballos En Movimiento Horse Motion (cartone) - Tapa Dura,https://http2.mlstatic.com/D_786526-MLU71031526915_082023-O.jpg,https://articulo.mercadolibre.com.uy/MLU-621870399-caballos-en-movimiento-horse-motion-cartone-tapa-dura-_JM
MLU623519907,disponible,1.78,Test Bender Completo Manual + Tarjetas + Laminas Guestaltico,https://http2.mlstatic.com/D_994486-MLU69996456853_062023-O.jpg,https://articulo.mercadolibre.com.uy/MLU-623519907-test-bender-completo-manual-tarjetas-laminas-guestaltico-_JM
MLU623964131,encargo,1.21,Harry Potter The Complete Series Box Set Rowling Scholastic,https://http2.mlstatic.com/D_771745-MLU52802212090_122022-O.jpg,https://articulo.mercadolibre.com.uy/MLU-623964131-harry-potter-the-complete-series-box-set-rowling-scholastic-_JM
MLU624996223,encargo,1.35,L.o.l. Surprise! Megalibro Para Colorear Outlet,https://http2.mlstatic.com/D_859360-MLU52989084776_122022-O.jpg,https://articulo.mercadolibre.com.uy/MLU-624996223-lol-surprise-megalibro-para-colorear-outlet-_JM
MLU625205581,encargo,1.45,A Otro Lugar Proceso De Migracion Stickers Mudanza Mora,https://http2.mlstatic.com/D_977317-MLU71032028099_082023-O.jpg,https://articulo.mercadolibre.com.uy/MLU-625205581-a-otro-lugar-proceso-de-migracion-stickers-mudanza-mora-_JM
MLU625768909,encargo,1.41,¡yo Sé De Verdad Cómo Se Hacen Los Bebés!. Monsieur Mouch,https://http2.mlstatic.com/D_747324-MLU71032095721_082023-O.jpg,https://articulo.mercadolibre.com.uy/MLU-625768909-yo-se-de-verdad-como-se-hacen-los-bebes-monsieur-mouch-_JM
MLU626510509,encargo,1.27,Mimis Wheel 2 - Pupil´s Book + App - Macmillan,https://http2.mlstatic.com/D_909490-MLU70994631174_082023-O.jpg,https://articulo.mercadolibre.com.uy/MLU-626510509-mimis-wheel-2-pupils-book-app-macmillan-_JM
MLU626998001,encargo,1.38,My Little Island 2 - Activity with Songs and chants,https://http2.mlstatic.com/D_771431-MLU53499934938_012023-O.jpg,https://articulo.mercadolibre.com.uy/MLU-626998001-my-little-island-2-activitywith-songsandchants-_JM
MLU627417887,encargo,1.51,Libro - Invicto: Logra Más  Sufre Menos - Marcos Vázquez,https://http2.mlstatic.com/D_712762-MLU77407782792_072024-O.jpg,https://articulo.mercadolibre.com.uy/MLU-627417887-libro-invicto-logra-mas-sufre-menos-marcos-vazquez-_JM
MLU627547984,encargo,1.33,Fairy Oak 2 El Encanto De La Oscuridad - Elisabetta Gnone,https://http2.mlstatic.com/D_715079-MLA52731061936_122022-O.jpg,https://articulo.mercadolibre.com.uy/MLU-627547984-fairy-oak-2-el-encanto-de-la-oscuridad-elisabetta-gnone-_JM
MLU627908173,encargo,1.25,Mimis Wheel 1 - Pupil´s Book + App - Macmillan,https://http2.mlstatic.com/D_692745-MLA51127298085_082022-O.jpg,https://articulo.mercadolibre.com.uy/MLU-627908173-mimis-wheel-1-pupils-book-app-macmillan-_JM
MLU627947167,encargo,1.25,Mimis Wheel 1 - Pupil´s Book + App - Macmillan,https://http2.mlstatic.com/D_692745-MLA51127298085_082022-O.jpg,https://articulo.mercadolibre.com.uy/MLU-627947167-mimis-wheel-1-pupils-book-app-macmillan-_JM
MLU628161747,encargo,1.15,Libro Manual De Trenzado Y Artesanias En Cuero De Lopez Osor,https://http2.mlstatic.com/D_812968-MLU52082413546_102022-O.jpg,https://articulo.mercadolibre.com.uy/MLU-628161747-libro-manual-de-trenzado-y-artesanias-en-cuero-de-lopez-osor-_JM
MLU628802474,encargo,1.33,Libro - Tengo Una Mamá Y Punto,https://http2.mlstatic.com/D_730993-MLU79068840264_092024-O.jpg,https://articulo.mercadolibre.com.uy/MLU-628802474-libro-tengo-una-mama-y-punto-_JM
MLU628802475,encargo,1.42,Libro: ¡yo Sé De Verdad Cómo Se Hacen Los Bebés!. Mouch  Mon,https://http2.mlstatic.com/D_801960-MLU78688943304_092024-O.jpg,https://articulo.mercadolibre.com.uy/MLU-628802475-libro-yo-se-de-verdad-como-se-hacen-los-bebes-mouch-mon-_JM
MLU628838462,disponible,2.01,Libro - Un Extraño A La Orilla Del Mar,https://http2.mlstatic.com/D_887151-MLU78509827262_082024-O.jpg,https://articulo.mercadolibre.com.uy/MLU-628838462-libro-un-extrano-a-la-orilla-del-mar-_JM
MLU628844906,encargo,1.46,Libro A Otro Lugar De Carolina Mora,https://http2.mlstatic.com/D_894193-MLU51906600226_102022-O.jpg,https://articulo.mercadolibre.com.uy/MLU-628844906-libro-a-otro-lugar-de-carolina-mora-_JM
MLU629127289,encargo,1.38,My Disney Stars And Friends 2 - Workbook + E-book,https://http2.mlstatic.com/D_834275-MLU71031938241_082023-O.jpg,https://articulo.mercadolibre.com.uy/MLU-629127289-my-disney-stars-and-friends-2-workbook-e-book-_JM
MLU629165792,encargo,1.79,My Disney Stars And Friends 2 - Workbook + E-book  De Pearson. Editorial Pearson  Tapa Blanda  En Inglés,https://http2.mlstatic.com/D_841928-MLA99953995965_112025-O.jpg,https://articulo.mercadolibre.com.uy/MLU-629165792-my-disney-stars-and-friends-2-workbook-e-book-de-pearson-editorial-pearson-tapa-blanda-en-ingles-_JM
MLU629189353,encargo,1.29,My Disney Stars And Friends 3 Workbook With Ebook,https://http2.mlstatic.com/D_642473-MLU70995535132_082023-O.jpg,https://articulo.mercadolibre.com.uy/MLU-629189353-my-disney-stars-and-friends-3-workbook-with-ebook-_JM
MLU629553212,encargo,1.30,Pip's Phonics 1 Student's Packs,https://http2.mlstatic.com/D_713265-MLU71032084777_082023-O.jpg,https://articulo.mercadolibre.com.uy/MLU-629553212-pips-phonics-1-students-packs-_JM
MLU629952453,disponible,1.92,Heartless En Ingles -meyer  Marissa-macmillan,https://http2.mlstatic.com/D_676560-MLA79601149113_092024-O.jpg,https://articulo.mercadolibre.com.uy/MLU-629952453-heartless-en-ingles-meyer-marissa-macmillan-_JM
MLU629952507,encargo,1.27,Mimis Wheel 2 - Pupil´s Book + App - Macmillan,https://http2.mlstatic.com/D_611062-MLU77307677496_072024-O.jpg,https://articulo.mercadolibre.com.uy/MLU-629952507-mimis-wheel-2-pupils-book-app-macmillan-_JM
MLU630127198,encargo,1.32,Show And Tell 2 (2nd.edition) - Activity Book,https://http2.mlstatic.com/D_609725-MLU70995261734_082023-O.jpg,https://articulo.mercadolibre.com.uy/MLU-630127198-show-and-tell-2-2ndedition-activity-book-_JM
MLU630175674,disponible,1.26,Jump In A - Class Book,https://http2.mlstatic.com/D_747793-MLU71031909789_082023-O.jpg,https://articulo.mercadolibre.com.uy/MLU-630175674-jump-in-a-class-book-_JM
MLU630694178,disponible,1.35,Little Stars 3 - Student´s Book,https://http2.mlstatic.com/D_945954-MLU70995261580_082023-O.jpg,https://articulo.mercadolibre.com.uy/MLU-630694178-little-stars-3-students-book-_JM
MLU630862675,encargo,1.27,Ferris Wheel 3 - Pupil's Book + App Navio,https://http2.mlstatic.com/D_768178-MLU71032207689_082023-O.jpg,https://articulo.mercadolibre.com.uy/MLU-630862675-ferris-wheel-3-pupils-book-app-navio-_JM
MLU631335095,encargo,1.17,Coco Y Pio Hermanos Infantil,https://http2.mlstatic.com/D_712033-MLU71032274765_082023-O.jpg,https://articulo.mercadolibre.com.uy/MLU-631335095-coco-y-pio-hermanos-infantil-_JM
MLU631346911,disponible,1.28,¡papá Es Mio!,https://http2.mlstatic.com/D_721269-MLU71032209757_082023-O.jpg,https://articulo.mercadolibre.com.uy/MLU-631346911-papa-es-mio-_JM
MLU631359867,encargo,1.29,Pagan Lenormand ( Libro + Cartas ) Oracle Cards,https://http2.mlstatic.com/D_935228-MLA52239922229_112022-O.jpg,https://articulo.mercadolibre.com.uy/MLU-631359867-pagan-lenormand-libro-cartas-oracle-cards-_JM
MLU631388921,disponible,1.17,Mama Mi Hogar Cuenteria Respetuosa Hermoso,https://http2.mlstatic.com/D_682434-MLU71032179965_082023-O.jpg,https://articulo.mercadolibre.com.uy/MLU-631388921-mama-mi-hogar-cuenteria-respetuosa-hermoso-_JM
MLU631427727,encargo,1.25,Madrechillona Bauer  Jutta Madre Real Mala Madre,https://http2.mlstatic.com/D_888347-MLU70995537472_082023-O.jpg,https://articulo.mercadolibre.com.uy/MLU-631427727-madrechillona-bauer-jutta-madre-real-mala-madre-_JM
MLU631579125,encargo,1.16,Círculo Cumplido Bert Hellinger Con Bolsa,https://http2.mlstatic.com/D_992258-MLU70995539150_082023-O.jpg,https://articulo.mercadolibre.com.uy/MLU-631579125-circulo-cumplido-bert-hellinger-con-bolsa-_JM
MLU631761257,encargo,1.29,El Péndulo : Kit Y Tablas ( Péndulo Incluido ),https://http2.mlstatic.com/D_845276-MLU70995577818_082023-O.jpg,https://articulo.mercadolibre.com.uy/MLU-631761257-el-pendulo-kit-y-tablas-pendulo-incluido--_JM
MLU631764316,encargo,1.38,My Little Island 2 - Pupil´s Book - Pearson,https://http2.mlstatic.com/D_724674-MLU54615736675_032023-O.jpg,https://articulo.mercadolibre.com.uy/MLU-631764316-my-little-island-2-pupils-book-pearson-_JM
MLU631842622,encargo,1.28,Mouse And Me Plus 2 - Student´s Book - Oxford,https://http2.mlstatic.com/D_768553-MLU54621384474_032023-O.jpg,https://articulo.mercadolibre.com.uy/MLU-631842622-mouse-and-me-plus-2-students-book-oxford-_JM
MLU632056765,encargo,1.16,Libro La Casa-espejo O El Feng Shui En Occidente  De Antoine  Luc. Editorial Ediciones Obelisco  Tapa Blanda (2016),https://http2.mlstatic.com/D_692010-MLA99991960211_112025-O.jpg,https://articulo.mercadolibre.com.uy/MLU-632056765-libro-la-casa-espejo-o-el-feng-shui-en-occidente-de-antoine-luc-editorial-ediciones-obelisco-tapa-blanda-2016-_JM
MLU632061833,encargo,2.37,The Pragmatic Programmer : Your Journey To Mastery  20th ...,https://http2.mlstatic.com/D_903295-MLU52351445479_112022-O.jpg,https://articulo.mercadolibre.com.uy/MLU-632061833-the-pragmatic-programmer-your-journey-to-mastery-20th--_JM
MLU632067737,encargo,1.15,Adivina Cuánto Te Quiero. ¡aquí Estoy!,https://http2.mlstatic.com/D_783820-MLM49638049525_042022-O.jpg,https://articulo.mercadolibre.com.uy/MLU-632067737-adivina-cuanto-te-quiero-aqui-estoy-_JM
MLU632089529,disponible,1.46,Biblia Lenguaje Actual Deuterocanónico Letra Gigante Bordo,https://http2.mlstatic.com/D_754371-MLA48143364883_112021-O.jpg,https://articulo.mercadolibre.com.uy/MLU-632089529-biblia-lenguaje-actual-deuterocanonico-letra-gigante-bordo-_JM
MLU632103955,encargo,1.42,Ferris Wheel 3 - Pupil´s Book + App - Macmillan,https://http2.mlstatic.com/D_936238-MLA41549956913_042020-O.jpg,https://articulo.mercadolibre.com.uy/MLU-632103955-ferris-wheel-3-pupils-book-app-macmillan-_JM
MLU632495481,encargo,1.27,Madrechillona - Jutta Bauer (cal),https://http2.mlstatic.com/D_974358-MLA42180326624_062020-O.jpg,https://articulo.mercadolibre.com.uy/MLU-632495481-madrechillona-jutta-bauer-cal-_JM
MLU632832191,disponible,1.23,Caballos En Movimiento Horse Motion (cartone) - De Olavide  De Olavide. Editorial Letemendia  Tapa Dura En Español,https://http2.mlstatic.com/D_897374-MLU71095997408_082023-O.jpg,https://articulo.mercadolibre.com.uy/MLU-632832191-caballos-en-movimiento-horse-motion-cartone-de-olavide-de-olavide-editorial-letemendia-tapa-dura-en-espanol-_JM
MLU632980425,encargo,1.33,Test Tdr Predictor De Habilidades Lectoras L Fonseca,https://http2.mlstatic.com/D_800907-MLU71254591973_082023-O.jpg,https://articulo.mercadolibre.com.uy/MLU-632980425-test-tdr-predictor-de-habilidades-lectoras-l-fonseca-_JM
MLU632984041,encargo,1.29,Estuche La Ridicula Idea De  + El Peligro Cuerda  Montero,https://http2.mlstatic.com/D_858002-MLU71217414114_082023-O.jpg,https://articulo.mercadolibre.com.uy/MLU-632984041-estuche-la-ridicula-idea-de-el-peligro-cuerda-montero-_JM
MLU633262102,encargo,1.82,El Fausto De Goethe Filosofía -  Filosófico,https://http2.mlstatic.com/D_985927-MLU71032024983_082023-O.jpg,https://articulo.mercadolibre.com.uy/MLU-633262102-el-fausto-de-goethe-filosofia-filosofico-_JM
MLU633288958,encargo,1.27,Mouse And Me 3 Student Book Oxford Nuevo,https://http2.mlstatic.com/D_736428-MLU75326782124_032024-O.jpg,https://articulo.mercadolibre.com.uy/MLU-633288958-mouse-and-me-3-student-book-oxford-nuevo-_JM
MLU633300203,disponible,1.36,Bebop 1 Activity Book,https://http2.mlstatic.com/D_972876-MLU71634968033_092023-O.jpg,https://articulo.mercadolibre.com.uy/MLU-633300203-bebop-1-activity-book-_JM
MLU633675376,disponible,2.00,No Tan Terribles - Nativ  Raschkovan Y Otros,https://http2.mlstatic.com/D_948434-MLU78022755939_072024-O.jpg,https://articulo.mercadolibre.com.uy/MLU-633675376-no-tan-terribles-nativ-raschkovan-y-otros-_JM
MLU633817044,encargo,1.23,Tarot Silver Witchcraft Kit Barbara Moore Caja Grande,https://http2.mlstatic.com/D_622762-MLU70995261124_082023-O.jpg,https://articulo.mercadolibre.com.uy/MLU-633817044-tarot-silver-witchcraft-kit-barbara-moore-caja-grande-_JM
MLU633923399,encargo,1.42,Medicina Interna En Esquemas Alejandro Scicolone,https://http2.mlstatic.com/D_725942-MLU72079802237_102023-O.jpg,https://articulo.mercadolibre.com.uy/MLU-633923399-medicina-interna-en-esquemas-alejandro-scicolone-_JM
MLU633961417,encargo,1.40,Libro - Biblia Letra Grande Cierre Índice Turquesa Reina Val,https://http2.mlstatic.com/D_610944-MLU50533832312_062022-O.jpg,https://articulo.mercadolibre.com.uy/MLU-633961417-libro-biblia-letra-grande-cierre-indice-turquesa-reina-val-_JM
MLU635062131,encargo,1.36,Con Ustedes... ¡nuestro Cerebro! Stanislas Dehaene,https://http2.mlstatic.com/D_714429-MLU72888181650_112023-O.jpg,https://articulo.mercadolibre.com.uy/MLU-635062131-con-ustedes-nuestro-cerebro-stanislas-dehaene-_JM
MLU635109401,encargo,2.55,Avion D Combate Lockheed Martin F-35 Lightning Ii  Us Navy,https://http2.mlstatic.com/D_783996-MLU73024033313_112023-O.jpg,https://articulo.mercadolibre.com.uy/MLU-635109401-avion-d-combate-lockheed-martin-f-35-lightning-ii-us-navy-_JM
MLU635242743,encargo,1.27,Sepultura - Chaos Ad [nuevo Cd] Estándar,https://http2.mlstatic.com/D_985640-MLU73024242560_112023-O.jpg,https://articulo.mercadolibre.com.uy/MLU-635242743-sepultura-chaos-ad-nuevo-cd-estandar-_JM
MLU635282611,disponible,1.51,Tarot Entre Amigos Iris De Guevara,https://http2.mlstatic.com/D_732398-MLU73151087399_112023-O.jpg,https://articulo.mercadolibre.com.uy/MLU-635282611-tarot-entre-amigos-iris-de-guevara-_JM
MLU635325577,encargo,1.18,Buenas Noches Luna!  De Margaret Wise Brown. Editorial Corimbo En Español,https://http2.mlstatic.com/D_925821-MLU70439156282_072023-O.jpg,https://articulo.mercadolibre.com.uy/MLU-635325577-buenas-noches-luna-de-margaret-wise-brown-editorial-corimbo-en-espanol-_JM
MLU635334405,encargo,1.40,Aviones De Combate Salvat N° 40 A-7e Corsair Ii Eeuu Blanco,https://http2.mlstatic.com/D_781457-MLU73045746002_112023-O.jpg,https://articulo.mercadolibre.com.uy/MLU-635334405-aviones-de-combate-salvat-n-40-a-7e-corsair-ii-eeuu-blanco-_JM
MLU635344749,disponible,1.36,El Gran Libro Del Péndulo Markus Schirner,https://http2.mlstatic.com/D_650460-MLU73196574112_122023-O.jpg,https://articulo.mercadolibre.com.uy/MLU-635344749-el-gran-libro-del-pendulo-markus-schirner-_JM
MLU635397615,disponible,1.42,Construyendo Identidad Corporal Alicia Grasso,https://http2.mlstatic.com/D_927840-MLU73200596534_122023-O.jpg,https://articulo.mercadolibre.com.uy/MLU-635397615-construyendo-identidad-corporal-alicia-grasso-_JM
MLU635469653,encargo,1.60,Colección Mafalda: 11 Tomos En Una Lata (edición Limitada),https://http2.mlstatic.com/D_637163-MLU73572371779_122023-O.jpg,https://articulo.mercadolibre.com.uy/MLU-635469653-coleccion-mafalda-11-tomos-en-una-lata-edicion-limitada-_JM
MLU635562331,encargo,1.21,Pack El Arte De Los Estoicos,https://http2.mlstatic.com/D_730244-MLU73612502861_122023-O.jpg,https://articulo.mercadolibre.com.uy/MLU-635562331-pack-el-arte-de-los-estoicos-_JM
MLU635718849,encargo,1.27,Charly García - Clics Modernos Estándar,https://http2.mlstatic.com/D_715219-MLU73724380981_122023-O.jpg,https://articulo.mercadolibre.com.uy/MLU-635718849-charly-garcia-clics-modernos-estandar-_JM
MLU635753705,encargo,1.58,1955 Mercedes-benz 300 S Clasicos Beige,https://http2.mlstatic.com/D_618921-MLU76154976224_052024-O.jpg,https://articulo.mercadolibre.com.uy/MLU-635753705-1955-mercedes-benz-300-s-clasicos-beige-_JM
MLU636004994,encargo,1.25,Ríe Chinito - Dolores Aguirre,https://http2.mlstatic.com/D_939145-MLU77870144878_072024-O.jpg,https://articulo.mercadolibre.com.uy/MLU-636004994-rie-chinito-dolores-aguirre-_JM
MLU636005058,encargo,1.21,Baraja De Las Piedras Que Curan - Galiana  Helena: Tikal ...,https://http2.mlstatic.com/D_905141-MLU78874670914_092024-O.jpg,https://articulo.mercadolibre.com.uy/MLU-636005058-baraja-de-las-piedras-que-curan-galiana-helena-tikal-_JM
MLU636030534,disponible,1.50,Tarot De Nefertitis (libro + Cartas) - Td  Lo Scarabeo,https://http2.mlstatic.com/D_778466-MLA99439253226_112025-O.jpg,https://articulo.mercadolibre.com.uy/MLU-636030534-tarot-de-nefertitis-libro-cartas-td-lo-scarabeo-_JM
MLU636056282,encargo,1.19,Wizards Tarot - Barbara Moore,https://http2.mlstatic.com/D_774898-MLU50714267439_072022-O.jpg,https://articulo.mercadolibre.com.uy/MLU-636056282-wizards-tarot-barbara-moore-_JM
MLU636056290,encargo,1.23,Pequeño Oraculo De Marsella - Costa - Buenaventura - Cartas,https://http2.mlstatic.com/D_887994-MLA51392377558_092022-O.jpg,https://articulo.mercadolibre.com.uy/MLU-636056290-pequeno-oraculo-de-marsella-costa-buenaventura-cartas-_JM
MLU636056326,disponible,1.79,Libro Messi  El Genio Completo - Senosian  De Senosiain  Ariel. Editorial Ateneo  Tapa Blanda ( 2021),https://http2.mlstatic.com/D_754528-MLA82431573939_022025-O.jpg,https://articulo.mercadolibre.com.uy/MLU-636056326-libro-messi-el-genio-completo-senosian-de-senosiain-ariel-editorial-ateneo-tapa-blanda-2021-_JM
MLU636056336,disponible,1.52,Libro - ¡voy Al Baño Yo Solito!,https://http2.mlstatic.com/D_689845-MLU77512447747_072024-O.jpg,https://articulo.mercadolibre.com.uy/MLU-636056336-libro-voy-al-bano-yo-solito-_JM
MLU636092499,disponible,1.45,Egyptian Tarot (78 Cartas + Guia De Uso) - Silvana Alasia,https://http2.mlstatic.com/D_759076-MLU74039589023_012024-O.jpg,https://articulo.mercadolibre.com.uy/MLU-636092499-egyptian-tarot-78-cartas-guia-de-uso-silvana-alasia-_JM
MLU636119078,encargo,1.35,Pubertad En Marcha - Calvo  Lynn Y Otros,https://http2.mlstatic.com/D_865454-MLU50199205405_062022-O.jpg,https://articulo.mercadolibre.com.uy/MLU-636119078-pubertad-en-marcha-calvo-lynn-y-otros-_JM
MLU636119106,encargo,1.88,Harry Potter Y La Piedra Filosofal  De J. K. Rowling. Editorial Salamandra En Español  2015,https://http2.mlstatic.com/D_700555-MLU52093598532_102022-O.jpg,https://articulo.mercadolibre.com.uy/MLU-636119106-harry-potter-y-la-piedra-filosofal-de-j-k-rowling-editorial-salamandra-en-espanol-2015-_JM
MLU636119144,disponible,1.33,Política Y Hospitalidad - Penchaszadeh  Ana Paula (papel),https://http2.mlstatic.com/D_670206-MLU77730524129_072024-O.jpg,https://articulo.mercadolibre.com.uy/MLU-636119144-politica-y-hospitalidad-penchaszadeh-ana-paula-papel-_JM
MLU636144736,disponible,1.33,Story Central 1 - Student´s Book Pack - Macmillan,https://http2.mlstatic.com/D_752766-MLA46015312593_052021-O.jpg,https://articulo.mercadolibre.com.uy/MLU-636144736-story-central-1-students-book-pack-macmillan-_JM
MLU636354854,encargo,1.78,Colores - Hervé Tullet (con Detalle),https://http2.mlstatic.com/D_792916-MLU44250355632_122020-O.jpg,https://articulo.mercadolibre.com.uy/MLU-636354854-colores-herve-tullet-con-detalle-_JM
MLU636391894,encargo,1.42,Libro - El Miedo De Sergio,https://http2.mlstatic.com/D_646013-MLU52166494423_102022-O.jpg,https://articulo.mercadolibre.com.uy/MLU-636391894-libro-el-miedo-de-sergio-_JM
MLU636619811,encargo,1.65,Eaglemoss 1989 Movie Batmobile Diorama Negro,https://http2.mlstatic.com/D_726297-MLU76910350144_062024-O.jpg,https://articulo.mercadolibre.com.uy/MLU-636619811-eaglemoss-1989-movie-batmobile-diorama-negro-_JM
MLU636874785,disponible,1.47,Pack Walter Riso  De Walter Riso. Editorial Planeta  Tapa Blanda En Español  2023,https://http2.mlstatic.com/D_782145-MLU71289294283_082023-O.jpg,https://articulo.mercadolibre.com.uy/MLU-636874785-pack-walter-riso-de-walter-riso-editorial-planeta-tapa-blanda-en-espanol-2023-_JM
MLU636942619,encargo,1.24,Bebop And Friends 3 Students Book With Navio App +digital Sb,https://http2.mlstatic.com/D_930963-MLU74410386886_022024-O.jpg,https://articulo.mercadolibre.com.uy/MLU-636942619-bebop-and-friends-3-students-book-with-navio-app-digital-sb-_JM
MLU637052689,disponible,1.27,Descalza: La Historia De Mama Antula  De Nunzia Locatelli  Cintia Suárez Y Gisela García.. Editorial Santa María En Español,https://http2.mlstatic.com/D_758177-MLU74426507196_022024-O.jpg,https://articulo.mercadolibre.com.uy/MLU-637052689-descalza-la-historia-de-mama-antula-de-nunzia-locatelli-cintia-suarez-y-gisela-garcia-editorial-santa-maria-en-espanol-_JM
MLU637117673,disponible,1.33,La Magia De Daniela - Un Libro Para Entender La Menstruación  De Sara Rodríguez Blázquez. Editorial Psylicom En Español,https://http2.mlstatic.com/D_929886-MLU74381414368_022024-O.jpg,https://articulo.mercadolibre.com.uy/MLU-637117673-la-magia-de-daniela-un-libro-para-entender-la-menstruacion-de-sara-rodriguez-blazquez-editorial-psylicom-en-espanol-_JM
MLU637121295,disponible,1.23,Golden Visconti Grand Trumps  De Lo Scarabeo. Editorial Llewellyn Publications En Español,https://http2.mlstatic.com/D_865454-MLU74449614644_022024-O.jpg,https://articulo.mercadolibre.com.uy/MLU-637121295-golden-visconti-grand-trumps-de-lo-scarabeo-editorial-llewellyn-publications-en-espanol-_JM
MLU637587374,encargo,1.38,Un Papá A La Medida  De Davide Calí  Ana Laura Cantone,https://http2.mlstatic.com/D_914191-MLU70995536076_082023-O.jpg,https://articulo.mercadolibre.com.uy/MLU-637587374-un-papa-a-la-medida-de-davide-cali-ana-laura-cantone-_JM
MLU637625966,encargo,1.45,¡vaya Lío De Familia!  Pascale Francotte,https://http2.mlstatic.com/D_859723-MLU71032033415_082023-O.jpg,https://articulo.mercadolibre.com.uy/MLU-637625966-vaya-lio-de-familia-pascale-francotte-_JM
MLU637666831,encargo,1.28,Learn With Ollie 3 Student's Pack,https://http2.mlstatic.com/D_739734-MLU74835969324_032024-O.jpg,https://articulo.mercadolibre.com.uy/MLU-637666831-learn-with-ollie-3-students-pack-_JM
MLU637886216,encargo,1.63,Ratoncito Raton Perez Dientes,https://http2.mlstatic.com/D_731792-MLU71032089151_082023-O.jpg,https://articulo.mercadolibre.com.uy/MLU-637886216-ratoncito-raton-perez-dientes-_JM
MLU637886324,disponible,1.87,¡a Dibujar!. Tullet  Herve. Kokinos Editorial,https://http2.mlstatic.com/D_958511-MLU69158931065_042023-O.jpg,https://articulo.mercadolibre.com.uy/MLU-637886324-a-dibujar-tullet-herve-kokinos-editorial-_JM
MLU637952753,encargo,1.30,Inf 5 Learn With Ollie 3 Student's Pack 5 Años  De Vvaa. Editorial Richmond  Tapa Blanda En Inglés  9999,https://http2.mlstatic.com/D_800735-MLU70698600373_072023-O.jpg,https://articulo.mercadolibre.com.uy/MLU-637952753-inf-5-learn-with-ollie-3-students-pack-5-anos-de-vvaa-editorial-richmond-tapa-blanda-en-ingles-9999-_JM
MLU638004199,encargo,1.24,Bebop And Friends 3 - Student's Book With Navio App And Di  De Peimbert  Lorena & Monterrubio  Myriam. Editorial Macmillan En Inglés,https://http2.mlstatic.com/D_818859-MLU75157210323_032024-O.jpg,https://articulo.mercadolibre.com.uy/MLU-638004199-bebop-and-friends-3-students-book-with-navio-app-and-di-de-peimbert-lorena-monterrubio-myriam-editorial-macmillan-en-ingles-_JM
MLU638098887,encargo,1.23,Bebop 2 Activity Book,https://http2.mlstatic.com/D_616934-MLU75214906847_032024-O.jpg,https://articulo.mercadolibre.com.uy/MLU-638098887-bebop-2-activity-book-_JM
MLU638272813,disponible,1.29,Show And Tell 3 2nd Ed - Student´s Book + Lingokids Home,https://http2.mlstatic.com/D_929875-MLU77526829592_072024-O.jpg,https://articulo.mercadolibre.com.uy/MLU-638272813-show-and-tell-3-2nd-ed-students-book-lingokids-home-_JM
MLU638298993,disponible,1.33,Biblia De Estudio Vida Plena  Tapa Piel Rojo/beige,https://http2.mlstatic.com/D_621560-MLU78879711157_092024-O.jpg,https://articulo.mercadolibre.com.uy/MLU-638298993-biblia-de-estudio-vida-plena-tapa-piel-rojobeige-_JM
MLU638311105,encargo,1.29,Libro De Tela Elefante Para Bebé,https://http2.mlstatic.com/D_897406-MLU75357288085_032024-O.jpg,https://articulo.mercadolibre.com.uy/MLU-638311105-libro-de-tela-elefante-para-bebe-_JM
MLU638313379,encargo,1.54,Oxford Show And Tell 2 Student Book Access Card Pack 2ed,https://http2.mlstatic.com/D_602398-MLU75359119157_032024-O.jpg,https://articulo.mercadolibre.com.uy/MLU-638313379-oxford-show-and-tell-2-student-book-access-card-pack-2ed-_JM
MLU638581391,encargo,1.53,Libro Sashiko 365: Un Nuevo Motivo Bordado Para Cada Día,https://http2.mlstatic.com/D_834752-MLU75577166527_042024-O.jpg,https://articulo.mercadolibre.com.uy/MLU-638581391-libro-sashiko-365-un-nuevo-motivo-bordado-para-cada-dia-_JM
MLU638641699,encargo,1.22,Los Guardianes Ser Enseñanzas Espirituales Eckhart Tolle,https://http2.mlstatic.com/D_834931-MLU75580284063_042024-O.jpg,https://articulo.mercadolibre.com.uy/MLU-638641699-los-guardianes-ser-ensenanzas-espirituales-eckhart-tolle-_JM
MLU638946337,disponible,1.25,Libro La Llegada Mas Esperada .guia Pediatrica De Montes De Oca Diego,https://http2.mlstatic.com/D_677798-MLU77622926353_072024-O.jpg,https://articulo.mercadolibre.com.uy/MLU-638946337-libro-la-llegada-mas-esperada-guia-pediatrica-de-montes-de-oca-diego-_JM
MLU639454786,encargo,1.43,Basta De Amores De Mierda  Gonzalo Romero,https://http2.mlstatic.com/D_834843-MLA69349315019_052023-O.jpg,https://articulo.mercadolibre.com.uy/MLU-639454786-basta-de-amores-de-mierda-gonzalo-romero-_JM
MLU639637179,encargo,1.37,Vélez Ecg Handbook,https://http2.mlstatic.com/D_955929-MLU76025889356_052024-O.jpg,https://articulo.mercadolibre.com.uy/MLU-639637179-velez-ecg-handbook-_JM
MLU640110140,encargo,1.31,Let's Learn About The Land K2 Journey Student's Book,https://http2.mlstatic.com/D_961818-MLU71032089529_082023-O.jpg,https://articulo.mercadolibre.com.uy/MLU-640110140-lets-learn-about-the-land-k2-journey-students-book-_JM
MLU640502153,encargo,1.25,La Segunda Guerra Mundial (2 Vols) Estuche Winston Churchill,https://http2.mlstatic.com/D_751749-MLU76862751783_062024-O.jpg,https://articulo.mercadolibre.com.uy/MLU-640502153-la-segunda-guerra-mundial-2-vols-estuche-winston-churchill-_JM
MLU640506730,disponible,1.56,Comprensión Con Pictogramas: El Centro Comercial,https://http2.mlstatic.com/D_672870-MLU71032089841_082023-O.jpg,https://articulo.mercadolibre.com.uy/MLU-640506730-comprension-con-pictogramas-el-centro-comercial-_JM
MLU640801239,encargo,1.41,Dislexia  Psicomotrices  De Lenguaje  Lectura Y Escritura,https://http2.mlstatic.com/D_891147-MLU76767036196_062024-O.jpg,https://articulo.mercadolibre.com.uy/MLU-640801239-dislexia-psicomotrices-de-lenguaje-lectura-y-escritura-_JM
MLU640809535,disponible,1.42,Estimulacion Conciencia Fonologica Lecto Escritura Lenguaje,https://http2.mlstatic.com/D_749787-MLU76785829868_062024-O.jpg,https://articulo.mercadolibre.com.uy/MLU-640809535-estimulacion-conciencia-fonologica-lecto-escritura-lenguaje-_JM
MLU641472793,disponible,1.27,Marilyn Manson Eat Me Drink Me Usa Import Cd Nuevo Estándar,https://http2.mlstatic.com/D_635298-MLU76991039814_062024-O.jpg,https://articulo.mercadolibre.com.uy/MLU-641472793-marilyn-manson-eat-me-drink-me-usa-import-cd-nuevo-estandar-_JM
MLU641700551,encargo,1.26,Pack Lean Startup - Eric Ries,https://http2.mlstatic.com/D_824314-MLA48643684336_122021-O.jpg,https://articulo.mercadolibre.com.uy/MLU-641700551-pack-lean-startup-eric-ries-_JM
MLU641726381,encargo,1.26,Pack Método + Camino Hacia Lean Startup (2 Libros) Eric Ries,https://http2.mlstatic.com/D_824314-MLA48643684336_122021-O.jpg,https://articulo.mercadolibre.com.uy/MLU-641726381-pack-metodo-camino-hacia-lean-startup-2-libros-eric-ries-_JM
MLU641890607,disponible,1.31,El Tarot De Los Filósofos Ars Magna Combinatoria,https://http2.mlstatic.com/D_658134-MLA100045470343_122025-O.jpg,https://articulo.mercadolibre.com.uy/MLU-641890607-el-tarot-de-los-filosofos-ars-magna-combinatoria-_JM
MLU641936105,disponible,1.28,Harry Potter: La Coleccion De Varitas (pack Con Varita) - Mo,https://http2.mlstatic.com/D_626241-MLU77531806326_072024-O.jpg,https://articulo.mercadolibre.com.uy/MLU-641936105-harry-potter-la-coleccion-de-varitas-pack-con-varita-mo-_JM
MLU641974667,disponible,1.28,Harry Potter: La Colección De Varitas (pack Con Varita),https://http2.mlstatic.com/D_905019-MLA53024692250_122022-O.jpg,https://articulo.mercadolibre.com.uy/MLU-641974667-harry-potter-la-coleccion-de-varitas-pack-con-varita-_JM
MLU642318709,encargo,1.90,Test - Las Aventuras De Pata Negra,https://http2.mlstatic.com/D_696940-MLU77524192435_072024-O.jpg,https://articulo.mercadolibre.com.uy/MLU-642318709-test-las-aventuras-de-pata-negra-_JM
MLU642465933,encargo,1.34,Pack La Segunda Guerra Mundial Cartone Churchill Unicos,https://http2.mlstatic.com/D_807206-MLU77575172021_072024-O.jpg,https://articulo.mercadolibre.com.uy/MLU-642465933-pack-la-segunda-guerra-mundial-cartone-churchill-unicos-_JM
MLU642517261,disponible,2.01,Convivir Con Niños Y Adolescentes Con Trastorno Por Def,https://http2.mlstatic.com/D_750355-MLU49659309322_042022-O.jpg,https://articulo.mercadolibre.com.uy/MLU-642517261-convivir-con-ninos-y-adolescentes-con-trastorno-por-def-_JM
MLU642687615,encargo,4.00,Libro Obras Completas - Freud 10 Analisis De La Fobia De Un N  De Freud  Sigmund. Editorial Amorrortu,https://http2.mlstatic.com/D_778640-MLU74116114398_012024-O.jpg,https://articulo.mercadolibre.com.uy/MLU-642687615-libro-obras-completas-freud-10-analisis-de-la-fobia-de-un-n-de-freud-sigmund-editorial-amorrortu-_JM
MLU642827277,encargo,1.53,La Historia De Los Tres Cerditos Libro Juego Pack Set,https://http2.mlstatic.com/D_681737-MLU70676798830_072023-O.jpg,https://articulo.mercadolibre.com.uy/MLU-642827277-la-historia-de-los-tres-cerditos-libro-juego-pack-set-_JM
MLU642853159,encargo,1.53,La Fantástica Historia De Los Tres Cerditos  De Jammes  Laurence. Editorial Beascoa  Tapa Dura En Español,https://http2.mlstatic.com/D_674161-MLA99951224261_112025-O.jpg,https://articulo.mercadolibre.com.uy/MLU-642853159-la-fantstica-historia-de-los-tres-cerditos-de-jammes-laurence-editorial-beascoa-tapa-dura-en-espanol-_JM
MLU643192559,disponible,1.42,Juega Con La C (ca  Co  Cu) Leer Escribir Lectoescritura,https://http2.mlstatic.com/D_824196-MLU78176944249_082024-O.jpg,https://articulo.mercadolibre.com.uy/MLU-643192559-juega-con-la-c-ca-co-cu-leer-escribir-lectoescritura-_JM
MLU643193423,disponible,2.20,El Cumpleaños De Peppa  De Vv. Aa.. Editorial Barbo Toys  Tapa Dura En Español  2023,https://http2.mlstatic.com/D_869740-MLU77957001496_082024-O.jpg,https://articulo.mercadolibre.com.uy/MLU-643193423-el-cumpleanos-de-peppa-de-vv-aa-editorial-barbo-toys-tapa-dura-en-espanol-2023-_JM
MLU643293265,encargo,1.37,Padres E  Hijos ­800 Preguntas Y Retos Divertirse Familia,https://http2.mlstatic.com/D_715764-MLU78051697994_082024-O.jpg,https://articulo.mercadolibre.com.uy/MLU-643293265-padres-e-hijos-800-preguntas-y-retos-divertirse-familia-_JM
MLU643346799,disponible,1.34,Clásicos Disney. Megalibro Para Colorear Con Pegatinas,https://http2.mlstatic.com/D_904510-MLU78250659569_082024-O.jpg,https://articulo.mercadolibre.com.uy/MLU-643346799-clasicos-disney-megalibro-para-colorear-con-pegatinas-_JM
MLU643605959,encargo,1.35,Crepúsculo. Décimo Aniversario/ Edición Dual Vida Y Muerte  De Meyer  Stephenie. Editorial Alfaguara  Tapa Blanda En Español,https://http2.mlstatic.com/D_697283-MLU69762615560_062023-O.jpg,https://articulo.mercadolibre.com.uy/MLU-643605959-crepsculo-dcimo-aniversario-edicin-dual-vida-y-muerte-de-meyer-stephenie-editorial-alfaguara-tapa-blanda-en-espanol-_JM
MLU643719407,disponible,1.21,Un Libro Celebrar El Embarazo album  Bebé  Recuerdos Juntos,https://http2.mlstatic.com/D_889731-MLU78278450006_082024-O.jpg,https://articulo.mercadolibre.com.uy/MLU-643719407-un-libro-celebrar-el-embarazoalbum-bebe-recuerdos-juntos-_JM
MLU643732569,disponible,1.43,A La Chiru - Oráculo Para Todes,https://http2.mlstatic.com/D_886265-MLU78278857994_082024-O.jpg,https://articulo.mercadolibre.com.uy/MLU-643732569-a-la-chiru-oraculo-para-todes-_JM
MLU643745569,encargo,1.60,El Libro Del Bebe El Album Mas Lindo + Caja,https://http2.mlstatic.com/D_801563-MLU78508377013_082024-O.jpg,https://articulo.mercadolibre.com.uy/MLU-643745569-el-libro-del-bebe-el-album-mas-lindo-caja-_JM
MLU643745711,encargo,1.98,Evermore - Taylor Swift  Vinilo - Swifties,https://http2.mlstatic.com/D_730349-MLU78534417683_082024-O.jpg,https://articulo.mercadolibre.com.uy/MLU-643745711-evermore-taylor-swift-vinilo-swifties-_JM
MLU643771419,encargo,1.77,Evermore - Swift Taylor (vinilo,https://http2.mlstatic.com/D_758131-MLA93869200972_102025-O.jpg,https://articulo.mercadolibre.com.uy/MLU-643771419-evermore-swift-taylor-vinilo-_JM
MLU643803027,disponible,1.33,Es Primavera Cuento De Estructuración Lingüística,https://http2.mlstatic.com/D_869557-MLU78687688919_082024-O.jpg,https://articulo.mercadolibre.com.uy/MLU-643803027-es-primavera-cuento-de-estructuracion-linguistica-_JM
MLU643887987,disponible,1.24,Mafalda. En Esta Familia No Hay Jefes  De Quino. Editorial Lumen  Tapa Blanda En Español  2019,https://http2.mlstatic.com/D_660457-MLU79079837087_092024-O.jpg,https://articulo.mercadolibre.com.uy/MLU-643887987-mafalda-en-esta-familia-no-hay-jefes-de-quino-editorial-lumen-tapa-blanda-en-espanol-2019-_JM
MLU643920375,disponible,1.20,Yo Puedo Hablar Maletin Terapia Lenguaje Adultos Comunicar,https://http2.mlstatic.com/D_860343-MLU78456247936_082024-O.jpg,https://articulo.mercadolibre.com.uy/MLU-643920375-yo-puedo-hablar-maletin-terapia-lenguaje-adultos-comunicar-_JM
MLU644148389,disponible,1.17,Sobre Los Insectos  Guía Para Niños Aprendizaje Naturaleza,https://http2.mlstatic.com/D_806788-MLA49412705045_032022-O.jpg,https://articulo.mercadolibre.com.uy/MLU-644148389-sobre-los-insectos-guia-para-ninos-aprendizaje-naturaleza-_JM
MLU644174417,disponible,1.17,Sobre Los Insectos : Una Guia Para Ninos / Cathryn Sill,https://http2.mlstatic.com/D_883657-MLA79817159527_102024-O.jpg,https://articulo.mercadolibre.com.uy/MLU-644174417-sobre-los-insectos-una-guia-para-ninos-cathryn-sill-_JM
MLU644205557,encargo,1.43,Global Stage 4 - Language Book Literacy Book,https://http2.mlstatic.com/D_862665-MLU49139432372_022022-O.jpg,https://articulo.mercadolibre.com.uy/MLU-644205557-global-stage-4-language-book-literacy-book-_JM
MLU644205629,disponible,1.42,Intervención En Dificultades De Lectoescritura: Estimulación De La Conciencia Fonológica  De Varios Autores. N/a  Vol. 1. Editorial Psylicom  Tapa Blanda En Español,https://http2.mlstatic.com/D_679522-MLU78662542584_092024-O.jpg,https://articulo.mercadolibre.com.uy/MLU-644205629-intervencion-en-dificultades-de-lectoescritura-estimulacion-de-la-conciencia-fonologica-de-varios-autores-na-vol-1-editorial-psylicom-tapa-blanda-en-espanol-_JM
MLU644231457,disponible,1.21,Nuestra Pequeña Gran Historia: Un Libro Para Celebrar El Embarazo  La Llegada Del Bebé Y Nuestros Primeros Recuerdos Juntos  De Vv. Aa.. Editorial B De Blok  Tapa Dura En Español  2023,https://http2.mlstatic.com/D_992604-MLA82201940422_022025-O.jpg,https://articulo.mercadolibre.com.uy/MLU-644231457-nuestra-pequena-gran-historia-un-libro-para-celebrar-el-embarazo-la-llegada-del-bebe-y-nuestros-primeros-recuerdos-juntos-de-vv-aa-editorial-b-de-blok-tapa-dura-en-espanol-2023-_JM
MLU644234684,disponible,1.20,The Complete Tarot Kit,https://http2.mlstatic.com/D_714549-MLU71032131707_082023-O.jpg,https://articulo.mercadolibre.com.uy/MLU-644234684-the-complete-tarot-kit-_JM
MLU644240597,disponible,1.41,El Mensaje De Los Arcanos,https://http2.mlstatic.com/D_899966-MLU78977240449_092024-O.jpg,https://articulo.mercadolibre.com.uy/MLU-644240597-el-mensaje-de-los-arcanos-_JM
MLU644712127,encargo,2.09,Legacy Of The Divine Tarot  Marchetti  Ciro Exclusivo,https://http2.mlstatic.com/D_975348-MLA44424239717_122020-O.jpg,https://articulo.mercadolibre.com.uy/MLU-644712127-legacy-of-the-divine-tarot-marchetti-ciro-exclusivo-_JM
MLU644875675,disponible,1.30,Santa Biblia Tomo I Y Ii- Antiguo Y Nuevo Testamento,https://http2.mlstatic.com/D_917795-MLU79218702634_092024-O.jpg,https://articulo.mercadolibre.com.uy/MLU-644875675-santa-biblia-tomo-i-y-ii-antiguo-y-nuevo-testamento-_JM
MLU644963289,disponible,1.18,La Niña Del Parche Infantil Inclusion,https://http2.mlstatic.com/D_867419-MLU79413353702_092024-O.jpg,https://articulo.mercadolibre.com.uy/MLU-644963289-la-nina-del-parche-infantil-inclusion-_JM
MLU644970049,disponible,1.39,Estuche Pictos  Números Silabas Pictogramas Lectoescritura,https://http2.mlstatic.com/D_937022-MLU79676978033_092024-O.jpg,https://articulo.mercadolibre.com.uy/MLU-644970049-estuche-pictos-numeros-silabas-pictogramas-lectoescritura-_JM
MLU645301116,disponible,1.32,El Tamaño Del Corazon Infantil  Respetuosa,https://http2.mlstatic.com/D_657283-MLU71032100557_082023-O.jpg,https://articulo.mercadolibre.com.uy/MLU-645301116-el-tamano-del-corazon-infantil-respetuosa-_JM
MLU645363501,disponible,1.34,Rvr60 Biblia Letra  Supergigante Simil Piel  Reina Valera,https://http2.mlstatic.com/D_818810-MLU79945152361_102024-O.jpg,https://articulo.mercadolibre.com.uy/MLU-645363501-rvr60-biblia-letra-supergigante-simil-piel-reina-valera-_JM
MLU645414689,disponible,1.47,Santa Biblia Letra Super Gigante Comfort Print Azul,https://http2.mlstatic.com/D_797771-MLU79695368338_102024-O.jpg,https://articulo.mercadolibre.com.uy/MLU-645414689-santa-biblia-letra-super-gigante-comfort-print-azul-_JM
MLU645427725,encargo,1.42,Cocina Silvestre Ii  De Iakovleva. Editorial Ecoval  Tapa Blanda En Español  2023,https://http2.mlstatic.com/D_740125-MLU69723047964_052023-O.jpg,https://articulo.mercadolibre.com.uy/MLU-645427725-cocina-silvestre-ii-de-iakovleva-editorial-ecoval-tapa-blanda-en-espanol-2023-_JM
MLU645501927,disponible,1.24,Garfield 1982-1984 - 14 Davis Planeta Comic,https://http2.mlstatic.com/D_625302-MLU70683829475_072023-O.jpg,https://articulo.mercadolibre.com.uy/MLU-645501927-garfield-1982-1984-14-davis-planeta-comic-_JM
MLU645514645,disponible,1.22,Garfield 2004-2006 No 14 Planeta Comic Jim Davis,https://http2.mlstatic.com/D_816819-MLU78446216190_082024-O.jpg,https://articulo.mercadolibre.com.uy/MLU-645514645-garfield-2004-2006-no-14-planeta-comic-jim-davis-_JM
MLU645514647,disponible,1.22,Garfield 2004-2006 Nº 14  De Davis  Jim. Cómics Editorial Comics Mexico  Tapa Dura En Español  2017,https://http2.mlstatic.com/D_816819-MLU78446216190_082024-O.jpg,https://articulo.mercadolibre.com.uy/MLU-645514647-garfield-2004-2006-n-14-de-davis-jim-comics-editorial-comics-mexico-tapa-dura-en-espanol-2017-_JM
MLU645527539,disponible,1.24,Garfield 1982-1984 Nº 03/20  De Davis  Jim. Editorial Planeta Cómic  Tapa Dura En Español,https://http2.mlstatic.com/D_625302-MLU70683829475_072023-O.jpg,https://articulo.mercadolibre.com.uy/MLU-645527539-garfield-1982-1984-n-0320-de-davis-jim-editorial-planeta-comic-tapa-dura-en-espanol-_JM
MLU645801817,encargo,1.69,The Black Album (2 Lp) - Metallica (vinilo Remasterizado,https://http2.mlstatic.com/D_867337-MLA93092021612_092025-O.jpg,https://articulo.mercadolibre.com.uy/MLU-645801817-the-black-album-2-lp-metallica-vinilo-remasterizado-_JM
MLU646155316,disponible,1.22,Familias Creadas Infantil Tratamiento Fertilidad Fiv,https://http2.mlstatic.com/D_991969-MLU71032121397_082023-O.jpg,https://articulo.mercadolibre.com.uy/MLU-646155316-familias-creadas-infantil-tratamiento-fertilidad-fiv-_JM
MLU646453859,encargo,1.33,Libro Cuentos Spiderman Hombre Araña 4 Tomos + Cd Serie Roja,https://http2.mlstatic.com/D_730672-MLU78555774791_082024-O.jpg,https://articulo.mercadolibre.com.uy/MLU-646453859-libro-cuentos-spiderman-hombre-arana-4-tomos-cd-serie-roja-_JM
MLU646562557,encargo,1.23,My Little Island 3 - Pupil´s Book - Pearson,https://http2.mlstatic.com/D_640072-MLA53630027834_022023-O.jpg,https://articulo.mercadolibre.com.uy/MLU-646562557-my-little-island-3-pupils-book-pearson-_JM
MLU646642103,encargo,1.19,Bebop 3 - Activity Book - Macmillan,https://http2.mlstatic.com/D_801614-MLA109902139752_042026-O.jpg,https://articulo.mercadolibre.com.uy/MLU-646642103-bebop-3-activity-book-macmillan-_JM
MLU646881702,encargo,1.33,Mi Abuela No Es La De Antes Infantil Abuelos,https://http2.mlstatic.com/D_947607-MLU70995574998_082023-O.jpg,https://articulo.mercadolibre.com.uy/MLU-646881702-mi-abuela-no-es-la-de-antes-infantil-abuelos-_JM
MLU646953333,disponible,1.84,Vinilo Pink Floyd The Dark Side  Moon Live At Wembley 1974,https://http2.mlstatic.com/D_875289-MLU71042744866_082023-O.jpg,https://articulo.mercadolibre.com.uy/MLU-646953333-vinilo-pink-floyd-the-dark-side-moon-live-at-wembley-1974-_JM
MLU646979057,disponible,1.85,Pink Floyd The Dark Side Of The Moon Live At Wembley Vinilo,https://http2.mlstatic.com/D_978543-MLA96221583758_102025-O.jpg,https://articulo.mercadolibre.com.uy/MLU-646979057-pink-floyd-the-dark-side-of-the-moon-live-at-wembley-vinilo-_JM
MLU647537049,disponible,1.35,El Juego De Las Palabras (stop)  De Casasín - Español,https://http2.mlstatic.com/D_742493-MLU70797694263_072023-O.jpg,https://articulo.mercadolibre.com.uy/MLU-647537049-el-juego-de-las-palabras-stop-de-casasin-espanol-_JM
MLU647537051,disponible,1.35,Libro El Juego De Las Palabras (stop)  De Casasín  Albert. Editorial Alma  Tapa Blanda,https://http2.mlstatic.com/D_742493-MLU70797694263_072023-O.jpg,https://articulo.mercadolibre.com.uy/MLU-647537051-libro-el-juego-de-las-palabras-stop-de-casasin-albert-editorial-alma-tapa-blanda-_JM
MLU647656301,encargo,1.20,Pink Floyd The Broadcast Collection 1967-1970 5 Cd Box Set Edición Limitada,https://http2.mlstatic.com/D_861408-MLU81756366479_012025-O.jpg,https://articulo.mercadolibre.com.uy/MLU-647656301-pink-floyd-the-broadcast-collection-1967-1970-5-cd-box-set-edicion-limitada-_JM
MLU647780093,disponible,1.19,Ceferino Reato - Salvo Que Me Muera Antes Política Argentina,https://http2.mlstatic.com/D_676979-MLU81588238590_012025-O.jpg,https://articulo.mercadolibre.com.uy/MLU-647780093-ceferino-reato-salvo-que-me-muera-antes-politica-argentina-_JM
MLU647873765,encargo,1.90,Volumen 5 Los Fabulosos Cadillacs - Disco Emblemático 1990,https://http2.mlstatic.com/D_643001-MLU81910264259_012025-O.jpg,https://articulo.mercadolibre.com.uy/MLU-647873765-volumen-5-los-fabulosos-cadillacs-disco-emblematico-1990-_JM
MLU647873827,disponible,1.53,Pack 6 Libros De Narnia,https://http2.mlstatic.com/D_951525-MLU81910578441_012025-O.jpg,https://articulo.mercadolibre.com.uy/MLU-647873827-pack-6-libros-de-narnia-_JM
MLU648794507,disponible,1.15,Headway Elementary (5th.edition) - Audio Cd,https://http2.mlstatic.com/D_794078-MLU78519406274_082024-O.jpg,https://articulo.mercadolibre.com.uy/MLU-648794507-headway-elementary-5thedition-audio-cd-_JM
MLU648896839,encargo,1.49,Mafalda Lata Edición Limitada 11 Libros Quino Caja Metálica,https://http2.mlstatic.com/D_954773-MLU83061193993_032025-O.jpg,https://articulo.mercadolibre.com.uy/MLU-648896839-mafalda-lata-edicion-limitada-11-libros-quino-caja-metalica-_JM
MLU649164962,encargo,1.31,Gaturro Campeones,https://http2.mlstatic.com/D_624500-MLU71032091367_082023-O.jpg,https://articulo.mercadolibre.com.uy/MLU-649164962-gaturro-campeones-_JM
MLU649177560,encargo,1.17,Libro Tu Cuerpo Es Un Tesoro,https://http2.mlstatic.com/D_962146-MLU78395567911_082024-O.jpg,https://articulo.mercadolibre.com.uy/MLU-649177560-libro-tu-cuerpo-es-un-tesoro-_JM
MLU649177570,encargo,1.18,Mandalas  Jung Y Tarot: Un Recorrido De Arte Simbólico - Lau,https://http2.mlstatic.com/D_797014-MLA50256543767_062022-O.jpg,https://articulo.mercadolibre.com.uy/MLU-649177570-mandalas-jung-y-tarot-un-recorrido-de-arte-simbolico-lau-_JM
MLU649216162,encargo,1.33,Libro Pokémon Guía Definitiva De La Región Galar,https://http2.mlstatic.com/D_613466-MLC49378136238_032022-O.jpg,https://articulo.mercadolibre.com.uy/MLU-649216162-libro-pokemon-guia-definitiva-de-la-region-galar-_JM
MLU649346224,disponible,1.31,Todo Makoki Miguel Gallardo Historietas,https://http2.mlstatic.com/D_803361-MLU71032150953_082023-O.jpg,https://articulo.mercadolibre.com.uy/MLU-649346224-todo-makoki-miguel-gallardo-historietas-_JM
MLU649409452,encargo,1.78,La Casa - Roca Familia,https://http2.mlstatic.com/D_828869-MLU71032180393_082023-O.jpg,https://articulo.mercadolibre.com.uy/MLU-649409452-la-casa-roca-familia-_JM
MLU650132492,encargo,1.44,Cuadradito Y Circulito: Vacaciones En El Hotel Mohoso,https://http2.mlstatic.com/D_775420-MLU71032209661_082023-O.jpg,https://articulo.mercadolibre.com.uy/MLU-650132492-cuadradito-y-circulito-vacaciones-en-el-hotel-mohoso-_JM
MLU651004486,encargo,1.17,Recuerda Gía Ciccimarra Emociones,https://http2.mlstatic.com/D_822360-MLU71032210371_082023-O.jpg,https://articulo.mercadolibre.com.uy/MLU-651004486-recuerda-gia-ciccimarra-emociones-_JM
MLU651219652,encargo,1.42,El Miedo De Sergio  De Gutierrez/hidalgo. Editorial Salvatella En Español,https://http2.mlstatic.com/D_962236-MLU70696784577_072023-O.jpg,https://articulo.mercadolibre.com.uy/MLU-651219652-el-miedo-de-sergio-de-gutierrezhidalgo-editorial-salvatella-en-espanol-_JM
MLU651563100,encargo,1.19,Libro De Comerciante A Empresario - Guillermo González,https://http2.mlstatic.com/D_654929-MLU48696679197_122021-O.jpg,https://articulo.mercadolibre.com.uy/MLU-651563100-libro-de-comerciante-a-empresario-guillermo-gonzalez-_JM
MLU651569404,disponible,1.32,El Tamaño Del Corazón  De Sanchez Varela Emma Misspink. Editorial Cuentería Respetuosa  Tapa Dura En Español,https://http2.mlstatic.com/D_784888-MLU70713817796_072023-O.jpg,https://articulo.mercadolibre.com.uy/MLU-651569404-el-tamano-del-corazon-de-sanchez-varela-emma-misspink-editorial-cuenteria-respetuosa-tapa-dura-en-espanol-_JM
MLU651588622,encargo,1.29,Show And Tell 2 2nd Edition - Workbook,https://http2.mlstatic.com/D_937752-MLM49409034512_032022-O.jpg,https://articulo.mercadolibre.com.uy/MLU-651588622-show-and-tell-2-2nd-edition-workbook-_JM
MLU651601054,disponible,1.33,Una Corte De Niebla Y De Furia - Sarah J. Maas,https://http2.mlstatic.com/D_661304-MLA52708043585_122022-O.jpg,https://articulo.mercadolibre.com.uy/MLU-651601054-una-corte-de-niebla-y-de-furia-sarah-j-maas-_JM
MLU651601448,encargo,1.44,Libro Cuadradito Y Circulito - Vacaciones En El Hotel Mohoso - Altea,https://http2.mlstatic.com/D_923114-MLA53882817036_022023-O.jpg,https://articulo.mercadolibre.com.uy/MLU-651601448-libro-cuadradito-y-circulito-vacaciones-en-el-hotel-mohoso-altea-_JM
MLU651759383,disponible,1.54,Guías Prácticas En Producción Bovina. Evaluación Y Diagnóstico Ecográfico Repro...  De Fernández Sánchez  Manuel. Editorial Servet  Tapa Blanda En Español,https://http2.mlstatic.com/D_641039-MLU71252177996_082023-O.jpg,https://articulo.mercadolibre.com.uy/MLU-651759383-guas-prcticas-en-produccin-bovina-evaluacin-y-diagnstico-ecogrfico-repro-de-fernandez-sanchez-manuel-editorial-servet-tapa-blanda-en-espanol-_JM
MLU651809455,disponible,1.24,Libro Infantil Veterinaria: Moruchina Aprende Sobre Animales,https://http2.mlstatic.com/D_685821-MLU84729359014_052025-O.jpg,https://articulo.mercadolibre.com.uy/MLU-651809455-libro-infantil-veterinaria-moruchina-aprende-sobre-animales-_JM
MLU651823595,disponible,1.54,Manual Ecografía Bovina: Guía Diagnóstico Reproductivo+casos,https://http2.mlstatic.com/D_641039-MLU71252177996_082023-O.jpg,https://articulo.mercadolibre.com.uy/MLU-651823595-manual-ecografia-bovina-guia-diagnostico-reproductivocasos-_JM
MLU652114132,encargo,1.17,Coco Y Pio - Alexis Deacon  De Deacon  Alexis. Editorial Ekare  Tapa Dura En Español,https://http2.mlstatic.com/D_632118-MLA49938781087_052022-O.jpg,https://articulo.mercadolibre.com.uy/MLU-652114132-coco-y-pio-alexis-deacon-de-deacon-alexis-editorial-ekare-tapa-dura-en-espanol-_JM
MLU652114154,disponible,1.39,Oesterheld Una Cita Con El Futuro  De Héctor Germán Oesterheld.  Vol. Volumen Unico. Editorial El Tanque De Agua  Tapa Blanda En Español,https://http2.mlstatic.com/D_674441-MLU70079095950_062023-O.jpg,https://articulo.mercadolibre.com.uy/MLU-652114154-oesterheld-una-cita-con-el-futuro-de-hector-german-oesterheld-vol-volumen-unico-editorial-el-tanque-de-agua-tapa-blanda-en-espanol-_JM
MLU652115204,encargo,1.35,La Casa - Roca  Paco,https://http2.mlstatic.com/D_891596-MLU79045433808_092024-O.jpg,https://articulo.mercadolibre.com.uy/MLU-652115204-la-casa-roca-paco-_JM
MLU652173352,encargo,1.42,Libro Gaturro Campeones  De Nik  Vol. 1. Editorial Catapulta  Tapa Blanda (2023),https://http2.mlstatic.com/D_941701-MLU78562366807_082024-O.jpg,https://articulo.mercadolibre.com.uy/MLU-652173352-libro-gaturro-campeones-de-nik-vol-1-editorial-catapulta-tapa-blanda-2023-_JM
MLU652240418,encargo,1.45,Vaya Lío De Familia!  De Pascale Francotte. Editorial La Galera En Español,https://http2.mlstatic.com/D_765135-MLU70807852373_072023-O.jpg,https://articulo.mercadolibre.com.uy/MLU-652240418-vaya-lio-de-familia-de-pascale-francotte-editorial-la-galera-en-espanol-_JM
MLU652279538,disponible,1.33,Libro Ninfa Rota  De Alfredo Gómez Cerda. Editorial Anaya,https://http2.mlstatic.com/D_687427-MLU70847789563_082023-O.jpg,https://articulo.mercadolibre.com.uy/MLU-652279538-libro-ninfa-rota-de-alfredo-gomez-cerda-editorial-anaya-_JM
MLU652515688,disponible,1.37,Suplemento 86 Pictos + Caja Organ,https://http2.mlstatic.com/D_976185-MLU71032092253_082023-O.jpg,https://articulo.mercadolibre.com.uy/MLU-652515688-suplemento-86-pictos-caja-organ-_JM
MLU652669116,encargo,2.00,Bird Checklist - Varios Autores,https://http2.mlstatic.com/D_632500-MLA82461651549_022025-O.jpg,https://articulo.mercadolibre.com.uy/MLU-652669116-bird-checklist-varios-autores-_JM
MLU652716442,encargo,1.62,Más Clases Diarias - Matemática + Cs. Sociales (1° Ciclo),https://http2.mlstatic.com/D_641998-MLU78428478893_082024-O.jpg,https://articulo.mercadolibre.com.uy/MLU-652716442-mas-clases-diarias-matematica-cs-sociales-1-ciclo-_JM
MLU652773026,disponible,1.24,Big Ben - Duo Karma,https://http2.mlstatic.com/D_775129-MLA53195301255_012023-O.jpg,https://articulo.mercadolibre.com.uy/MLU-652773026-big-ben-duo-karma-_JM
MLU653060965,disponible,1.59,Pack 4 Revistas Crochet Calados  Zapatos  Mantas  Gorros,https://http2.mlstatic.com/D_753127-MLU91130206808_092025-O.jpg,https://articulo.mercadolibre.com.uy/MLU-653060965-pack-4-revistas-crochet-calados-zapatos-mantas-gorros-_JM
MLU653094878,disponible,1.16,Como En El Cielo,https://http2.mlstatic.com/D_734145-MLU71021016430_082023-O.jpg,https://articulo.mercadolibre.com.uy/MLU-653094878-como-en-el-cielo-_JM
MLU653102175,disponible,1.34,Mega Libro Para Colorear Los Vengadores Marvel Pegatinas,https://http2.mlstatic.com/D_601277-MLU91597077767_092025-O.jpg,https://articulo.mercadolibre.com.uy/MLU-653102175-mega-libro-para-colorear-los-vengadores-marvel-pegatinas-_JM
MLU653152043,disponible,1.46,Pack 4 Revistas Crochet Calados  Zapatos  Crochet Sin Límite,https://http2.mlstatic.com/D_782801-MLU91130293590_092025-O.jpg,https://articulo.mercadolibre.com.uy/MLU-653152043-pack-4-revistas-crochet-calados-zapatos-crochet-sin-limite-_JM
MLU653449619,disponible,1.53,Cartas Oráculo Creadores Luz Espiritualidad Bloqueo,https://http2.mlstatic.com/D_950443-MLU93633365549_092025-O.jpg,https://articulo.mercadolibre.com.uy/MLU-653449619-cartas-oraculo-creadores-luz-espiritualidad-bloqueo-_JM
MLU653516369,encargo,1.45,Taylor Swift The Life Of A Showgirl Lp Orange Vinyl,https://http2.mlstatic.com/D_686918-MLA99961027195_112025-O.jpg,https://articulo.mercadolibre.com.uy/MLU-653516369-taylor-swift-the-life-of-a-showgirl-lp-orange-vinyl-_JM
MLU654532366,encargo,1.23,Libro Tarot Silver Witchcraft Kit Barbara Moore  De Barbara Moore. Editorial Lo Scarabeo  Tapa Blanda  En Inglés,https://http2.mlstatic.com/D_756470-MLU71241987038_082023-O.jpg,https://articulo.mercadolibre.com.uy/MLU-654532366-libro-tarot-silver-witchcraft-kit-barbara-moore-de-barbara-moore-editorial-lo-scarabeo-tapa-blanda-en-ingles-_JM
MLU654540196,encargo,2.18,Mis Ejercicios Anti Alzheimer - Larousse Editorial,https://http2.mlstatic.com/D_942906-MLM49187408267_022022-O.jpg,https://articulo.mercadolibre.com.uy/MLU-654540196-mis-ejercicios-anti-alzheimer-larousse-editorial-_JM
MLU654815698,encargo,2.63,Tarot Black & Gold Edition,https://http2.mlstatic.com/D_916944-MLU73572363101_122023-O.jpg,https://articulo.mercadolibre.com.uy/MLU-654815698-tarot-black-gold-edition-_JM
MLU654829022,disponible,1.17,Libro Mama  Mi Hogar  De Laura Richichi. Editorial La Cuentería Respetuosa  Tapa Dura,https://http2.mlstatic.com/D_987947-MLA79356863492_092024-O.jpg,https://articulo.mercadolibre.com.uy/MLU-654829022-libro-mama-mi-hogar-de-laura-richichi-editorial-la-cuenteria-respetuosa-tapa-dura-_JM
MLU654846438,encargo,1.78,Full Metal Alchemist 10  De Hiromu Arakawa.  Vol. 10. Editorial Norma  Tapa Dura En Español  2022,https://http2.mlstatic.com/D_709064-MLU69622844506_052023-O.jpg,https://articulo.mercadolibre.com.uy/MLU-654846438-full-metal-alchemist-10-de-hiromu-arakawa-vol-10-editorial-norma-tapa-dura-en-espanol-2022-_JM
MLU654868248,disponible,1.98,La Secta  De Camila Läckberg Y Henrik Fexeus. Editorial Planeta En Español,https://http2.mlstatic.com/D_763103-MLU69140217602_042023-O.jpg,https://articulo.mercadolibre.com.uy/MLU-654868248-la-secta-de-camila-lckberg-y-henrik-fexeus-editorial-planeta-en-espanol-_JM
MLU655313587,disponible,1.21,Canciones Para Ir A Dormir Libro Infantil Música Bebés,https://http2.mlstatic.com/D_849827-MLU106511295031_022026-O.jpg,https://articulo.mercadolibre.com.uy/MLU-655313587-canciones-para-ir-a-dormir-libro-infantil-musica-bebes-_JM
MLU655391117,disponible,1.36,Uzumaki [ Integral ]  De Junji Ito.  Vol. 1.0. Editorial Planeta Deagostini Comics  Tapa Dura  Edición 1.0 En Español  2017,https://http2.mlstatic.com/D_718620-MLA79771518851_102024-O.jpg,https://articulo.mercadolibre.com.uy/MLU-655391117-uzumaki-integral-de-junji-ito-vol-10-editorial-planeta-deagostini-comics-tapa-dura-edicion-10-en-espanol-2017-_JM
MLU655488176,disponible,2.39,Libro Comprension Con Pictogramas El Centro Comercial,https://http2.mlstatic.com/D_660363-MLA74139473761_012024-O.jpg,https://articulo.mercadolibre.com.uy/MLU-655488176-libro-comprension-con-pictogramas-el-centro-comercial-_JM
MLU655631608,encargo,1.22,Cartas Hellinger Constelaciones Familiares  Aforismo,https://http2.mlstatic.com/D_944954-MLU71404969444_092023-O.jpg,https://articulo.mercadolibre.com.uy/MLU-655631608-cartas-hellinger-constelaciones-familiares-aforismo-_JM
MLU655904814,encargo,1.78,Libro La Insumisa - Cristina Peri Rossi - Menos Cuarto,https://http2.mlstatic.com/D_697678-MLA51575399389_092022-O.jpg,https://articulo.mercadolibre.com.uy/MLU-655904814-libro-la-insumisa-cristina-peri-rossi-menos-cuarto-_JM
MLU656147660,disponible,1.79,Irrompible - Francisco Garcia Vena,https://http2.mlstatic.com/D_932880-MLA79426508346_092024-O.jpg,https://articulo.mercadolibre.com.uy/MLU-656147660-irrompible-francisco-garcia-vena-_JM
MLU656199308,encargo,2.15,Libro Alicia Y El Cerebro Maravilloso - Perales Castellan...,https://http2.mlstatic.com/D_741812-MLU51637236829_092022-O.jpg,https://articulo.mercadolibre.com.uy/MLU-656199308-libro-alicia-y-el-cerebro-maravilloso-perales-castellan-_JM
MLU657093112,disponible,1.19,Libro Mi Libro Es Asi De Maria Fernanda Maquieira,https://http2.mlstatic.com/D_753163-MLA52695805537_122022-O.jpg,https://articulo.mercadolibre.com.uy/MLU-657093112-libro-mi-libro-es-asi-de-maria-fernanda-maquieira-_JM
MLU657210414,encargo,2.16,Lacan. Lector De Oriente  De Florentina Gamarra. Editorial Cascada De Letras  Tapa Blanda En Español  2022,https://http2.mlstatic.com/D_685539-MLU73578885256_122023-O.jpg,https://articulo.mercadolibre.com.uy/MLU-657210414-lacan-lector-de-oriente-de-florentina-gamarra-editorial-cascada-de-letras-tapa-blanda-en-espanol-2022-_JM
MLU657988486,disponible,1.26,Jump In A - Class Book Pack - Oxford,https://http2.mlstatic.com/D_920582-MLC47816265693_102021-O.jpg,https://articulo.mercadolibre.com.uy/MLU-657988486-jump-in-a-class-book-pack-oxford-_JM
MLU658001398,disponible,1.31,Libro Todo Makoki  De Gallardo  M.. Editorial Debolsillo,https://http2.mlstatic.com/D_842502-MLU70972300272_082023-O.jpg,https://articulo.mercadolibre.com.uy/MLU-658001398-libro-todo-makoki-de-gallardo-m-editorial-debolsillo-_JM
MLU658013594,encargo,1.34,Libro - Monarquia  Democracia Y Orden Natural 2'e - Hoppe H.,https://http2.mlstatic.com/D_898484-MLU50131749882_052022-O.jpg,https://articulo.mercadolibre.com.uy/MLU-658013594-libro-monarquia-democracia-y-orden-natural-2e-hoppe-h-_JM
MLU658014384,disponible,1.37,Libro Enseñanza Aprendizaje Creatividad Jardín Infantes Burgos  De Burgos  Noemi. Editorial Homo Sapiens  Tapa Blanda ( 2021),https://http2.mlstatic.com/D_843574-MLA99549896388_122025-O.jpg,https://articulo.mercadolibre.com.uy/MLU-658014384-libro-ensenanza-aprendizaje-creatividad-jardin-infantes-burgos-de-burgos-noemi-editorial-homo-sapiens-tapa-blanda-2021-_JM
MLU658014426,encargo,1.22,Libro El Pequeño Oraculo De La Magia De La Luna  De Aurore Widmer. Editorial Guy Trédaniel  Tapa Blanda,https://http2.mlstatic.com/D_909267-MLU71242964462_082023-O.jpg,https://articulo.mercadolibre.com.uy/MLU-658014426-libro-el-pequeno-oraculo-de-la-magia-de-la-luna-de-aurore-widmer-editorial-guy-tredaniel-tapa-blanda-_JM
MLU658014458,disponible,1.33,Secretos De Julieta  Los,https://http2.mlstatic.com/D_699489-MLA82460864377_022025-O.jpg,https://articulo.mercadolibre.com.uy/MLU-658014458-secretos-de-julieta-los-_JM
MLU658027416,encargo,3.31,Libro La Revolución Blockchain  De Don Tapscott. Editorial Deusto,https://http2.mlstatic.com/D_792162-MLU74111627602_012024-O.jpg,https://articulo.mercadolibre.com.uy/MLU-658027416-libro-la-revolucion-blockchain-de-don-tapscott-editorial-deusto-_JM
MLU658053422,encargo,1.63,La Fantástica Historia De El Ratoncito Pérez  De Martí  Meritxell. Editorial Beascoa  Tapa Dura En Español,https://http2.mlstatic.com/D_993565-MLU70654392748_072023-O.jpg,https://articulo.mercadolibre.com.uy/MLU-658053422-la-fantstica-historia-de-el-ratoncito-prez-de-marti-meritxell-editorial-beascoa-tapa-dura-en-espanol-_JM
MLU658053454,disponible,1.16,Como En El Cielo,https://http2.mlstatic.com/D_773360-MLU54964423602_042023-O.jpg,https://articulo.mercadolibre.com.uy/MLU-658053454-como-en-el-cielo-_JM
MLU658079470,encargo,1.77,Aprende Sobre El Cuerpo Humano - Los Editores De Auzou,https://http2.mlstatic.com/D_869826-MLA43785392744_102020-O.jpg,https://articulo.mercadolibre.com.uy/MLU-658079470-aprende-sobre-el-cuerpo-humano-los-editores-de-auzou-_JM
MLU658079482,encargo,1.29,Libro: El Péndulo (kit Y Tablas) / Markus Schirner,https://http2.mlstatic.com/D_897957-MLU54963252294_042023-O.jpg,https://articulo.mercadolibre.com.uy/MLU-658079482-libro-el-pendulo-kit-y-tablas-markus-schirner-_JM
MLU658079504,disponible,1.27,Tarot Del Renacimiento  De Giorgio Trevisan. Editorial Lo Scarabeo  Tapa Blanda En Español,https://http2.mlstatic.com/D_877977-MLU69847497021_062023-O.jpg,https://articulo.mercadolibre.com.uy/MLU-658079504-tarot-del-renacimiento-de-giorgio-trevisan-editorial-lo-scarabeo-tapa-blanda-en-espanol-_JM
MLU658079508,disponible,1.98,Zaffaroni / Manual De Derecho Penal Pte Gral 2 Ed,https://http2.mlstatic.com/D_638129-MLA41757673732_052020-O.jpg,https://articulo.mercadolibre.com.uy/MLU-658079508-zaffaroni-manual-de-derecho-penal-pte-gral-2-ed-_JM
MLU658092450,disponible,1.36,Little Stars 3 - Student´s Book,https://http2.mlstatic.com/D_814543-MLA44191469264_112020-O.jpg,https://articulo.mercadolibre.com.uy/MLU-658092450-little-stars-3-students-book-_JM
MLU658141598,encargo,1.35,Un Papa A La Medida - Mini Album,https://http2.mlstatic.com/D_987390-MLA32942109578_112019-O.jpg,https://articulo.mercadolibre.com.uy/MLU-658141598-un-papa-a-la-medida-mini-album-_JM
MLU658310830,encargo,1.29,Fito Paez Ey! Vinilo Nuevo,https://http2.mlstatic.com/D_738127-MLA45186127698_032021-O.jpg,https://articulo.mercadolibre.com.uy/MLU-658310830-fito-paez-ey-vinilo-nuevo-_JM
MLU658789980,encargo,1.36,La Biblia Del Niño,https://http2.mlstatic.com/D_811060-MLU71965194172_092023-O.jpg,https://articulo.mercadolibre.com.uy/MLU-658789980-la-biblia-del-nino-_JM
MLU659005076,disponible,1.18,Golden Visconti Grand Trumps,https://http2.mlstatic.com/D_778208-MLU72046030677_102023-O.jpg,https://articulo.mercadolibre.com.uy/MLU-659005076-golden-visconti-grand-trumps-_JM
MLU659697972,encargo,1.41,Medicina Interna En Esquemas  Alejandro Scicolone,https://http2.mlstatic.com/D_666398-MLU77733630881_072024-O.jpg,https://articulo.mercadolibre.com.uy/MLU-659697972-medicina-interna-en-esquemas-alejandro-scicolone-_JM
MLU660220616,encargo,1.47,Biblia De Promesas Rvr 1960 Letra Grande - Imitacion Piel,https://http2.mlstatic.com/D_788549-MLA45754323896_042021-O.jpg,https://articulo.mercadolibre.com.uy/MLU-660220616-biblia-de-promesas-rvr-1960-letra-grande-imitacion-piel-_JM
MLU660662152,encargo,1.69,Fascículo 6 + Tornado Ids Aviones De Combate Nº 6 Verde Musgo,https://http2.mlstatic.com/D_967086-MLU77119666007_062024-O.jpg,https://articulo.mercadolibre.com.uy/MLU-660662152-fasciculo-6-tornado-ids-aviones-de-combate-n-6-verde-musgo-_JM
MLU661290401,disponible,1.33,The Canterville Ghost (2º Eso)  De Oscar Wilde. Editorial Burlington Books En Español,https://http2.mlstatic.com/D_810872-MLU70697639360_072023-O.jpg,https://articulo.mercadolibre.com.uy/MLU-661290401-the-canterville-ghost-2-eso-de-oscar-wilde-editorial-burlington-books-en-espanol-_JM
MLU661877129,disponible,1.34,Nuestro Planeta Casals Biologia Y Geologia Secundaria,https://http2.mlstatic.com/D_993658-MLU107105919670_022026-O.jpg,https://articulo.mercadolibre.com.uy/MLU-661877129-nuestro-planeta-casals-biologia-y-geologia-secundaria-_JM
MLU661968085,encargo,1.19,Mouse And Me 1 Student Book Oxford Ingles Escolar Primaria,https://http2.mlstatic.com/D_873111-MLU79117812059_092024-O.jpg,https://articulo.mercadolibre.com.uy/MLU-661968085-mouse-and-me-1-student-book-oxford-ingles-escolar-primaria-_JM
MLU662006951,encargo,1.19,Mouse And Me 1 - Class Book - Oxford,https://http2.mlstatic.com/D_873111-MLU79117812059_092024-O.jpg,https://articulo.mercadolibre.com.uy/MLU-662006951-mouse-and-me-1-class-book-oxford-_JM
MLU663150722,encargo,1.52,El Cuerpo. La Mente. - Jaggi Vasudev sadhguru,https://http2.mlstatic.com/D_692988-MCO47856357058_102021-O.jpg,https://articulo.mercadolibre.com.uy/MLU-663150722-el-cuerpo-la-mente-jaggi-vasudevsadhguru-_JM
MLU663196070,encargo,1.23,Taylor Swift Midnights Moonstone Blue Edition Disco Cd,https://http2.mlstatic.com/D_966236-MLA99934519905_112025-O.jpg,https://articulo.mercadolibre.com.uy/MLU-663196070-taylor-swift-midnights-moonstone-blue-edition-disco-cd-_JM
MLU663199824,disponible,1.33,El Hombre La Economía Y El Estado Vol. 1 - Tratado Sobre Principios De Economía  De Rothnard  Murray N.. Unión Editorial  Tapa Blanda En Español  2004,https://http2.mlstatic.com/D_751563-MLU54984466558_052023-O.jpg,https://articulo.mercadolibre.com.uy/MLU-663199824-el-hombre-la-economia-y-el-estado-vol-1-tratado-sobre-principios-de-economia-de-rothnard-murray-n-union-editorial-tapa-blanda-en-espanol-2004-_JM
MLU664151466,encargo,1.21,Buenas Noches Luna - Cartón - Margaret Wise Brown,https://http2.mlstatic.com/D_804401-MLU72756964086_112023-O.jpg,https://articulo.mercadolibre.com.uy/MLU-664151466-buenas-noches-luna-carton-margaret-wise-brown-_JM
MLU664371474,disponible,1.31,Descalza Mama Antula Locatelli Nuncia,https://http2.mlstatic.com/D_985384-MLU72802257956_112023-O.jpg,https://articulo.mercadolibre.com.uy/MLU-664371474-descalza-mama-antula-locatelli-nuncia-_JM
MLU666008480,disponible,1.32,Guadal/cyborg - Elena Annibali,https://http2.mlstatic.com/D_864179-MLU73091461918_112023-O.jpg,https://articulo.mercadolibre.com.uy/MLU-666008480-guadalcyborg-elena-annibali-_JM
MLU666156764,encargo,1.18,Lote Simpson Comic Pack Bongo Ovni Press Oferta Coleccion,https://http2.mlstatic.com/D_678729-MLU73223908541_122023-O.jpg,https://articulo.mercadolibre.com.uy/MLU-666156764-lote-simpson-comic-pack-bongo-ovni-press-oferta-coleccion-_JM
MLU666616106,encargo,1.83,Aviones De Combate Salvat N° 46 F/a-18e Super Hornet Gris,https://http2.mlstatic.com/D_947376-MLU73326943869_122023-O.jpg,https://articulo.mercadolibre.com.uy/MLU-666616106-aviones-de-combate-salvat-n-46-fa-18e-super-hornet-gris-_JM
MLU666629792,disponible,1.33,Guadal/cyborg - Elena Annibali,https://http2.mlstatic.com/D_997507-MLU78841808467_082024-O.jpg,https://articulo.mercadolibre.com.uy/MLU-666629792-guadalcyborg-elena-annibali-_JM
MLU666668600,disponible,2.00,Libro El Fracaso De La Derecha  De Roxana Kreimer. Editorial Galerna,https://http2.mlstatic.com/D_857241-MLU71388697516_082023-O.jpg,https://articulo.mercadolibre.com.uy/MLU-666668600-libro-el-fracaso-de-la-derecha-de-roxana-kreimer-editorial-galerna-_JM
MLU667334426,disponible,1.33,Argentina Devorada  La - Jose Luis Espert,https://http2.mlstatic.com/D_623073-MLU78491802113_082024-O.jpg,https://articulo.mercadolibre.com.uy/MLU-667334426-argentina-devorada-la-jose-luis-espert-_JM
MLU667356926,encargo,1.45,Lectura De Notas Sobre El Niño Aníbal Leserre,https://http2.mlstatic.com/D_871689-MLU73414373777_122023-O.jpg,https://articulo.mercadolibre.com.uy/MLU-667356926-lectura-de-notas-sobre-el-nino-anibal-leserre-_JM
MLU667785452,disponible,1.16,Biblia De Los Pequeños Antiguo Y Nuevo Testamento Para Niños,https://http2.mlstatic.com/D_633817-MLU73584937735_122023-O.jpg,https://articulo.mercadolibre.com.uy/MLU-667785452-biblia-de-los-pequenos-antiguo-y-nuevo-testamento-para-ninos-_JM
MLU667831622,encargo,1.55,Colección Taxis Del Mundo Austin Fx4-1965- Londres Negro,https://http2.mlstatic.com/D_719196-MLU73546500243_122023-O.jpg,https://articulo.mercadolibre.com.uy/MLU-667831622-coleccion-taxis-del-mundo-austin-fx4-1965-londres-negro-_JM
MLU668129296,encargo,1.36,Orgullo Y Prejuicio (estuche Libro + Espejo) Jane Austen,https://http2.mlstatic.com/D_714867-MLU73479770206_122023-O.jpg,https://articulo.mercadolibre.com.uy/MLU-668129296-orgullo-y-prejuicio-estuche-libro-espejo-jane-austen-_JM
MLU668231848,encargo,1.27,Bebop 3 - Student´s Book - Macmillan,https://http2.mlstatic.com/D_696867-MLU79285397685_092024-O.jpg,https://articulo.mercadolibre.com.uy/MLU-668231848-bebop-3-students-book-macmillan-_JM
MLU668244524,encargo,1.37,Orgullo Y Prejuicio - Edición Especial,https://http2.mlstatic.com/D_684094-MLA43873989743_102020-O.jpg,https://articulo.mercadolibre.com.uy/MLU-668244524-orgullo-y-prejuicio-edicion-especial-_JM
MLU668290330,encargo,1.50,Biblia Reina Valera 1960 Mediana Letra Grande Imitación Piel,https://http2.mlstatic.com/D_794051-MLU73687796599_122023-O.jpg,https://articulo.mercadolibre.com.uy/MLU-668290330-biblia-reina-valera-1960-mediana-letra-grande-imitacion-piel-_JM
MLU669181482,encargo,1.29,La Patrulla Canina Caja Mi Llavero Musical,https://http2.mlstatic.com/D_979679-MLU73934329442_012024-O.jpg,https://articulo.mercadolibre.com.uy/MLU-669181482-la-patrulla-canina-caja-mi-llavero-musical-_JM
MLU669399556,encargo,1.20,No Quiero Dormir Sola,https://http2.mlstatic.com/D_735576-MLU44405074860_122020-O.jpg,https://articulo.mercadolibre.com.uy/MLU-669399556-no-quiero-dormir-sola-_JM
MLU669511148,disponible,1.22,Gothic Tarot,https://http2.mlstatic.com/D_607688-MLA44146888618_112020-O.jpg,https://articulo.mercadolibre.com.uy/MLU-669511148-gothic-tarot-_JM
MLU669860708,encargo,1.29,La Patrulla Canina  Caja Con Llavero Y Libros  De Vv. Aa.. Editorial Publications International Iberia En Español,https://http2.mlstatic.com/D_829884-MLU74098979680_012024-O.jpg,https://articulo.mercadolibre.com.uy/MLU-669860708-la-patrulla-canina-caja-con-llavero-y-libros-de-vv-aa-editorial-publications-international-iberia-en-espanol-_JM
MLU669872762,encargo,1.49,Colección Mafalda: 11 Tomos En Una Lata (edición Limitada)  De Quino. Editorial Lumen Gráfica En Español,https://http2.mlstatic.com/D_890161-MLU74193303735_012024-O.jpg,https://articulo.mercadolibre.com.uy/MLU-669872762-coleccion-mafalda-11-tomos-en-una-lata-edicion-limitada-de-quino-editorial-lumen-grafica-en-espanol-_JM
MLU669925028,encargo,1.29,Pack El Arte De Los Estoicos  De William B. Irvine. Editorial Ediciones Paidós En Español,https://http2.mlstatic.com/D_853429-MLU74212878477_012024-O.jpg,https://articulo.mercadolibre.com.uy/MLU-669925028-pack-el-arte-de-los-estoicos-de-william-b-irvine-editorial-ediciones-paidos-en-espanol-_JM
MLU670220192,encargo,1.35,Libro - L.o.l. Surprise! Megalibro Para Colorear,https://http2.mlstatic.com/D_949627-MLA45576366191_042021-O.jpg,https://articulo.mercadolibre.com.uy/MLU-670220192-libro-lol-surprise-megalibro-para-colorear-_JM
MLU670681548,disponible,1.25,Audiocuentos La Granja De Zenon Carpintero,https://http2.mlstatic.com/D_873779-MLU74427858929_022024-O.jpg,https://articulo.mercadolibre.com.uy/MLU-670681548-audiocuentos-la-granja-de-zenon-carpintero-_JM
MLU670967888,encargo,1.17,Mouse And Me Plus 2 - Student´s Book - Oxford,https://http2.mlstatic.com/D_740314-MLA44116269994_112020-O.jpg,https://articulo.mercadolibre.com.uy/MLU-670967888-mouse-and-me-plus-2-students-book-oxford-_JM
MLU671310968,encargo,1.33,Test De Denominación Rápida Predictor De Habilidades Lectoras  De Fonseca. Editorial Autores De Argentina En Español,https://http2.mlstatic.com/D_815010-MLU77404636022_072024-O.jpg,https://articulo.mercadolibre.com.uy/MLU-671310968-test-de-denominacion-rapida-predictor-de-habilidades-lectoras-de-fonseca-editorial-autores-de-argentina-en-espanol-_JM
MLU672461074,encargo,1.38,Cartuchera Melody Kawaii Rosa Liso,https://http2.mlstatic.com/D_899585-MLU74799677269_022024-O.jpg,https://articulo.mercadolibre.com.uy/MLU-672461074-cartuchera-melody-kawaii-rosa-liso-_JM
MLU672464208,disponible,1.38,Tarot Entre Amigos + Libro + Cartas,https://http2.mlstatic.com/D_696626-MLA31594639289_072019-O.jpg,https://articulo.mercadolibre.com.uy/MLU-672464208-tarot-entre-amigos-libro-cartas-_JM
MLU672544338,encargo,1.30,Learn With Ollie 1 Student's Pack,https://http2.mlstatic.com/D_868045-MLU74666221012_022024-O.jpg,https://articulo.mercadolibre.com.uy/MLU-672544338-learn-with-ollie-1-students-pack-_JM
MLU673139908,disponible,3.31,Libro ¡ Eso Es Todo  Amigos ! : El Universo Animado Warneriano  De Delgado Sanchez  Cruz. Editorial Diabolo Ediciones,https://http2.mlstatic.com/D_687966-MLU74161179039_012024-O.jpg,https://articulo.mercadolibre.com.uy/MLU-673139908-libro-eso-es-todo-amigos-el-universo-animado-warneriano-de-delgado-sanchez-cruz-editorial-diabolo-ediciones-_JM
MLU673324015,disponible,1.66,Papa Francisco Los Tweets De Francisco 2 Mensajes Diarios,https://http2.mlstatic.com/D_631451-MLU108871990079_032026-O.jpg,https://articulo.mercadolibre.com.uy/MLU-673324015-papa-francisco-los-tweets-de-francisco-2-mensajes-diarios-_JM
MLU674685934,disponible,1.32,Oxford Show And Tell 3 Student Book Access Card Pack 2ed,https://http2.mlstatic.com/D_851388-MLU75356696365_032024-O.jpg,https://articulo.mercadolibre.com.uy/MLU-674685934-oxford-show-and-tell-3-student-book-access-card-pack-2ed-_JM
MLU674750744,disponible,1.48,Reina Valera 1960 Biblia De Estudio De La Vida Plena,https://http2.mlstatic.com/D_949375-MLU75208725822_032024-O.jpg,https://articulo.mercadolibre.com.uy/MLU-674750744-reina-valera-1960-biblia-de-estudio-de-la-vida-plena-_JM
MLU674948946,encargo,1.31,Show And Tell 2 2/ed.- Student´s Book + Lingokids Home,https://http2.mlstatic.com/D_971710-MLA72364100892_102023-O.jpg,https://articulo.mercadolibre.com.uy/MLU-674948946-show-and-tell-2-2ed-students-book-lingokids-home-_JM
MLU676041132,encargo,1.24,Los Guardianes Del Ser - Tolle  Eckhart,https://http2.mlstatic.com/D_971000-MLU77406014950_072024-O.jpg,https://articulo.mercadolibre.com.uy/MLU-676041132-los-guardianes-del-ser-tolle-eckhart-_JM
MLU677071156,disponible,2.02,Diy - Crochet In & Out,https://http2.mlstatic.com/D_658003-MLA82482467485_022025-O.jpg,https://articulo.mercadolibre.com.uy/MLU-677071156-diy-crochet-in-out-_JM
MLU677526806,encargo,1.23,Deseos De Nuestros Angeles  De Debbie Manole. Editorial Tredaniel En Español,https://http2.mlstatic.com/D_714948-MLU69749077039_062023-O.jpg,https://articulo.mercadolibre.com.uy/MLU-677526806-deseos-de-nuestros-angeles-de-debbie-manole-editorial-tredaniel-en-espanol-_JM
MLU678001217,disponible,1.24,Gustav Klimt: Colección De Láminas De Su Obra,https://http2.mlstatic.com/D_745020-MLA109555846807_032026-O.jpg,https://articulo.mercadolibre.com.uy/MLU-678001217-gustav-klimt-coleccion-de-laminas-de-su-obra-_JM
MLU678056281,encargo,1.60,Libro Juego - Frozen. El Reino Del Hielo,https://http2.mlstatic.com/D_792770-MLA109442383899_032026-O.jpg,https://articulo.mercadolibre.com.uy/MLU-678056281-libro-juego-frozen-el-reino-del-hielo-_JM
MLU678062509,disponible,1.34,Nuestro Planeta Casals Biologia Y Geología,https://http2.mlstatic.com/D_971606-MLA108743093934_032026-O.jpg,https://articulo.mercadolibre.com.uy/MLU-678062509-nuestro-planeta-casals-biologia-y-geologia-_JM
MLU678070124,disponible,1.32,Llega El Otoño - Lopez Garzon  Gloria,https://http2.mlstatic.com/D_868449-MLU75856321868_042024-O.jpg,https://articulo.mercadolibre.com.uy/MLU-678070124-llega-el-otono-lopez-garzon-gloria-_JM
MLU678098366,encargo,1.36,Taylor Swift The Tortured Poets Department Vinyl Lp [white] Estándar,https://http2.mlstatic.com/D_969379-MLU76057632891_042024-O.jpg,https://articulo.mercadolibre.com.uy/MLU-678098366-taylor-swift-the-tortured-poets-department-vinyl-lp-white-estandar-_JM
MLU678111878,encargo,1.37,Taylor Swift The Tortured Poets Department Vinyl Estándar,https://http2.mlstatic.com/D_772081-MLA99983746899_112025-O.jpg,https://articulo.mercadolibre.com.uy/MLU-678111878-taylor-swift-the-tortured-poets-department-vinyl-estandar-_JM
MLU678803292,disponible,1.26,Mouse And Me Plus 1 - Student´s Book - Oxford  De Vários. Editorial Oxford En Inglés,https://http2.mlstatic.com/D_996336-MLA99492507734_112025-O.jpg,https://articulo.mercadolibre.com.uy/MLU-678803292-mouse-and-me-plus-1-students-book-oxford-de-varios-editorial-oxford-en-ingles-_JM
MLU679599504,disponible,1.20,Nada Te Turbe: Orar Con Santa Teresa,https://http2.mlstatic.com/D_655968-MLU76371266439_052024-O.jpg,https://articulo.mercadolibre.com.uy/MLU-679599504-nada-te-turbe-orar-con-santa-teresa-_JM
MLU679638396,disponible,1.20,Nada Te Turbe  De Vários Autores. San Pablo  Editorial  Tapa Blanda En Español,https://http2.mlstatic.com/D_751843-MLU70629945912_072023-O.jpg,https://articulo.mercadolibre.com.uy/MLU-679638396-nada-te-turbe-de-varios-autores-san-pablo-editorial-tapa-blanda-en-espanol-_JM
MLU680176182,disponible,1.29,Travel. La Vuelta Al Mundo En 1000 Preguntas - Aa. Vv,https://http2.mlstatic.com/D_706866-MLU54346224713_032023-O.jpg,https://articulo.mercadolibre.com.uy/MLU-680176182-travel-la-vuelta-al-mundo-en-1000-preguntas-aa-vv-_JM
MLU680240878,disponible,1.29,Travel. La Vuelta Al Mundo En 1000 Preguntas - Aa. Vv,https://http2.mlstatic.com/D_706866-MLU54346224713_032023-O.jpg,https://articulo.mercadolibre.com.uy/MLU-680240878-travel-la-vuelta-al-mundo-en-1000-preguntas-aa-vv-_JM
MLU681913500,encargo,1.25,Generación De Modelos De Negocio  Visionarios Osterwalder,https://http2.mlstatic.com/D_642854-MLU71096001706_082023-O.jpg,https://articulo.mercadolibre.com.uy/MLU-681913500-generacion-de-modelos-de-negocio-visionarios-osterwalder-_JM
MLU681926804,encargo,1.25,Generación De Modelos De Negocio  De Osterwalder  Alexander. Editorial Deusto  Tapa Blanda En Español,https://http2.mlstatic.com/D_857174-MLU71080324625_082023-O.jpg,https://articulo.mercadolibre.com.uy/MLU-681926804-generacin-de-modelos-de-negocio-de-osterwalder-alexander-editorial-deusto-tapa-blanda-en-espanol-_JM
MLU682126550,disponible,1.18,Los Despistes Del Abuelo Pedro,https://http2.mlstatic.com/D_816681-MLA27526735869_062018-O.jpg,https://articulo.mercadolibre.com.uy/MLU-682126550-los-despistes-del-abuelo-pedro-_JM
MLU682152576,disponible,1.18,Libro: Los Despistes Del Abuelo Pedro - Marta Zafrilla,https://http2.mlstatic.com/D_816681-MLA27526735869_062018-O.jpg,https://articulo.mercadolibre.com.uy/MLU-682152576-libro-los-despistes-del-abuelo-pedro-marta-zafrilla-_JM
MLU682217322,disponible,1.17,Libro: Mi Abuelo Y Yo - Nuria Parera - Abuelos Nietos Regalo,https://http2.mlstatic.com/D_998632-MLA52872903963_122022-O.jpg,https://articulo.mercadolibre.com.uy/MLU-682217322-libro-mi-abuelo-y-yo-nuria-parera-abuelos-nietos-regalo-_JM
MLU682230424,disponible,1.28,Libro: ¿dónde Está El Abuelo? - Pérdida Duelo Infantil,https://http2.mlstatic.com/D_742615-MLU76944467259_062024-O.jpg,https://articulo.mercadolibre.com.uy/MLU-682230424-libro-donde-esta-el-abuelo-perdida-duelo-infantil-_JM
MLU682272978,encargo,1.22,El Pequeño Oráculo Del Tarot Marianne Costa,https://http2.mlstatic.com/D_871792-MLU76993324209_062024-O.jpg,https://articulo.mercadolibre.com.uy/MLU-682272978-el-pequeno-oraculo-del-tarot-marianne-costa-_JM
MLU682309632,encargo,1.51,Yoga El Juego De Memoria Diferente  De Ivan Libreros. Editorial Librero  Tapa Blanda  Edición 1 En Español,https://http2.mlstatic.com/D_653506-MLA99875555749_112025-O.jpg,https://articulo.mercadolibre.com.uy/MLU-682309632-yoga-el-juego-de-memoria-diferente-de-ivan-libreros-editorial-librero-tapa-blanda-edicion-1-en-espanol-_JM
MLU682310738,encargo,1.63,Mahalo Juego De Ho'oponopono  Lo Siento Perdón Gracias Amor,https://http2.mlstatic.com/D_615643-MLU76996312377_062024-O.jpg,https://articulo.mercadolibre.com.uy/MLU-682310738-mahalo-juego-de-hooponopono-lo-siento-perdon-gracias-amor-_JM
MLU682311076,disponible,1.30,Mi Primera Maleta Juega Y Aprende. Animales De Granja,https://http2.mlstatic.com/D_893704-MLU76790487596_062024-O.jpg,https://articulo.mercadolibre.com.uy/MLU-682311076-mi-primera-maleta-juega-y-aprende-animales-de-granja-_JM
MLU682360036,encargo,1.71,El Juego De La Memoria Diferente Yoga,https://http2.mlstatic.com/D_725730-MLU76890081210_062024-O.jpg,https://articulo.mercadolibre.com.uy/MLU-682360036-el-juego-de-la-memoria-diferente-yoga-_JM
MLU682501354,encargo,1.21,Potencia De La Dulzura  De Dufourmantelle  Anne. Editorial Nocturna Ediciones  Tapa Blanda En Español  2021,https://http2.mlstatic.com/D_893931-MLU69860033819_062023-O.jpg,https://articulo.mercadolibre.com.uy/MLU-682501354-potencia-de-la-dulzura-de-dufourmantelle-anne-editorial-nocturna-ediciones-tapa-blanda-en-espanol-2021-_JM
MLU682553118,encargo,1.44,Potencia De La Dulzura Dufourmantelle  Anne,https://http2.mlstatic.com/D_639751-MLU76810168586_062024-O.jpg,https://articulo.mercadolibre.com.uy/MLU-682553118-potencia-de-la-dulzura-dufourmantelle-anne-_JM
MLU682895332,disponible,1.35,Juli No Puede Escapar Libro + Muñeco Nena + Stickers - Bonor,https://http2.mlstatic.com/D_767286-MLA75660673057_042024-O.jpg,https://articulo.mercadolibre.com.uy/MLU-682895332-juli-no-puede-escapar-libro-muneco-nena-stickers-bonor-_JM
MLU682973386,disponible,1.35,Libro Juli No Puede Escapar - Autoestima Infantil - Muñeco,https://http2.mlstatic.com/D_767286-MLA75660673057_042024-O.jpg,https://articulo.mercadolibre.com.uy/MLU-682973386-libro-juli-no-puede-escapar-autoestima-infantil-muneco-_JM
MLU684400572,encargo,1.27,Lana Del Rey - Born To Die - Vinilo Lp,https://http2.mlstatic.com/D_748886-MLU69694285769_052023-O.jpg,https://articulo.mercadolibre.com.uy/MLU-684400572-lana-del-rey-born-to-die-vinilo-lp-_JM
MLU684400574,encargo,1.27,Lana Del Rey Born To Die Vinilo 2 Lp Sellado Europeo,https://http2.mlstatic.com/D_748886-MLU69694285769_052023-O.jpg,https://articulo.mercadolibre.com.uy/MLU-684400574-lana-del-rey-born-to-die-vinilo-2-lp-sellado-europeo-_JM
MLU684467376,encargo,1.23,El Pequeño Oráculo Del Tarot Marianne Costa,https://http2.mlstatic.com/D_885361-MLA96696053549_102025-O.jpg,https://articulo.mercadolibre.com.uy/MLU-684467376-el-pequeno-oraculo-del-tarot-marianne-costa-_JM
MLU684797980,disponible,1.31,El Tarot De Los Filósofos Ars Magna Combinatoria,https://http2.mlstatic.com/D_689509-MLU77302163471_062024-O.jpg,https://articulo.mercadolibre.com.uy/MLU-684797980-el-tarot-de-los-filosofos-ars-magna-combinatoria-_JM
MLU685311268,disponible,1.22,Pack 5 Revistas De Crochet Para Perros Tejido Mascotas,https://http2.mlstatic.com/D_708432-MLU77170098044_072024-O.jpg,https://articulo.mercadolibre.com.uy/MLU-685311268-pack-5-revistas-de-crochet-para-perros-tejido-mascotas-_JM
MLU685316236,encargo,1.26,Cartas Oraculo De La Sabiduria - Colette Baron Reid - Arkano,https://http2.mlstatic.com/D_754315-MLU78262865274_082024-O.jpg,https://articulo.mercadolibre.com.uy/MLU-685316236-cartas-oraculo-de-la-sabiduria-colette-baron-reid-arkano-_JM
MLU686326100,disponible,1.46,Mi Cofre De Artista. Mis Tarjetas Creativas Para Regalar,https://http2.mlstatic.com/D_797297-MLU77333851610_072024-O.jpg,https://articulo.mercadolibre.com.uy/MLU-686326100-mi-cofre-de-artista-mis-tarjetas-creativas-para-regalar-_JM
MLU686454079,disponible,1.33,Jujutsu Kaisen 29 Y 30 Edicion Especial Manga Gege Akutami,https://http2.mlstatic.com/D_861428-MLA110519058595_042026-O.jpg,https://articulo.mercadolibre.com.uy/MLU-686454079-jujutsu-kaisen-29-y-30-edicion-especial-manga-gege-akutami-_JM
MLU686558314,encargo,1.42,¿quien Es Quien? Libro Juego 3 O 4 Años Detectives,https://http2.mlstatic.com/D_949458-MLU77604507675_072024-O.jpg,https://articulo.mercadolibre.com.uy/MLU-686558314-quien-es-quien-libro-juego-3-o-4-anos-detectives-_JM
MLU687045506,encargo,1.34,Pack Segunda Guerra Mundial Vol. 1 Y 2  De Winston S. Churchill.  Vol. I Y Ii. Editorial Planeta Deagostini  Tapa Dura En Español  2006,https://http2.mlstatic.com/D_611061-MLU79078410379_092024-O.jpg,https://articulo.mercadolibre.com.uy/MLU-687045506-pack-segunda-guerra-mundial-vol-1-y-2-de-winston-s-churchill-vol-i-y-ii-editorial-planeta-deagostini-tapa-dura-en-espanol-2006-_JM
MLU687424454,encargo,1.37,101 Cosas Que Aprendi En La Escuela De Arquitectura,https://http2.mlstatic.com/D_760785-MLU69769076179_062023-O.jpg,https://articulo.mercadolibre.com.uy/MLU-687424454-101-cosas-que-aprendi-en-la-escuela-de-arquitectura-_JM
MLU687450216,encargo,1.37,Libro 101 Cosas Que Aprendi En La Escuela De Arquitectura,https://http2.mlstatic.com/D_644412-MLA99560817980_122025-O.jpg,https://articulo.mercadolibre.com.uy/MLU-687450216-libro-101-cosas-que-aprendi-en-la-escuela-de-arquitectura-_JM
MLU687616112,disponible,1.46,Tarjetas Creativas: Mi Cofre Artista  De Auzou. Editorial Auzou Creatif  Tapa Blanda En Español  2020,https://http2.mlstatic.com/D_685676-MLU77637665156_072024-O.jpg,https://articulo.mercadolibre.com.uy/MLU-687616112-tarjetas-creativas-mi-cofre-artista-de-auzou-editorial-auzou-creatif-tapa-blanda-en-espanol-2020-_JM
MLU687691896,disponible,2.20,Libro+ Casa+ 3 Personajes  Cumpleaños Peppa Pig,https://http2.mlstatic.com/D_674635-MLU77728681434_072024-O.jpg,https://articulo.mercadolibre.com.uy/MLU-687691896-libro-casa-3-personajes-cumpleanos-peppa-pig-_JM
MLU688236576,disponible,3.09,El Cofre De Los Juguetes Un Libro Jugar A Buscar Y Encontrar,https://http2.mlstatic.com/D_979746-MLU77987941815_072024-O.jpg,https://articulo.mercadolibre.com.uy/MLU-688236576-el-cofre-de-los-juguetes-un-libro-jugar-a-buscar-y-encontrar-_JM
MLU688249430,disponible,1.52,Intensamente 2 - Agua Wow - Colorea Con Lápiz Mágico Y Activ,https://http2.mlstatic.com/D_808106-MLU77766611858_072024-O.jpg,https://articulo.mercadolibre.com.uy/MLU-688249430-intensamente-2-agua-wow-colorea-con-lapiz-magico-y-activ-_JM
MLU688533536,disponible,3.09,El Cofre De Los Juguetes  De Adele Massard. Editorial Ediciones Akal  Tapa Dura En Español  2024,https://http2.mlstatic.com/D_915540-MLU78094337595_072024-O.jpg,https://articulo.mercadolibre.com.uy/MLU-688533536-el-cofre-de-los-juguetes-de-adele-massard-editorial-ediciones-akal-tapa-dura-en-espanol-2024-_JM
MLU689531992,disponible,1.24,El Amor Según Mafalda  De Quino. Editorial Lumen  Tapa Blanda En Español,https://http2.mlstatic.com/D_819306-MLU70063085290_062023-O.jpg,https://articulo.mercadolibre.com.uy/MLU-689531992-el-amor-segn-mafalda-de-quino-editorial-lumen-tapa-blanda-en-espanol-_JM
MLU689603986,encargo,1.20,Adivina Cuánto Te Quiero. Pop Up  De Sam Mcbratney Y Anita Jeram. Editorial Kokinos  Tapa Dura En Español,https://http2.mlstatic.com/D_720655-MLU74114039345_012024-O.jpg,https://articulo.mercadolibre.com.uy/MLU-689603986-adivina-cuanto-te-quiero-pop-up-de-sam-mcbratney-y-anita-jeram-editorial-kokinos-tapa-dura-en-espanol-_JM
MLU689609954,disponible,1.24,El Amor Según Mafalda Quino Mafalda Comic Historietas,https://http2.mlstatic.com/D_819306-MLU70063085290_062023-O.jpg,https://articulo.mercadolibre.com.uy/MLU-689609954-el-amor-segun-mafalda-quino-mafalda-comic-historietas-_JM
MLU689656378,disponible,1.24,Mafalda. En Esta Familia No Hay Jefes Quino,https://http2.mlstatic.com/D_876921-MLU78020991136_082024-O.jpg,https://articulo.mercadolibre.com.uy/MLU-689656378-mafalda-en-esta-familia-no-hay-jefes-quino-_JM
MLU690460378,encargo,1.35,Crepusculo Decimo Aniversario Edicion Dual Vida Muerte Meyer,https://http2.mlstatic.com/D_697283-MLU69762615560_062023-O.jpg,https://articulo.mercadolibre.com.uy/MLU-690460378-crepusculo-decimo-aniversario-edicion-dual-vida-muerte-meyer-_JM
MLU691230858,encargo,1.78,Orígenes Marvel: Los Sesenta - La Colección Definitiva,https://http2.mlstatic.com/D_797643-MLU78597871451_082024-O.jpg,https://articulo.mercadolibre.com.uy/MLU-691230858-origenes-marvel-los-sesenta-la-coleccion-definitiva-_JM
MLU692635228,encargo,1.23,Libro Lo Que Hay - Torres  Sara,https://http2.mlstatic.com/D_642055-MLU77517897303_072024-O.jpg,https://articulo.mercadolibre.com.uy/MLU-692635228-libro-lo-que-hay-torres-sara-_JM
MLU692646992,encargo,1.36,Libro Asterix Tras Las Huellas Del Grifo,https://http2.mlstatic.com/D_664611-MLU50157750455_062022-O.jpg,https://articulo.mercadolibre.com.uy/MLU-692646992-libro-asterix-tras-las-huellas-del-grifo-_JM
MLU692671787,encargo,1.35,Biblia Compacta Ntv  Letra Gigante Con Filament (sentipiel  Gris  Índice  Letra Roja)  De Tyndale. Editorial Tyndale House Publishers,https://http2.mlstatic.com/D_601729-MLA98434806294_112025-O.jpg,https://articulo.mercadolibre.com.uy/MLU-692671787-biblia-compacta-ntv-letra-gigante-con-filament-sentipiel-gris-ndice-letra-roja-de-tyndale-editorial-tyndale-house-publishers-_JM
MLU692684917,encargo,1.35,Biblia Ntv Compacta Letra Gigante Sentipiel C/índice,https://http2.mlstatic.com/D_601729-MLA98434806294_112025-O.jpg,https://articulo.mercadolibre.com.uy/MLU-692684917-biblia-ntv-compacta-letra-gigante-sentipiel-cindice-_JM
MLU692879868,encargo,1.79,Orígenes Marvel: Los Sesenta: La Colección Definitiva De Novelas Gráficas  De Varios Es. Orígenes Marvel Editorial Marvel  Tapa Dura En Español  2019,https://http2.mlstatic.com/D_872361-MLA82179310396_022025-O.jpg,https://articulo.mercadolibre.com.uy/MLU-692879868-origenes-marvel-los-sesenta-la-coleccion-definitiva-de-novelas-graficas-de-varios-es-origenes-marvel-editorial-marvel-tapa-dura-en-espanol-2019-_JM
MLU693141026,disponible,1.26,¿dónde Está El Abuelo?  De Dolors Puig Alsina.  Vol. 1. Editorial Scribo Editorial  Tapa Blanda En Español  2020,https://http2.mlstatic.com/D_660507-MLA82446639257_022025-O.jpg,https://articulo.mercadolibre.com.uy/MLU-693141026-donde-esta-el-abuelo-de-dolors-puig-alsina-vol-1-editorial-scribo-editorial-tapa-blanda-en-espanol-2020-_JM
MLU693251128,encargo,1.43,¿quién Es Quién?: Animales Divertidos  De Vv. Aa..  Vol. 1. Editorial Editorial Bruño  Tapa Blanda En Español  2024,https://http2.mlstatic.com/D_993090-MLA79760375281_102024-O.jpg,https://articulo.mercadolibre.com.uy/MLU-693251128-quien-es-quien-animales-divertidos-de-vv-aa-vol-1-editorial-editorial-bruno-tapa-blanda-en-espanol-2024-_JM
MLU693371050,encargo,1.22,Pack La Sociedad Del Cansancio Y Psicopolítica Byung-chulhan,https://http2.mlstatic.com/D_773546-MLU79223517597_092024-O.jpg,https://articulo.mercadolibre.com.uy/MLU-693371050-pack-la-sociedad-del-cansancio-y-psicopolitica-byung-chulhan-_JM
MLU693489622,disponible,1.47,Tarjetas Disciplina Positiva En Inglés: 52 Cards To Improve Your Parenting Skills  De Jane Nelsen And Adrian Garsia.  Vol. 1. Editorial Empowering People En Inglés  2011,https://http2.mlstatic.com/D_672565-MLA99454365482_112025-O.jpg,https://articulo.mercadolibre.com.uy/MLU-693489622-tarjetas-disciplina-positiva-en-ingles-52-cards-to-improve-your-parenting-skills-de-jane-nelsen-and-adrian-garsia-vol-1-editorial-empowering-people-en-ingles-2011-_JM
MLU693631912,encargo,2.09,Legacy Of The Divine Tarot - Ciro Marchetti,https://http2.mlstatic.com/D_975348-MLA44424239717_122020-O.jpg,https://articulo.mercadolibre.com.uy/MLU-693631912-legacy-of-the-divine-tarot-ciro-marchetti-_JM
MLU694591921,disponible,1.43,Disney Princess Moana Barco De Aventura,https://http2.mlstatic.com/D_988769-MLA79306916566_092024-O.jpg,https://articulo.mercadolibre.com.uy/MLU-694591921-disney-princess-moana-barco-de-aventura-_JM
MLU694601503,disponible,1.29,Chapa Número Domiciliario Vintage Cuñapiru 2270 Blanco,https://http2.mlstatic.com/D_830773-MLU112810067707_062026-O.jpg,https://articulo.mercadolibre.com.uy/MLU-694601503-chapa-numero-domiciliario-vintage-cunapiru-2270-blanco-_JM
MLU694685967,disponible,1.22,Pack 5 Revistas De Crochet Para Perros Tejido Mascotas,https://http2.mlstatic.com/D_777363-MLA112765615495_062026-O.jpg,https://articulo.mercadolibre.com.uy/MLU-694685967-pack-5-revistas-de-crochet-para-perros-tejido-mascotas-_JM
MLU695021841,disponible,1.33,Estuche Dental Militar Us Army Schneider Chicago Era Corea,https://http2.mlstatic.com/D_891123-MLU111924718178_062026-O.jpg,https://articulo.mercadolibre.com.uy/MLU-695021841-estuche-dental-militar-us-army-schneider-chicago-era-corea-_JM
MLU695047781,disponible,1.33,Par Alhajeros Antiguos Metal Plateado Rococó Escenas Galante Plateado,https://http2.mlstatic.com/D_657184-MLU111926415766_062026-O.jpg,https://articulo.mercadolibre.com.uy/MLU-695047781-par-alhajeros-antiguos-metal-plateado-rococo-escenas-galante-plateado-_JM
MLU695091513,disponible,1.33,Antiguo Freno Bocado Caballo Hierro Forjado Criollo,https://http2.mlstatic.com/D_734724-MLU113101116465_062026-O.jpg,https://articulo.mercadolibre.com.uy/MLU-695091513-antiguo-freno-bocado-caballo-hierro-forjado-criollo-_JM
MLU695320368,disponible,1.21,Garfield 1990-1992 Nº 07/20  De Davis  Jim. Editorial Planeta Comic  Tapa Dura En Español,https://http2.mlstatic.com/D_750370-MLA99504087018_112025-O.jpg,https://articulo.mercadolibre.com.uy/MLU-695320368-garfield-1990-1992-n-0720-de-davis-jim-editorial-planeta-comic-tapa-dura-en-espanol-_JM
MLU696074307,disponible,1.34,Lote Libros Banda Oriental Butazzoni Paternain Cane Parra,https://http2.mlstatic.com/D_684252-MLU113917616755_062026-O.jpg,https://articulo.mercadolibre.com.uy/MLU-696074307-lote-libros-banda-oriental-butazzoni-paternain-cane-parra-_JM
MLU697963268,encargo,1.69,Vinilo Metallica The Black Album Remasterizado,https://http2.mlstatic.com/D_632606-MLU54984466528_052023-O.jpg,https://articulo.mercadolibre.com.uy/MLU-697963268-vinilo-metallica-the-black-album-remasterizado-_JM
MLU698708677,disponible,1.50,Biblia Rvr 1960 Estudio Holman Tapa Dura Completa,https://http2.mlstatic.com/D_880028-MLU116490402499_082026-O.jpg,https://articulo.mercadolibre.com.uy/MLU-698708677-biblia-rvr-1960-estudio-holman-tapa-dura-completa-_JM
MLU698733187,disponible,1.24,Pack 3 Libros Humor Uruguayo José Firpo Peloduro Arca Usados,https://http2.mlstatic.com/D_953121-MLU115109871586_082026-O.jpg,https://articulo.mercadolibre.com.uy/MLU-698733187-pack-3-libros-humor-uruguayo-jose-firpo-peloduro-arca-usados-_JM
MLU699300794,encargo,1.87,Ariana Grande Dangerous Woman Vinilo Doble 2019 2 Lp,https://http2.mlstatic.com/D_600660-MLA99501532018_112025-O.jpg,https://articulo.mercadolibre.com.uy/MLU-699300794-ariana-grande-dangerous-woman-vinilo-doble-2019-2-lp-_JM
MLU699378748,encargo,1.87,Vinilo Ariana Grande Dangerous Woman - 2019,https://http2.mlstatic.com/D_677297-MLU54972960612_042023-O.jpg,https://articulo.mercadolibre.com.uy/MLU-699378748-vinilo-ariana-grande-dangerous-woman-2019-_JM
MLU699626001,disponible,1.28,Pack 2 Libros Historias Reales Graf Spee A Sangre Fría Usado,https://http2.mlstatic.com/D_684161-MLU115596828710_092026-O.jpg,https://articulo.mercadolibre.com.uy/MLU-699626001-pack-2-libros-historias-reales-graf-spee-a-sangre-fria-usado-_JM
MLU699640081,disponible,2.08,Elton John Vinilos Captain Fantastic Goodbye Yellow Brick Lp Estándar,https://http2.mlstatic.com/D_801839-MLU117080602427_092026-O.jpg,https://articulo.mercadolibre.com.uy/MLU-699640081-elton-john-vinilos-captain-fantastic-goodbye-yellow-brick-lp-estandar-_JM
MLU700119211,disponible,1.31,Pack 2 Libros Graf Spee Batalla Río Plata Uruguay,https://http2.mlstatic.com/D_677258-MLU116000600624_092026-O.jpg,https://articulo.mercadolibre.com.uy/MLU-700119211-pack-2-libros-graf-spee-batalla-rio-plata-uruguay-_JM
MLU700137135,disponible,1.65,Pack 2 Libros Hitler Raymond Cartier Y Jesús Ruiz,https://http2.mlstatic.com/D_951217-MLU117479237871_092026-O.jpg,https://articulo.mercadolibre.com.uy/MLU-700137135-pack-2-libros-hitler-raymond-cartier-y-jesus-ruiz-_JM
MLU700142913,disponible,1.34,Pack 2 Libros Extensión Agrícola Uruguay Canelones,https://http2.mlstatic.com/D_760948-MLU116007755222_092026-O.jpg,https://articulo.mercadolibre.com.uy/MLU-700142913-pack-2-libros-extension-agricola-uruguay-canelones-_JM
MLU700526240,encargo,1.50,Dancing With The Devil - Edicion Definitiva - Blair Nughes,https://http2.mlstatic.com/D_684543-MLU77498605933_072024-O.jpg,https://articulo.mercadolibre.com.uy/MLU-700526240-dancing-with-the-devil-edicion-definitiva-blair-nughes-_JM
MLU700688914,disponible,1.32,Pack Festin De Cuervos I Y Ii Edicion Especial Rara,https://http2.mlstatic.com/D_751656-MLU80613509717_112024-O.jpg,https://articulo.mercadolibre.com.uy/MLU-700688914-pack-festin-de-cuervos-i-y-ii-edicion-especial-rara-_JM
MLU700792758,encargo,1.61,A Game Of Thrones Leather Cloth Boxed Set Song Ice And Fire,https://http2.mlstatic.com/D_649761-MLU80354846872_112024-O.jpg,https://articulo.mercadolibre.com.uy/MLU-700792758-a-game-of-thrones-leather-cloth-boxed-set-song-ice-and-fire-_JM
MLU701117626,encargo,2.02,Libro El Espejo En La Casa De Mamã¡ / El Espejo En La Cas...,https://http2.mlstatic.com/D_815112-MCO48749998379_012022-O.jpg,https://articulo.mercadolibre.com.uy/MLU-701117626-libro-el-espejo-en-la-casa-de-mam-el-espejo-en-la-cas-_JM
MLU701147822,encargo,1.20,Baraja De Las Flores Místicas  De Cápsula Dorada.  Vol. 1. Editorial Independently Published  Tapa Blanda En Español,https://http2.mlstatic.com/D_942982-MLA79984291618_102024-O.jpg,https://articulo.mercadolibre.com.uy/MLU-701147822-baraja-de-las-flores-misticas-de-capsula-dorada-vol-1-editorial-independently-published-tapa-blanda-en-espanol-_JM
MLU701285752,encargo,1.45,¿a Qué Estás Esperando? - Maxwell  Megan,https://http2.mlstatic.com/D_807366-MLU77936490764_082024-O.jpg,https://articulo.mercadolibre.com.uy/MLU-701285752-a-que-estas-esperando-maxwell-megan-_JM
MLU701349118,encargo,1.85,Oro De Rey - Luis Miguel La Biografía,https://http2.mlstatic.com/D_699113-MLU77513811450_072024-O.jpg,https://articulo.mercadolibre.com.uy/MLU-701349118-oro-de-rey-luis-miguel-la-biografia-_JM
MLU701444390,encargo,1.25,La Segunda Guerra Mundial  De Winston S. Churchill.  Vol. 1 Y 2. Editorial La Esfera De Los Libros  Tapa Blanda En Español  2004,https://http2.mlstatic.com/D_664480-MLU79400057255_092024-O.jpg,https://articulo.mercadolibre.com.uy/MLU-701444390-la-segunda-guerra-mundial-de-winston-s-churchill-vol-1-y-2-editorial-la-esfera-de-los-libros-tapa-blanda-en-espanol-2004-_JM
MLU701640564,disponible,1.32,Pack Festin De Cuervos: Canción De Hielo Y Fuego  De Geroge R.r. Martin.  Vol. I Y Ii. Editorial Gigamesh  Tapa Blanda En Español  2007,https://http2.mlstatic.com/D_747297-MLA80751559189_112024-O.jpg,https://articulo.mercadolibre.com.uy/MLU-701640564-pack-festin-de-cuervos-cancion-de-hielo-y-fuego-de-geroge-rr-martin-vol-i-y-ii-editorial-gigamesh-tapa-blanda-en-espanol-2007-_JM
MLU702146112,encargo,1.24,Mafalda Para Niños Y Niñas Quino Tiras Comicas,https://http2.mlstatic.com/D_782648-MLU80598320394_112024-O.jpg,https://articulo.mercadolibre.com.uy/MLU-702146112-mafalda-para-ninos-y-ninas-quino-tiras-comicas-_JM
MLU702344628,encargo,1.28,Mafalda Para Niños Y Niñas  De Quino. Editorial Lumen  Tapa Blanda  Edición 1 En Español,https://http2.mlstatic.com/D_903533-MLU77927820144_082024-O.jpg,https://articulo.mercadolibre.com.uy/MLU-702344628-mafalda-para-ninos-y-ninas-de-quino-editorial-lumen-tapa-blanda-edicion-1-en-espanol-_JM
MLU702471454,disponible,1.62,Divisiones Panzer Las Fuerzas La Choque De La Wehrmacht - Tr,https://http2.mlstatic.com/D_649241-MLA46001276772_052021-O.jpg,https://articulo.mercadolibre.com.uy/MLU-702471454-divisiones-panzer-las-fuerzas-la-choque-de-la-wehrmacht-tr-_JM
MLU702875996,disponible,1.27,Pack Electrónica Para Electricistas,https://http2.mlstatic.com/D_669014-MLU80737525390_112024-O.jpg,https://articulo.mercadolibre.com.uy/MLU-702875996-pack-electronica-para-electricistas-_JM
MLU702881004,disponible,1.15,Y Si Fueras Tu Caperucita Roja  De Saudo  Coralie. Editorial Hachette  Tapa Dura En Español,https://http2.mlstatic.com/D_960621-MLU70671450606_072023-O.jpg,https://articulo.mercadolibre.com.uy/MLU-702881004-y-si-fueras-tu-caperucita-roja-de-saudo-coralie-editorial-hachette-tapa-dura-en-espanol-_JM
MLU702950686,disponible,1.15,Y Si Tú Fueras Caperucita Roja Infantil  Fantasía Y Aventura,https://http2.mlstatic.com/D_960621-MLU70671450606_072023-O.jpg,https://articulo.mercadolibre.com.uy/MLU-702950686-y-si-tu-fueras-caperucita-roja-infantil-fantasia-y-aventura-_JM
MLU703488188,disponible,1.24,Gustav Klimt: Colección De Láminas De Su Obra,https://http2.mlstatic.com/D_915946-MLU80900450192_122024-O.jpg,https://articulo.mercadolibre.com.uy/MLU-703488188-gustav-klimt-coleccion-de-laminas-de-su-obra-_JM
MLU703514356,disponible,1.24,Van Gogh,https://http2.mlstatic.com/D_604012-MLU80900372666_122024-O.jpg,https://articulo.mercadolibre.com.uy/MLU-703514356-van-gogh-_JM
MLU704152528,disponible,1.25,Megadeth - Anthology: Set The World Afire - Doble Cd,https://http2.mlstatic.com/D_673284-MLM51423790939_092022-O.jpg,https://articulo.mercadolibre.com.uy/MLU-704152528-megadeth-anthology-set-the-world-afire-doble-cd-_JM
MLU704178500,disponible,1.25,Megadeth Anthology Set The World Afire 2 Cd Rock Físico Sony Music 2008,https://http2.mlstatic.com/D_972024-MLA99450011270_112025-O.jpg,https://articulo.mercadolibre.com.uy/MLU-704178500-megadeth-anthology-set-the-world-afire-2-cd-rock-fisico-sony-music-2008-_JM
MLU704248538,disponible,1.27,Toxicity  System Of A Down  Álbum Clásico De Metal 2001,https://http2.mlstatic.com/D_922858-MLU81339767331_122024-O.jpg,https://articulo.mercadolibre.com.uy/MLU-704248538-toxicity-system-of-a-down-album-clasico-de-metal-2001-_JM
MLU704248540,disponible,1.16,Cd System Of A Down - Toxicity 2001 Sony Music Rock 14 Canciones Caja Acrílica,https://http2.mlstatic.com/D_895482-MLA100069823445_122025-O.jpg,https://articulo.mercadolibre.com.uy/MLU-704248540-cd-system-of-a-down-toxicity-2001-sony-music-rock-14-canciones-caja-acrilica-_JM
MLU706305392,encargo,1.85,Box Set 4 Cds Jorge Drexler 30 Años Edición Limitada Rock,https://http2.mlstatic.com/D_645963-MLA99389905372_112025-O.jpg,https://articulo.mercadolibre.com.uy/MLU-706305392-box-set-4-cds-jorge-drexler-30-anos-edicion-limitada-rock-_JM
MLU706377286,disponible,1.90,Revista Ole Racing Campeón 2024,https://http2.mlstatic.com/D_946350-MLU81417133448_122024-O.jpg,https://articulo.mercadolibre.com.uy/MLU-706377286-revista-ole-racing-campeon-2024-_JM
MLU706390390,disponible,1.27,Álbum Debut System Of A Down - Cd Heavy Metal 1998 Estándar,https://http2.mlstatic.com/D_812477-MLU81417485250_122024-O.jpg,https://articulo.mercadolibre.com.uy/MLU-706390390-album-debut-system-of-a-down-cd-heavy-metal-1998-estandar-_JM
MLU706396412,encargo,1.85,Jorge Drexler 30 Años Ed Limitada 4 Cd Box Nuevo Importado,https://http2.mlstatic.com/D_911527-MLU69630743940_052023-O.jpg,https://articulo.mercadolibre.com.uy/MLU-706396412-jorge-drexler-30-anos-ed-limitada-4-cd-box-nuevo-importado-_JM
MLU706501718,disponible,1.20,Michael Jackson Broadcast Collectio 1975 1996 5 Cd Box Set Edición Limitada,https://http2.mlstatic.com/D_910254-MLU81486219306_012025-O.jpg,https://articulo.mercadolibre.com.uy/MLU-706501718-michael-jackson-broadcast-collectio-1975-1996-5-cd-box-set-edicion-limitada-_JM
MLU706586682,disponible,1.35,Los Mensajes Del Universo-54 Cartas Oráculo - Annie Marquier,https://http2.mlstatic.com/D_839189-MLU81798372181_012025-O.jpg,https://articulo.mercadolibre.com.uy/MLU-706586682-los-mensajes-del-universo-54-cartas-oraculo-annie-marquier-_JM
MLU706749686,encargo,1.24,Mafalda. Todas Las Tiras - Quino - 60 Aniversario,https://http2.mlstatic.com/D_802856-MLU81587179270_012025-O.jpg,https://articulo.mercadolibre.com.uy/MLU-706749686-mafalda-todas-las-tiras-quino-60-aniversario-_JM
MLU706775946,disponible,1.39,Recurso Didáctico Mi Maleta De Yoga  Ejercicios Y Relajación,https://http2.mlstatic.com/D_721849-MLU81587114346_012025-O.jpg,https://articulo.mercadolibre.com.uy/MLU-706775946-recurso-didactico-mi-maleta-de-yoga-ejercicios-y-relajacion-_JM
MLU706801924,encargo,1.24,Mafalda Todas Las Tiras Quino Editorial Lumen En Español Tapa Blanda,https://http2.mlstatic.com/D_991254-MLU70081328832_062023-O.jpg,https://articulo.mercadolibre.com.uy/MLU-706801924-mafalda-todas-las-tiras-quino-editorial-lumen-en-espanol-tapa-blanda-_JM
MLU707202844,encargo,1.45,Greenlights - Tu Diario  Tu Viaje De Matthew Mcconaughey,https://http2.mlstatic.com/D_664421-MLM53395373425_012023-O.jpg,https://articulo.mercadolibre.com.uy/MLU-707202844-greenlights-tu-diario-tu-viaje-de-matthew-mcconaughey-_JM
MLU707228802,encargo,1.45,Libro Greenlights - Tu Diario  Tu Viaje - Matthew Mcconau...,https://http2.mlstatic.com/D_800110-MLA82430612489_022025-O.jpg,https://articulo.mercadolibre.com.uy/MLU-707228802-libro-greenlights-tu-diario-tu-viaje-matthew-mcconau-_JM
MLU707653250,encargo,1.17,Nct Dream - Glitch Mode Álbum Digipack Ver. Photobook + Cd Estándar,https://http2.mlstatic.com/D_647407-MLU82027452375_012025-O.jpg,https://articulo.mercadolibre.com.uy/MLU-707653250-nct-dream-glitch-mode-album-digipack-ver-photobook-cd-estandar-_JM
MLU707743600,disponible,1.29,Coleccion Grandes Aventuras - Genios (11 Libros),https://http2.mlstatic.com/D_996387-MLU82027677631_012025-O.jpg,https://articulo.mercadolibre.com.uy/MLU-707743600-coleccion-grandes-aventuras-genios-11-libros-_JM
MLU710010726,disponible,1.30,Booka: 100 Mejores Tapas De Discos,https://http2.mlstatic.com/D_916452-MLU81945572078_022025-O.jpg,https://articulo.mercadolibre.com.uy/MLU-710010726-booka-100-mejores-tapas-de-discos-_JM
MLU711403124,encargo,1.27,Desafíos Médicos - Juego De Preguntas Sobre Medicina,https://http2.mlstatic.com/D_884795-MLU82402595021_022025-O.jpg,https://articulo.mercadolibre.com.uy/MLU-711403124-desafios-medicos-juego-de-preguntas-sobre-medicina-_JM
MLU711429274,encargo,1.41,The Harmony Tarot Deck - Conexión Espiritual Y Naturaleza,https://http2.mlstatic.com/D_873269-MLU82120001178_022025-O.jpg,https://articulo.mercadolibre.com.uy/MLU-711429274-the-harmony-tarot-deck-conexion-espiritual-y-naturaleza-_JM
MLU712924384,encargo,1.26,Biblia Reina Valera 1960 De Apuntes - Palabra De Dios,https://http2.mlstatic.com/D_654811-MLU79046394350_092024-O.jpg,https://articulo.mercadolibre.com.uy/MLU-712924384-biblia-reina-valera-1960-de-apuntes-palabra-de-dios-_JM
MLU712990990,disponible,2.16,Regla De Electros Vélez - Manual Interpretación Ecg,https://http2.mlstatic.com/D_691925-MLU82564689247_022025-O.jpg,https://articulo.mercadolibre.com.uy/MLU-712990990-regla-de-electros-velez-manual-interpretacion-ecg-_JM
MLU713015424,encargo,1.26,Biblia De Apuntes Negro - Reina Valera 1960,https://http2.mlstatic.com/D_654811-MLU79046394350_092024-O.jpg,https://articulo.mercadolibre.com.uy/MLU-713015424-biblia-de-apuntes-negro-reina-valera-1960-_JM
MLU713441572,disponible,1.29,Oxford Show And Tell 1. Activity Book 2nd Edition,https://http2.mlstatic.com/D_665192-MLU78358507328_082024-O.jpg,https://articulo.mercadolibre.com.uy/MLU-713441572-oxford-show-and-tell-1-activity-book-2nd-edition-_JM
MLU713519564,disponible,1.29,Show And Tell 1 2nd Edition - Workbook,https://http2.mlstatic.com/D_665192-MLU78358507328_082024-O.jpg,https://articulo.mercadolibre.com.uy/MLU-713519564-show-and-tell-1-2nd-edition-workbook-_JM
MLU713688614,disponible,2.16,Regla De Electros Vélez - Manual Interpretación Ecg  De Desirée Vélez Rodríguez. Editorial Marbán  Tapa Blanda En Español,https://http2.mlstatic.com/D_960000-MLA82692134973_022025-O.jpg,https://articulo.mercadolibre.com.uy/MLU-713688614-regla-de-electros-velez-manual-interpretacion-ecg-de-desiree-velez-rodriguez-editorial-marban-tapa-blanda-en-espanol-_JM
MLU714034524,encargo,1.37,Biblia Pastoral Reina Valera 1960 Letra Grande Índice,https://http2.mlstatic.com/D_697314-MLM32319854448_092019-O.jpg,https://articulo.mercadolibre.com.uy/MLU-714034524-biblia-pastoral-reina-valera-1960-letra-grande-indice-_JM
MLU714177652,encargo,1.37,Biblia Pastoral Piel Legítima Letra Grande Reina Valera 1960,https://http2.mlstatic.com/D_697314-MLM32319854448_092019-O.jpg,https://articulo.mercadolibre.com.uy/MLU-714177652-biblia-pastoral-piel-legitima-letra-grande-reina-valera-1960-_JM
MLU714585818,disponible,1.33,Geografía Es 4: Social Y Económica Mundial - Tinta Fresca,https://http2.mlstatic.com/D_771014-MLU82577380312_032025-O.jpg,https://articulo.mercadolibre.com.uy/MLU-714585818-geografia-es-4-social-y-economica-mundial-tinta-fresca-_JM
MLU715787398,disponible,1.15,Headway Elementary (5th.edition) - Audio Cd,https://http2.mlstatic.com/D_794078-MLU78519406274_082024-O.jpg,https://articulo.mercadolibre.com.uy/MLU-715787398-headway-elementary-5thedition-audio-cd-_JM
MLU716214684,encargo,1.33,Colección Una  Antología Del Tango  15 Libros + 15 Cd's,https://http2.mlstatic.com/D_754089-MLU82825570002_032025-O.jpg,https://articulo.mercadolibre.com.uy/MLU-716214684-coleccion-una-antologia-del-tango-15-libros-15-cds-_JM
MLU716481414,disponible,1.59,Wineries. Nuevas Bodegas Y Sus Espacios De Sociabilidad: N/a  De David Abdreu Bach. Serie N/a  Vol. 1. Editorial Monsa  Tapa Dura  Edición 1 En Español  2022,https://http2.mlstatic.com/D_785790-MLA93329102742_092025-O.jpg,https://articulo.mercadolibre.com.uy/MLU-716481414-wineries-nuevas-bodegas-y-sus-espacios-de-sociabilidad-na-de-david-abdreu-bach-serie-na-vol-1-editorial-monsa-tapa-dura-edicion-1-en-espanol-2022-_JM
MLU716733188,encargo,1.44,Gracie Abrams: The Secret Of Us (deluxe Edition Vinilo) Deluxe,https://http2.mlstatic.com/D_964661-MLU83158720961_032025-O.jpg,https://articulo.mercadolibre.com.uy/MLU-716733188-gracie-abrams-the-secret-of-us-deluxe-edition-vinilo-deluxe-_JM
MLU717091280,encargo,1.33,Cd The Beatles 19621966 Colección Roja Original Lennon,https://http2.mlstatic.com/D_633187-MLU71436683380_092023-O.jpg,https://articulo.mercadolibre.com.uy/MLU-717091280-cd-the-beatles-19621966-coleccion-roja-original-lennon-_JM
MLU717195306,encargo,1.33,The Beatles - Cd Duplo  Beatles  1962 - 1966  Lacrado- Cd X 2 Producido Por Universal,https://http2.mlstatic.com/D_824992-MLA100052373093_122025-O.jpg,https://articulo.mercadolibre.com.uy/MLU-717195306-the-beatles-cd-duplo-beatles-1962-1966-lacrado-cd-x-2-producido-por-universal-_JM
MLU717524340,encargo,1.33,Colección Una Antología Del Tango   De Vvaa. Editorial Sony Music Entertainment Argentina Y Luppa Solutions  Tapa Dura En Español  2011,https://http2.mlstatic.com/D_814995-MLA83321858431_032025-O.jpg,https://articulo.mercadolibre.com.uy/MLU-717524340-coleccion-una-antologia-del-tango-de-vvaa-editorial-sony-music-entertainment-argentina-y-luppa-solutions-tapa-dura-en-espanol-2011-_JM
MLU719007144,disponible,1.42,Libro El Camino Franz Jalics Contemplación - Espiritualidad,https://http2.mlstatic.com/D_884384-MLU83497596991_042025-O.jpg,https://articulo.mercadolibre.com.uy/MLU-719007144-libro-el-camino-franz-jalics-contemplacion-espiritualidad-_JM
MLU719053486,encargo,1.44,Tarot Thoth Tarot Crowley Esotérico Magia Arte Místico,https://http2.mlstatic.com/D_842754-MLU83233475434_042025-O.jpg,https://articulo.mercadolibre.com.uy/MLU-719053486-tarot-thoth-tarot-crowley-esoterico-magia-arte-mistico-_JM
MLU721144566,encargo,1.33,Cd Físico Rage Against The Machine Evil Empire Rock Usa Jewel Case,https://http2.mlstatic.com/D_711256-MLA99558021260_122025-O.jpg,https://articulo.mercadolibre.com.uy/MLU-721144566-cd-fisico-rage-against-the-machine-evil-empire-rock-usa-jewel-case-_JM
MLU721322964,encargo,1.33,Cd Rage Against The Machine Edición Clásica 1992 Evil Empire,https://http2.mlstatic.com/D_642033-MLU54970102551_042023-O.jpg,https://articulo.mercadolibre.com.uy/MLU-721322964-cd-rage-against-the-machine-edicion-clasica-1992-evil-empire-_JM
MLU724228530,disponible,1.53,Pack Narnia 6 Libros  De C. S. Lewis.  Vol. 1 2 3 4 5 Y 6. Editorial Círculo De Lectores.  Tapa Dura En Español,https://http2.mlstatic.com/D_612556-MLA82440053957_022025-O.jpg,https://articulo.mercadolibre.com.uy/MLU-724228530-pack-narnia-6-libros-de-c-s-lewis-vol-12345-y-6-editorial-circulo-de-lectores-tapa-dura-en-espanol-_JM
MLU724501130,encargo,1.50,Lata Mafalda: 11 Tomos En Una Lata (edicion De Aniversario)  De Quino. Editorial Lumen En Español  2024,https://http2.mlstatic.com/D_879355-MLA81030077891_112024-O.jpg,https://articulo.mercadolibre.com.uy/MLU-724501130-lata-mafalda-11-tomos-en-una-lata-edicion-de-aniversario-de-quino-editorial-lumen-en-espanol-2024-_JM
MLU724515130,disponible,1.19,Historia Universal Visual - Guía Ilustrada Completa,https://http2.mlstatic.com/D_873830-MLU83708438894_042025-O.jpg,https://articulo.mercadolibre.com.uy/MLU-724515130-historia-universal-visual-guia-ilustrada-completa-_JM
MLU724738736,disponible,1.30,Rolling Stones - Las Mejores Tapas De Discos  De Daniel Flores. Editorial Colecciones La Naciòn  Tapa Blanda En Español,https://http2.mlstatic.com/D_755445-MLA82015581848_022025-O.jpg,https://articulo.mercadolibre.com.uy/MLU-724738736-rolling-stones-las-mejores-tapas-de-discos-de-daniel-flores-editorial-colecciones-la-nacin-tapa-blanda-en-espanol-_JM
MLU724913748,encargo,1.53,Libro Bluey - Aventuras Divertidas Para Niños Pequeños,https://http2.mlstatic.com/D_692504-MLU84000295537_042025-O.jpg,https://articulo.mercadolibre.com.uy/MLU-724913748-libro-bluey-aventuras-divertidas-para-ninos-pequenos-_JM
MLU728130222,disponible,1.38,Mi Estuche De Pictos - Ropa Y Complementos,https://http2.mlstatic.com/D_842442-MLU84351473983_052025-O.jpg,https://articulo.mercadolibre.com.uy/MLU-728130222-mi-estuche-de-pictos-ropa-y-complementos-_JM
MLU728794886,disponible,1.19,Gran Guia Visual De La Historia  De Tanaka  Masato. 449  Vol. 1. Editorial Blackie Books  Tapa Dura  Edición 1 En Castellano  2025,https://http2.mlstatic.com/D_930954-MLA82636818927_022025-O.jpg,https://articulo.mercadolibre.com.uy/MLU-728794886-gran-guia-visual-de-la-historia-de-tanaka-masato-449-vol-1-editorial-blackie-books-tapa-dura-edicion-1-en-castellano-2025-_JM
MLU729484780,disponible,1.42,Láminas Didácticas Anatomía Geu,https://http2.mlstatic.com/D_702710-MLA84133393446_052025-O.jpg,https://articulo.mercadolibre.com.uy/MLU-729484780-laminas-didacticas-anatomia-geu-_JM
MLU729792416,encargo,1.32,Let's Learn About He Sky K3 Journey Sb + With Resources,https://http2.mlstatic.com/D_736097-MLU84222821648_052025-O.jpg,https://articulo.mercadolibre.com.uy/MLU-729792416-lets-learn-about-he-sky-k3-journey-sb-with-resources-_JM
MLU729805212,encargo,1.60,Pack 3 Revistas Top Kids Club Retro Mortal Kombat,https://http2.mlstatic.com/D_968889-MLU84222498804_052025-O.jpg,https://articulo.mercadolibre.com.uy/MLU-729805212-pack-3-revistas-top-kids-club-retro-mortal-kombat-_JM
MLU729818302,disponible,1.30,Pink Floyd - Live At Pompeii 2025 Edición Especial Estándar,https://http2.mlstatic.com/D_845662-MLU84519718285_052025-O.jpg,https://articulo.mercadolibre.com.uy/MLU-729818302-pink-floyd-live-at-pompeii-2025-edicion-especial-estandar-_JM
MLU729900956,encargo,1.58,Melanie Martinez - Portals (2023) Cd Nuevo Importado,https://http2.mlstatic.com/D_697697-MLU69233737951_052023-O.jpg,https://articulo.mercadolibre.com.uy/MLU-729900956-melanie-martinez-portals-2023-cd-nuevo-importado-_JM
MLU730125336,encargo,1.53,Libro Bluey - Aventuras Divertidas Para Niños Pequeños: Bluey Cuentos Y Aventuras  De Varios Autores. Infantil Editorial Phidal Publishing  Tapa Dura  Edición Infantil En Español  2025,https://http2.mlstatic.com/D_854410-MLA84579548567_052025-O.jpg,https://articulo.mercadolibre.com.uy/MLU-730125336-libro-bluey-aventuras-divertidas-para-ninos-pequenos-bluey-cuentos-y-aventuras-de-varios-autores-infantil-editorial-phidal-publishing-tapa-dura-edicion-infantil-en-espanol-2025-_JM
MLU732177144,disponible,1.55,Pulgas Y Garrapatas Guía Para Veterinarios - D. Gram -servet,https://http2.mlstatic.com/D_764419-MLU84760469325_052025-O.jpg,https://articulo.mercadolibre.com.uy/MLU-732177144-pulgas-y-garrapatas-guia-para-veterinarios-d-gram-servet-_JM
MLU732255262,disponible,1.54,Guías Prácticas En Producción Bovina. Diarrea Vírica Bovina (bvd)  De González Rodríguez  Francisco J.. Editorial Edra  Tapa Blanda En Español,https://http2.mlstatic.com/D_771844-MLU71250101292_082023-O.jpg,https://articulo.mercadolibre.com.uy/MLU-732255262-guas-prcticas-en-produccin-bovina-diarrea-vrica-bovina-bvd-de-gonzalez-rodriguez-francisco-j-editorial-edra-tapa-blanda-en-espanol-_JM
MLU732294168,disponible,1.54,Diarrea Vírica Bovina: Diagnóstico Y Prevención Eficaz,https://http2.mlstatic.com/D_771844-MLU71250101292_082023-O.jpg,https://articulo.mercadolibre.com.uy/MLU-732294168-diarrea-virica-bovina-diagnostico-y-prevencion-eficaz-_JM
MLU732294182,disponible,1.54,Guías Prácticas En Producción Porcina. Lawsonia Intracellularis  De Mcorist  Steven. Editorial Servet  Tapa Blanda En Español,https://http2.mlstatic.com/D_746743-MLU70662050537_072023-O.jpg,https://articulo.mercadolibre.com.uy/MLU-732294182-guas-prcticas-en-produccin-porcina-lawsonia-intracellularis-de-mcorist-steven-editorial-servet-tapa-blanda-en-espanol-_JM
MLU732307214,disponible,1.54,Producción Porcina: Manejo De Enfermedades Infecciosas,https://http2.mlstatic.com/D_746743-MLU70662050537_072023-O.jpg,https://articulo.mercadolibre.com.uy/MLU-732307214-produccion-porcina-manejo-de-enfermedades-infecciosas-_JM
MLU733240910,encargo,1.15,Taylor Swift Lover Cd - Pop Internacional Edición 2019 Estándar,https://http2.mlstatic.com/D_918522-MLM47765056949_102021-O.jpg,https://articulo.mercadolibre.com.uy/MLU-733240910-taylor-swift-lover-cd-pop-internacional-edicion-2019-estandar-_JM
MLU733357912,encargo,1.15,- Lover- Cd Versión Estándar 2019 Producido Por Republic Records,https://http2.mlstatic.com/D_966998-MLA99460826524_112025-O.jpg,https://articulo.mercadolibre.com.uy/MLU-733357912--lover-cd-version-estandar-2019-producido-por-republic-records-_JM
MLU735308856,disponible,1.36,Libro Infantil Veterinaria Superstar,https://http2.mlstatic.com/D_777557-MLU84730146442_052025-O.jpg,https://articulo.mercadolibre.com.uy/MLU-735308856-libro-infantil-veterinaria-superstar-_JM
MLU736276724,encargo,1.45,Eternauta El Edicion Especial Historieta C Literatura Com Oesterheld Hector,https://http2.mlstatic.com/D_633774-MLA46598306962_072021-O.jpg,https://articulo.mercadolibre.com.uy/MLU-736276724-eternauta-el-edicion-especial-historieta-c-literatura-com-oesterheld-hector-_JM
MLU736289852,encargo,1.45,El Eternauta La Historieta Original - Oesterheld,https://http2.mlstatic.com/D_633774-MLA46598306962_072021-O.jpg,https://articulo.mercadolibre.com.uy/MLU-736289852-el-eternauta-la-historieta-original-oesterheld-_JM
MLU736315916,disponible,1.39,Mi Maleta De Yoga  De Sofia Rossi. Editorial Eccomi En Español  2024,https://http2.mlstatic.com/D_707375-MLA80912493651_112024-O.jpg,https://articulo.mercadolibre.com.uy/MLU-736315916-mi-maleta-de-yoga-de-sofia-rossi-editorial-eccomi-en-espanol-2024-_JM
MLU736348634,encargo,1.39,El Eternauta: Ciencia Ficción - Oesterheld,https://http2.mlstatic.com/D_882770-MLU78145834745_082024-O.jpg,https://articulo.mercadolibre.com.uy/MLU-736348634-el-eternauta-ciencia-ficcion-oesterheld-_JM
MLU736348636,encargo,1.39,Eternauta  El (nueva Edicion)  De Hector German Oesterhel - Francisco Solano Lopez. Editorial Planeta Cómic  Tapa Blanda En Español,https://http2.mlstatic.com/D_882770-MLU78145834745_082024-O.jpg,https://articulo.mercadolibre.com.uy/MLU-736348636-eternauta-el-nueva-edicion-de-hector-german-oesterhel-francisco-solano-lopez-editorial-planeta-comic-tapa-blanda-en-espanol-_JM
MLU736809484,disponible,1.21,Libro - Cuentos Que Son De Verdá - Grau  Didi - Molina Campo,https://http2.mlstatic.com/D_743432-MLA100025580803_122025-O.jpg,https://articulo.mercadolibre.com.uy/MLU-736809484-libro-cuentos-que-son-de-verda-grau-didi-molina-campo-_JM
MLU736861264,disponible,1.21,Molina Campos Para Niños - Cuentos Criollos Ilustrados,https://http2.mlstatic.com/D_617154-MLU46203494788_052021-O.jpg,https://articulo.mercadolibre.com.uy/MLU-736861264-molina-campos-para-ninos-cuentos-criollos-ilustrados-_JM
MLU737029588,encargo,1.17,Peppa Pig Libro Y Puzzle - Mini Primer Busca Y Encuentra,https://http2.mlstatic.com/D_794302-MLA84140756138_052025-O.jpg,https://articulo.mercadolibre.com.uy/MLU-737029588-peppa-pig-libro-y-puzzle-mini-primer-busca-y-encuentra-_JM
MLU737029590,encargo,1.17,Mi Primer Busca Y Encuentra Puzle Peppa Pig  De Peppa Pig.  Vol. 1. Editorial Pikids  Tapa Blanda En Español  2025,https://http2.mlstatic.com/D_794302-MLA84140756138_052025-O.jpg,https://articulo.mercadolibre.com.uy/MLU-737029590-mi-primer-busca-y-encuentra-puzle-peppa-pig-de-peppa-pig-vol-1-editorial-pikids-tapa-blanda-en-espanol-2025-_JM
MLU737107746,disponible,1.36,Santa Biblia: «reina Valera»: Revisión 1960 (letra Súpergigante)  De Editorial Vida. Editorial Vida En Español  2020,https://http2.mlstatic.com/D_726198-MLU76109569418_052024-O.jpg,https://articulo.mercadolibre.com.uy/MLU-737107746-santa-biblia-reina-valera-revision-1960-letra-supergigante-de-editorial-vida-editorial-vida-en-espanol-2020-_JM
MLU737759766,disponible,1.24,Libro Infantil Veterinaria: Moruchina Aprende Sobre Animales: Moruchina Y La Veterinaria Vega  De Cristina Nieto Paredes. Infantil  Vol. 1. Editorial Apuleyo  Tapa Dura En Español  2024,https://http2.mlstatic.com/D_724150-MLA85194310580_052025-O.jpg,https://articulo.mercadolibre.com.uy/MLU-737759766-libro-infantil-veterinaria-moruchina-aprende-sobre-animales-moruchina-y-la-veterinaria-vega-de-cristina-nieto-paredes-infantil-vol-1-editorial-apuleyo-tapa-dura-en-espanol-2024-_JM
MLU741548546,disponible,1.17,Veterinaria Superstar  De Bernao Torres  Begoña. Editorial Apuleyo Ediciones  Tapa Dura En Español,https://http2.mlstatic.com/D_646857-MLA81486179010_012025-O.jpg,https://articulo.mercadolibre.com.uy/MLU-741548546-veterinaria-superstar-de-bernao-torres-begona-editorial-apuleyo-ediciones-tapa-dura-en-espanol-_JM
MLU748650526,encargo,1.61,Libro Dietoterapia Energética Según Los Cinco Elementos En La Medicina Tradicional China  De Guerín Figueras  Patricia. Editorial Miraguano Ediciones,https://http2.mlstatic.com/D_901376-MLU71479332461_092023-O.jpg,https://articulo.mercadolibre.com.uy/MLU-748650526-libro-dietoterapia-energtica-segn-los-cinco-elementos-en-la-medicina-tradicional-china-de-guerin-figueras-patricia-editorial-miraguano-ediciones-_JM
MLU755016656,encargo,1.44,Libro Mi Primer Busca Y Encuentra Puzzle Mickey Disney,https://http2.mlstatic.com/D_659982-MLU86421435067_062025-O.jpg,https://articulo.mercadolibre.com.uy/MLU-755016656-libro-mi-primer-busca-y-encuentra-puzzle-mickey-disney-_JM
MLU755055492,encargo,1.18,Nirvana Cd In Utero 20 Aniversario Edición Remaster Rock,https://http2.mlstatic.com/D_610371-MLA99937806683_112025-O.jpg,https://articulo.mercadolibre.com.uy/MLU-755055492-nirvana-cd-in-utero-20-aniversario-edicion-remaster-rock-_JM
MLU767365758,encargo,1.64,Pink Floyd Dark Side Of The Moon (50th Anniversary) Cd,https://http2.mlstatic.com/D_882705-MLU72778678110_112023-O.jpg,https://articulo.mercadolibre.com.uy/MLU-767365758-pink-floyd-dark-side-of-the-moon-50th-anniversary-cd-_JM
MLU767391756,disponible,1.54,Guías Prácticas En Producción Bovina. Síndrome Respiratorio Bovino  De Dedonder  Keith D.. Guías Prácticas En Producción Bovina  Vol. 1. Editorial Editorial Servet  Tapa Blanda En Español,https://http2.mlstatic.com/D_625225-MLU78779575286_092024-O.jpg,https://articulo.mercadolibre.com.uy/MLU-767391756-guas-prcticas-en-produccin-bovina-sndrome-respiratorio-bovino-de-dedonder-keith-d-guias-practicas-en-produccion-bovina-vol-1-editorial-editorial-servet-tapa-blanda-en-espanol-_JM
MLU795824572,encargo,1.33,Bluey Cuentos Inglés Bluey Tattle Tales Original,https://http2.mlstatic.com/D_941954-MLU88508931571_072025-O.jpg,https://articulo.mercadolibre.com.uy/MLU-795824572-bluey-cuentos-ingles-bluey-tattle-tales-original-_JM
MLU799177538,encargo,1.37,Abba Gold Greatest Hits Pop Legendario Vinilo 2lp,https://http2.mlstatic.com/D_907355-MLM52009348707_102022-O.jpg,https://articulo.mercadolibre.com.uy/MLU-799177538-abba-gold-greatest-hits-pop-legendario-vinilo-2lp-_JM
MLU799255178,encargo,1.37,Abba Double Vinyl - Disco Dorado Con 2 Lp/imagen  Aniversario De 2022 2022 Aniversario,https://http2.mlstatic.com/D_907355-MLM52009348707_102022-O.jpg,https://articulo.mercadolibre.com.uy/MLU-799255178-abba-double-vinyl-disco-dorado-con-2-lpimagen-aniversario-de-2022-2022-aniversario-_JM
MLU801646852,disponible,1.39,Benavent Novelas Imprescindibles  Boxset  Novela Contemporán,https://http2.mlstatic.com/D_875122-MLA81088425229_122024-O.jpg,https://articulo.mercadolibre.com.uy/MLU-801646852-benavent-novelas-imprescindibles-boxset-novela-contemporan-_JM
MLU801672832,disponible,1.39,Estuche Elisabet Benavent. Novelas Imprescindibles.  De Benavent  Elisabet.  Vol. 3. Editorial Debolsillo  Tapa Blanda En Español  2024,https://http2.mlstatic.com/D_875122-MLA81088425229_122024-O.jpg,https://articulo.mercadolibre.com.uy/MLU-801672832-estuche-elisabet-benavent-novelas-imprescindibles-de-benavent-elisabet-vol-3-editorial-debolsillo-tapa-blanda-en-espanol-2024-_JM
MLU801802942,encargo,1.20,Mi Primera Biblia Siempre Conmigo Infantil Ilustrada,https://http2.mlstatic.com/D_709886-MLU88974158215_072025-O.jpg,https://articulo.mercadolibre.com.uy/MLU-801802942-mi-primera-biblia-siempre-conmigo-infantil-ilustrada-_JM
MLU804690566,disponible,2.26,Tierras Y Gentes Rba 25 Tomos Colección Premium Completa,https://http2.mlstatic.com/D_702821-MLU89346767057_082025-O.jpg,https://articulo.mercadolibre.com.uy/MLU-804690566-tierras-y-gentes-rba-25-tomos-coleccion-premium-completa-_JM
MLU806183598,encargo,1.23,Hechizos  De Anderson  Lorraine. 2469  Vol. 1. Editorial Arkano Books  Tapa Blanda  Edición 1 En Castellano  2025,https://http2.mlstatic.com/D_663675-MLA87120095994_072025-O.jpg,https://articulo.mercadolibre.com.uy/MLU-806183598-hechizos-de-anderson-lorraine-2469-vol-1-editorial-arkano-books-tapa-blanda-edicion-1-en-castellano-2025-_JM
MLU806248604,encargo,1.23,Hechizos Baraja Encantamiento Magia Oráculo Cartas Tarot,https://http2.mlstatic.com/D_663675-MLA87120095994_072025-O.jpg,https://articulo.mercadolibre.com.uy/MLU-806248604-hechizos-baraja-encantamiento-magia-oraculo-cartas-tarot-_JM
MLU806848328,disponible,1.87,Oráculo Magicka Mensajes Para Llenar Tu Vida De Magia Tarot,https://http2.mlstatic.com/D_921433-MLU89464037339_082025-O.jpg,https://articulo.mercadolibre.com.uy/MLU-806848328-oraculo-magicka-mensajes-para-llenar-tu-vida-de-magia-tarot-_JM
MLU823668972,disponible,1.78,Padrillos Del Uruguay 2015 - Raza Criolla Catálogo,https://http2.mlstatic.com/D_630761-MLU89948814883_082025-O.jpg,https://articulo.mercadolibre.com.uy/MLU-823668972-padrillos-del-uruguay-2015-raza-criolla-catalogo-_JM
MLU845044658,encargo,1.85,Mi Cofre De Baño Libro Acordeón + 4 Juguetes Baño,https://http2.mlstatic.com/D_699468-MLU90752385328_082025-O.jpg,https://articulo.mercadolibre.com.uy/MLU-845044658-mi-cofre-de-bano-libro-acordeon-4-juguetes-bano-_JM
MLU845057456,encargo,1.33,Stitch Megalibro Para Colorear Disney Uruguay Oferta,https://http2.mlstatic.com/D_965360-MLU90749066176_082025-O.jpg,https://articulo.mercadolibre.com.uy/MLU-845057456-stitch-megalibro-para-colorear-disney-uruguay-oferta-_JM
MLU845072760,disponible,1.20,El Secreto Ense Anzas Diarias (secret Daily Teachings; Spanish Edition)  De Rhonda Byrne. Editorial Simon Schuster  Tapa Dura En Español,https://http2.mlstatic.com/D_602422-MLA82168204306_022025-O.jpg,https://articulo.mercadolibre.com.uy/MLU-845072760-el-secreto-ense-anzas-diarias-secret-daily-teachings-spanish-edition-de-rhonda-byrne-editorial-simon-schuster-tapa-dura-en-espanol-_JM
MLU848770882,encargo,1.33,Pack 4 Revistas Crochet Calados  Zapatos  Amigurumis  Bufand,https://http2.mlstatic.com/D_833781-MLU91435170721_092025-O.jpg,https://articulo.mercadolibre.com.uy/MLU-848770882-pack-4-revistas-crochet-calados-zapatos-amigurumis-bufand-_JM
MLU848814002,encargo,1.45,Pack 4 Revistas Crochet Calados  Zapatos  Accesorios  Bufand,https://http2.mlstatic.com/D_894086-MLU91290685957_082025-O.jpg,https://articulo.mercadolibre.com.uy/MLU-848814002-pack-4-revistas-crochet-calados-zapatos-accesorios-bufand-_JM
MLU852399334,disponible,1.65,Baúl Harry Potter Hogwarts  De Jk Rowling.  Vol. 1. Editorial Running Press  Tapa Blanda En Inglés  2021,https://http2.mlstatic.com/D_644906-MLU69738890066_062023-O.jpg,https://articulo.mercadolibre.com.uy/MLU-852399334-baul-harry-potter-hogwarts-de-jk-rowling-vol-1-editorial-running-press-tapa-blanda-en-ingles-2021-_JM
MLU852477222,disponible,1.25,Harry Potter Valija Coleccionista Hogwarts Inglés Set,https://http2.mlstatic.com/D_621288-MLU91650582801_092025-O.jpg,https://articulo.mercadolibre.com.uy/MLU-852477222-harry-potter-valija-coleccionista-hogwarts-ingles-set-_JM
MLU852926196,disponible,1.51,Vinilo 7 Pulgadas Motosierra Uruguay Buzo Nuevo La Marcos Estándar,https://http2.mlstatic.com/D_625228-MLU91727997310_092025-O.jpg,https://articulo.mercadolibre.com.uy/MLU-852926196-vinilo-7-pulgadas-motosierra-uruguay-buzo-nuevo-la-marcos-estandar-_JM
MLU853018912,disponible,1.88,Kit Fluidez Lectora Y Comprensión Juego Velocidad Lectura,https://http2.mlstatic.com/D_639813-MLU92229704463_092025-O.jpg,https://articulo.mercadolibre.com.uy/MLU-853018912-kit-fluidez-lectora-y-comprension-juego-velocidad-lectura-_JM
MLU862971558,disponible,1.46,Superquiz Deportes  Cartas Trivia Fútbol Básquet,https://http2.mlstatic.com/D_773393-MLU92511860075_092025-O.jpg,https://articulo.mercadolibre.com.uy/MLU-862971558-superquiz-deportes-cartas-trivia-futbol-basquet-_JM
MLU862997674,encargo,1.29,Match Rufina Cocina Juego Cartas Rapidez Visual,https://http2.mlstatic.com/D_972521-MLU92108777426_092025-O.jpg,https://articulo.mercadolibre.com.uy/MLU-862997674-match-rufina-cocina-juego-cartas-rapidez-visual-_JM
MLU863179814,disponible,1.46,Challenge Carta Memoria Visual Atención Razonamiento 8 Año,https://http2.mlstatic.com/D_878513-MLU92109356766_092025-O.jpg,https://articulo.mercadolibre.com.uy/MLU-863179814-challenge-carta-memoria-visual-atencion-razonamiento-8-ano-_JM
MLU863201888,disponible,1.22,Kit Memoria Cognitiva Vuelta Al Mundo Juego Estimulacion,https://http2.mlstatic.com/D_654272-MLU92304697073_092025-O.jpg,https://articulo.mercadolibre.com.uy/MLU-863201888-kit-memoria-cognitiva-vuelta-al-mundo-juego-estimulacion-_JM
MLU863205210,disponible,1.46,Superquiz Películas  Cartas Trivia Cine,https://http2.mlstatic.com/D_833179-MLU92094830314_092025-O.jpg,https://articulo.mercadolibre.com.uy/MLU-863205210-superquiz-peliculas-cartas-trivia-cine-_JM
MLU863214786,disponible,1.25,Conciencia Fonológica  Juegos Y Ejercicios Lectura,https://http2.mlstatic.com/D_818863-MLU70470552822_072023-O.jpg,https://articulo.mercadolibre.com.uy/MLU-863214786-conciencia-fonologica-juegos-y-ejercicios-lectura-_JM
MLU863244436,disponible,1.53,Club Del Jaque Juego Fonológico Lectoescritura,https://http2.mlstatic.com/D_785627-MLU92107022590_092025-O.jpg,https://articulo.mercadolibre.com.uy/MLU-863244436-club-del-jaque-juego-fonologico-lectoescritura-_JM
MLU863292840,disponible,1.16,Kit Desarrollo De La Conciencia Fonológica Tarjetas Juegos,https://http2.mlstatic.com/D_998704-MLU92303370763_092025-O.jpg,https://articulo.mercadolibre.com.uy/MLU-863292840-kit-desarrollo-de-la-conciencia-fonologica-tarjetas-juegos-_JM
MLU863357770,disponible,1.25,Conciencia Fonológica: Cuadernillo De Entrenamiento  De Veronica Cassiraga  Alejandra Gettar.  Vol. 1. Editorial Neuroaprendizaje Infantil  Tapa Blanda  Edición Manual En Español  2022,https://http2.mlstatic.com/D_818863-MLU70470552822_072023-O.jpg,https://articulo.mercadolibre.com.uy/MLU-863357770-conciencia-fonologica-cuadernillo-de-entrenamiento-de-veronica-cassiraga-alejandra-gettar-vol-1-editorial-neuroaprendizaje-infantil-tapa-blanda-edicion-manual-en-espanol-2022-_JM
MLU866399642,disponible,1.44,Superquiz Animales  Cartas Preguntas Fauna,https://http2.mlstatic.com/D_749406-MLU92512238645_092025-O.jpg,https://articulo.mercadolibre.com.uy/MLU-866399642-superquiz-animales-cartas-preguntas-fauna-_JM
MLU868961626,encargo,1.18,Nicolás Va Al Médico - Libro Infantil Ilustrado,https://http2.mlstatic.com/D_677203-MLU92696849829_092025-O.jpg,https://articulo.mercadolibre.com.uy/MLU-868961626-nicolas-va-al-medico-libro-infantil-ilustrado-_JM
MLU879555718,encargo,1.31,Audiocuentos Granja De Zenon Libro + Figura N° 7 Bataraza,https://http2.mlstatic.com/D_749289-MLA49900349697_052022-O.jpg,https://articulo.mercadolibre.com.uy/MLU-879555718-audiocuentos-granja-de-zenon-libro-figura-n-7-bataraza-_JM
MLU884359170,encargo,2.11,Oráculo Despertar Espiritual Witchie Vibes  De 45 Cartas En Español,https://http2.mlstatic.com/D_619907-MLA99935673657_112025-O.jpg,https://articulo.mercadolibre.com.uy/MLU-884359170-oraculo-despertar-espiritual-witchie-vibes-de-45-cartas-en-espanol-_JM
MLU886406684,encargo,2.12,Oráculo Despertar Espiritual Cartas Tarot Guía,https://http2.mlstatic.com/D_752520-MLU93547145174_102025-O.jpg,https://articulo.mercadolibre.com.uy/MLU-886406684-oraculo-despertar-espiritual-cartas-tarot-guia-_JM
MLU888409620,encargo,1.36,Con Ustedes... ¡nuestro Cerebro!: Una Historia De Cómo Desciframos La Mente Humana (y Lo Que Queda Por Saber)  De Stanislas Dehaene.  Vol. 1. Editorial Clave Intelectual  Tapa Blanda En Español,https://http2.mlstatic.com/D_806666-MLA79617017529_092024-O.jpg,https://articulo.mercadolibre.com.uy/MLU-888409620-con-ustedes-nuestro-cerebro-una-historia-de-como-desciframos-la-mente-humana-y-lo-que-queda-por-saber-de-stanislas-dehaene-vol-1-editorial-clave-intelectual-tapa-blanda-en-espanol-_JM
MLU889929526,encargo,1.18,Libro Soy Mayor - !al Baño!,https://http2.mlstatic.com/D_703752-MLC49693837980_042022-O.jpg,https://articulo.mercadolibre.com.uy/MLU-889929526-libro-soy-mayor-al-bano-_JM
MLU889929528,disponible,1.36,Libro Gran Libro Del Péndulo - Markus Schirner,https://http2.mlstatic.com/D_992318-MLC47213778714_082021-O.jpg,https://articulo.mercadolibre.com.uy/MLU-889929528-libro-gran-libro-del-pendulo-markus-schirner-_JM
MLU889968514,disponible,1.48,Actitud Mental Positiva - Napoleon Hill Y W. Clement Stone,https://http2.mlstatic.com/D_766448-MLA79427911520_092024-O.jpg,https://articulo.mercadolibre.com.uy/MLU-889968514-actitud-mental-positiva-napoleon-hill-y-w-clement-stone-_JM
MLU889981510,encargo,1.36,El Oráculo Del Viaje Del Héroe  De Graciela Caprarulo. Editorial El Hilo De Ariadna  Tapa Blanda En Español  2022,https://http2.mlstatic.com/D_797998-MLU54976397237_042023-O.jpg,https://articulo.mercadolibre.com.uy/MLU-889981510-el-oraculo-del-viaje-del-heroe-de-graciela-caprarulo-editorial-el-hilo-de-ariadna-tapa-blanda-en-espanol-2022-_JM
MLU898470844,encargo,1.67,The Beatles - Let It Be: 50th Anniversary - Deluxe (2cd)-,https://http2.mlstatic.com/D_634241-MLA94299576707_102025-O.jpg,https://articulo.mercadolibre.com.uy/MLU-898470844-the-beatles-let-it-be-50th-anniversary-deluxe-2cd--_JM
MLU898574870,encargo,1.67,The Beatles - Let It Be (50th Anniversary  2cds Deluxe Edition)- Cd 2021 Producido Por Capitol/universal - Incluye Pistas Adicionales,https://http2.mlstatic.com/D_795932-MLA99507075142_112025-O.jpg,https://articulo.mercadolibre.com.uy/MLU-898574870-the-beatles-let-it-be-50th-anniversary-2cds-deluxe-edition-cd-2021-producido-por-capitoluniversal-incluye-pistas-adicionales-_JM
MLU907478784,disponible,1.38,Piano Básico Bastien Nivel Elemental Libro Principiantes,https://http2.mlstatic.com/D_621526-MLU95394784844_102025-O.jpg,https://articulo.mercadolibre.com.uy/MLU-907478784-piano-basico-bastien-nivel-elemental-libro-principiantes-_JM
MLU912827742,disponible,1.58,Judas Priest Ram It Down Edición Coleccionista - Cd,https://http2.mlstatic.com/D_885393-MLA99996661549_112025-O.jpg,https://articulo.mercadolibre.com.uy/MLU-912827742-judas-priest-ram-it-down-edicion-coleccionista-cd-_JM
MLU912837496,disponible,1.63,Libro Gggb Nick Paw Patrol  De Varios  Vol. 1. Editorial Phoenix International Publications  Tapa Dura (2025),https://http2.mlstatic.com/D_689633-MLA91751852761_092025-O.jpg,https://articulo.mercadolibre.com.uy/MLU-912837496-libro-gggb-nick-paw-patrol-de-varios-vol-1-editorial-phoenix-international-publications-tapa-dura-2025-_JM
MLU912853130,encargo,1.69,Los Primeros 90 Dias - Michael Watkins,https://http2.mlstatic.com/D_794877-MLA33029931878_112019-O.jpg,https://articulo.mercadolibre.com.uy/MLU-912853130-los-primeros-90-dias-michael-watkins-_JM
MLU912996856,disponible,1.58,Judas Priest Ram It Down Edición Coleccionista - Cd,https://http2.mlstatic.com/D_818474-MLA93607284478_102025-O.jpg,https://articulo.mercadolibre.com.uy/MLU-912996856-judas-priest-ram-it-down-edicion-coleccionista-cd-_JM
MLU913186664,encargo,4.81,Reiki Chamanico - Roberts Llyn,https://http2.mlstatic.com/D_963332-MLU74831736670_032024-O.jpg,https://articulo.mercadolibre.com.uy/MLU-913186664-reiki-chamanico-roberts-llyn-_JM
MLU914240560,disponible,1.25,El Pequeño Oráculo De La Mision De Tu Alma,https://http2.mlstatic.com/D_959084-MLU95958862623_102025-O.jpg,https://articulo.mercadolibre.com.uy/MLU-914240560-el-pequeno-oraculo-de-la-mision-de-tu-alma-_JM
MLU922274306,encargo,1.20,Metallica 72 Seasons Cd Rock 2023 Usa Blackened,https://http2.mlstatic.com/D_723885-MLA99447996218_112025-O.jpg,https://articulo.mercadolibre.com.uy/MLU-922274306-metallica-72-seasons-cd-rock-2023-usa-blackened-_JM
MLU922313326,encargo,1.20,Metallica 72 Seasons Cd Álbum Original,https://http2.mlstatic.com/D_679769-MLU69662999113_052023-O.jpg,https://articulo.mercadolibre.com.uy/MLU-922313326-metallica-72-seasons-cd-album-original-_JM
MLU923677652,disponible,1.22,Libro Kit Memoria Cognitiva Vuelta Al Mundo Juego Estimulacion  De Varios Autores. Editorial Neuroaprendizaje Infantil (2021),https://http2.mlstatic.com/D_996509-MLA95812944397_102025-O.jpg,https://articulo.mercadolibre.com.uy/MLU-923677652-libro-kit-memoria-cognitiva-vuelta-al-mundo-juego-estimulacion-de-varios-autores-editorial-neuroaprendizaje-infantil-2021-_JM
MLU924951504,disponible,1.88,Libro Kit Fluidez Lectora Y Comprensión  De Laura Cutrone. Editorial Neuroaprendizaje Infantil (2023),https://http2.mlstatic.com/D_913461-MLA95974097937_102025-O.jpg,https://articulo.mercadolibre.com.uy/MLU-924951504-libro-kit-fluidez-lectora-y-comprension-de-laura-cutrone-editorial-neuroaprendizaje-infantil-2023-_JM
